hour_start_utc,station,site_id,notified_mw,turned_down_mw
2026-09-23T23:00Z,Beatrice,beatrice,15,0
2026-09-23T23:00Z,Burbo Bank Extension,burbo,0,0
2026-09-23T23:00Z,Clyde,clyde,5,0
2026-09-23T23:00Z,Cruachan,cruachan,0,0
2026-09-23T23:00Z,Dinorwig,dinorwig,0,0
2026-09-23T23:00Z,Dogger Bank A,doggerA,480,0
2026-09-23T23:00Z,Dogger Bank B,doggerB,350,0
2026-09-23T23:00Z,Drax,drax,2490,0
2026-09-23T23:00Z,East Anglia ONE,ea1,300,0
2026-09-23T23:00Z,Ffestiniog,ffestiniog,0,0
2026-09-23T23:00Z,Foyers,foyers,0,0
2026-09-23T23:00Z,Galloper,galloper,120,0
2026-09-23T23:00Z,Grain,grainpp,805,0
2026-09-23T23:00Z,Greater Gabbard,gabbard,160,0
2026-09-23T23:00Z,Gwynt y Môr,gym,5,0
2026-09-23T23:00Z,Hartlepool,hartlepool,580,0
2026-09-23T23:00Z,Heysham 1,heysham1,395,0
2026-09-23T23:00Z,Heysham 2,heysham2,545,0
2026-09-23T23:00Z,Hornsea One,hornsea1,615,0
2026-09-23T23:00Z,Hornsea Two,hornsea2,605,0
2026-09-23T23:00Z,Keadby 2,keadby2,845,0
2026-09-23T23:00Z,Moray East,morayeast,30,0
2026-09-23T23:00Z,Moray West,moraywest,30,0
2026-09-23T23:00Z,Neart na Gaoithe,nng,0,0
2026-09-23T23:00Z,Pembroke,pembroke,2100,0
2026-09-23T23:00Z,Pen y Cymoedd,penycymoedd,15,0
2026-09-23T23:00Z,Race Bank,racebank,50,0
2026-09-23T23:00Z,Rampion,rampion,130,0
2026-09-23T23:00Z,Seagreen,seagreen,5,0
2026-09-23T23:00Z,Sizewell B,sizewellb,1185,0
2026-09-23T23:00Z,Staythorpe,staythorpe,1250,0
2026-09-23T23:00Z,Torness,torness,1305,0
2026-09-23T23:00Z,Triton Knoll,triton,50,0
2026-09-23T23:00Z,Viking Link,viking,70,0
2026-09-23T23:00Z,Walney 1 & 2,walney,0,0
2026-09-23T23:00Z,Walney Extension,walneyx,0,0
2026-09-23T23:00Z,West Burton B,westburton,425,0
2026-09-23T23:00Z,Whitelee,whitelee,0,0
2026-09-23T23:00Z,connahsquay,connahsquay,0,0
2026-09-24T00:00Z,Beatrice,beatrice,10,0
2026-09-24T00:00Z,Burbo Bank Extension,burbo,0,0
2026-09-24T00:00Z,Clyde,clyde,0,0
2026-09-24T00:00Z,Cruachan,cruachan,0,0
2026-09-24T00:00Z,Dinorwig,dinorwig,0,0
2026-09-24T00:00Z,Dogger Bank A,doggerA,460,0
2026-09-24T00:00Z,Dogger Bank B,doggerB,315,0
2026-09-24T00:00Z,Drax,drax,2490,0
2026-09-24T00:00Z,East Anglia ONE,ea1,190,0
2026-09-24T00:00Z,Ffestiniog,ffestiniog,0,0
2026-09-24T00:00Z,Foyers,foyers,0,0
2026-09-24T00:00Z,Galloper,galloper,85,0
2026-09-24T00:00Z,Grain,grainpp,810,0
2026-09-24T00:00Z,Greater Gabbard,gabbard,135,0
2026-09-24T00:00Z,Gwynt y Môr,gym,5,0
2026-09-24T00:00Z,Hartlepool,hartlepool,580,0
2026-09-24T00:00Z,Heysham 1,heysham1,395,0
2026-09-24T00:00Z,Heysham 2,heysham2,545,0
2026-09-24T00:00Z,Hornsea One,hornsea1,490,0
2026-09-24T00:00Z,Hornsea Two,hornsea2,470,0
2026-09-24T00:00Z,Keadby 2,keadby2,845,0
2026-09-24T00:00Z,Moray East,morayeast,25,0
2026-09-24T00:00Z,Moray West,moraywest,25,0
2026-09-24T00:00Z,Neart na Gaoithe,nng,0,0
2026-09-24T00:00Z,Pembroke,pembroke,2100,0
2026-09-24T00:00Z,Pen y Cymoedd,penycymoedd,10,0
2026-09-24T00:00Z,Race Bank,racebank,20,0
2026-09-24T00:00Z,Rampion,rampion,100,0
2026-09-24T00:00Z,Seagreen,seagreen,0,0
2026-09-24T00:00Z,Sizewell B,sizewellb,1185,0
2026-09-24T00:00Z,Staythorpe,staythorpe,1250,0
2026-09-24T00:00Z,Torness,torness,1305,0
2026-09-24T00:00Z,Triton Knoll,triton,20,0
2026-09-24T00:00Z,Viking Link,viking,45,0
2026-09-24T00:00Z,Walney 1 & 2,walney,0,0
2026-09-24T00:00Z,Walney Extension,walneyx,0,0
2026-09-24T00:00Z,West Burton B,westburton,425,0
2026-09-24T00:00Z,Whitelee,whitelee,0,0
2026-09-24T00:00Z,connahsquay,connahsquay,0,0
2026-09-24T01:00Z,Beatrice,beatrice,5,0
2026-09-24T01:00Z,Burbo Bank Extension,burbo,0,0
2026-09-24T01:00Z,Clyde,clyde,5,0
2026-09-24T01:00Z,Cruachan,cruachan,0,0
2026-09-24T01:00Z,Dinorwig,dinorwig,0,0
2026-09-24T01:00Z,Dogger Bank A,doggerA,425,0
2026-09-24T01:00Z,Dogger Bank B,doggerB,285,0
2026-09-24T01:00Z,Drax,drax,2475,0
2026-09-24T01:00Z,East Anglia ONE,ea1,185,0
2026-09-24T01:00Z,Ffestiniog,ffestiniog,0,0
2026-09-24T01:00Z,Foyers,foyers,0,0
2026-09-24T01:00Z,Galloper,galloper,65,0
2026-09-24T01:00Z,Grain,grainpp,810,0
2026-09-24T01:00Z,Greater Gabbard,gabbard,90,0
2026-09-24T01:00Z,Gwynt y Môr,gym,5,0
2026-09-24T01:00Z,Hartlepool,hartlepool,580,0
2026-09-24T01:00Z,Heysham 1,heysham1,395,0
2026-09-24T01:00Z,Heysham 2,heysham2,545,0
2026-09-24T01:00Z,Hornsea One,hornsea1,395,0
2026-09-24T01:00Z,Hornsea Two,hornsea2,370,0
2026-09-24T01:00Z,Keadby 2,keadby2,840,0
2026-09-24T01:00Z,Moray East,morayeast,30,0
2026-09-24T01:00Z,Moray West,moraywest,30,0
2026-09-24T01:00Z,Neart na Gaoithe,nng,0,0
2026-09-24T01:00Z,Pembroke,pembroke,2100,0
2026-09-24T01:00Z,Pen y Cymoedd,penycymoedd,15,0
2026-09-24T01:00Z,Race Bank,racebank,25,0
2026-09-24T01:00Z,Rampion,rampion,85,0
2026-09-24T01:00Z,Seagreen,seagreen,0,0
2026-09-24T01:00Z,Sizewell B,sizewellb,1185,0
2026-09-24T01:00Z,Staythorpe,staythorpe,1250,0
2026-09-24T01:00Z,Torness,torness,1305,0
2026-09-24T01:00Z,Triton Knoll,triton,10,0
2026-09-24T01:00Z,Viking Link,viking,25,0
2026-09-24T01:00Z,Walney 1 & 2,walney,0,0
2026-09-24T01:00Z,Walney Extension,walneyx,0,0
2026-09-24T01:00Z,West Burton B,westburton,430,0
2026-09-24T01:00Z,Whitelee,whitelee,5,0
2026-09-24T01:00Z,connahsquay,connahsquay,0,0
2026-09-24T02:00Z,Beatrice,beatrice,5,0
2026-09-24T02:00Z,Burbo Bank Extension,burbo,0,0
2026-09-24T02:00Z,Clyde,clyde,5,0
2026-09-24T02:00Z,Cruachan,cruachan,0,0
2026-09-24T02:00Z,Dinorwig,dinorwig,0,0
2026-09-24T02:00Z,Dogger Bank A,doggerA,365,0
2026-09-24T02:00Z,Dogger Bank B,doggerB,220,0
2026-09-24T02:00Z,Drax,drax,2475,0
2026-09-24T02:00Z,East Anglia ONE,ea1,160,0
2026-09-24T02:00Z,Ffestiniog,ffestiniog,0,0
2026-09-24T02:00Z,Foyers,foyers,0,0
2026-09-24T02:00Z,Galloper,galloper,50,0
2026-09-24T02:00Z,Grain,grainpp,810,0
2026-09-24T02:00Z,Greater Gabbard,gabbard,65,0
2026-09-24T02:00Z,Gwynt y Môr,gym,5,0
2026-09-24T02:00Z,Hartlepool,hartlepool,580,0
2026-09-24T02:00Z,Heysham 1,heysham1,395,0
2026-09-24T02:00Z,Heysham 2,heysham2,545,0
2026-09-24T02:00Z,Hornsea One,hornsea1,320,0
2026-09-24T02:00Z,Hornsea Two,hornsea2,285,0
2026-09-24T02:00Z,Keadby 2,keadby2,840,0
2026-09-24T02:00Z,Moray East,morayeast,40,0
2026-09-24T02:00Z,Moray West,moraywest,40,0
2026-09-24T02:00Z,Neart na Gaoithe,nng,15,0
2026-09-24T02:00Z,Pembroke,pembroke,2095,0
2026-09-24T02:00Z,Pen y Cymoedd,penycymoedd,20,0
2026-09-24T02:00Z,Race Bank,racebank,15,0
2026-09-24T02:00Z,Rampion,rampion,85,0
2026-09-24T02:00Z,Seagreen,seagreen,0,0
2026-09-24T02:00Z,Sizewell B,sizewellb,1185,0
2026-09-24T02:00Z,Staythorpe,staythorpe,1255,0
2026-09-24T02:00Z,Torness,torness,1305,0
2026-09-24T02:00Z,Triton Knoll,triton,5,0
2026-09-24T02:00Z,Viking Link,viking,10,0
2026-09-24T02:00Z,Walney 1 & 2,walney,5,0
2026-09-24T02:00Z,Walney Extension,walneyx,10,0
2026-09-24T02:00Z,West Burton B,westburton,430,0
2026-09-24T02:00Z,Whitelee,whitelee,10,0
2026-09-24T02:00Z,connahsquay,connahsquay,0,0
2026-09-24T03:00Z,Beatrice,beatrice,15,0
2026-09-24T03:00Z,Burbo Bank Extension,burbo,5,0
2026-09-24T03:00Z,Clyde,clyde,10,0
2026-09-24T03:00Z,Cruachan,cruachan,0,0
2026-09-24T03:00Z,Dinorwig,dinorwig,0,0
2026-09-24T03:00Z,Dogger Bank A,doggerA,280,0
2026-09-24T03:00Z,Dogger Bank B,doggerB,160,0
2026-09-24T03:00Z,Drax,drax,2475,0
2026-09-24T03:00Z,East Anglia ONE,ea1,155,0
2026-09-24T03:00Z,Ffestiniog,ffestiniog,0,0
2026-09-24T03:00Z,Foyers,foyers,0,0
2026-09-24T03:00Z,Galloper,galloper,45,0
2026-09-24T03:00Z,Grain,grainpp,810,0
2026-09-24T03:00Z,Greater Gabbard,gabbard,55,0
2026-09-24T03:00Z,Gwynt y Môr,gym,15,0
2026-09-24T03:00Z,Hartlepool,hartlepool,580,0
2026-09-24T03:00Z,Heysham 1,heysham1,395,0
2026-09-24T03:00Z,Heysham 2,heysham2,545,0
2026-09-24T03:00Z,Hornsea One,hornsea1,225,0
2026-09-24T03:00Z,Hornsea Two,hornsea2,200,0
2026-09-24T03:00Z,Keadby 2,keadby2,840,0
2026-09-24T03:00Z,Moray East,morayeast,80,0
2026-09-24T03:00Z,Moray West,moraywest,80,0
2026-09-24T03:00Z,Neart na Gaoithe,nng,35,0
2026-09-24T03:00Z,Pembroke,pembroke,2090,0
2026-09-24T03:00Z,Pen y Cymoedd,penycymoedd,25,0
2026-09-24T03:00Z,Race Bank,racebank,5,0
2026-09-24T03:00Z,Rampion,rampion,75,0
2026-09-24T03:00Z,Seagreen,seagreen,0,0
2026-09-24T03:00Z,Sizewell B,sizewellb,1185,0
2026-09-24T03:00Z,Staythorpe,staythorpe,1255,0
2026-09-24T03:00Z,Torness,torness,1305,0
2026-09-24T03:00Z,Triton Knoll,triton,5,0
2026-09-24T03:00Z,Viking Link,viking,0,0
2026-09-24T03:00Z,Walney 1 & 2,walney,10,0
2026-09-24T03:00Z,Walney Extension,walneyx,20,0
2026-09-24T03:00Z,West Burton B,westburton,430,0
2026-09-24T03:00Z,Whitelee,whitelee,15,0
2026-09-24T03:00Z,connahsquay,connahsquay,0,0
2026-09-24T04:00Z,Beatrice,beatrice,45,0
2026-09-24T04:00Z,Burbo Bank Extension,burbo,20,0
2026-09-24T04:00Z,Clyde,clyde,20,0
2026-09-24T04:00Z,Cruachan,cruachan,0,0
2026-09-24T04:00Z,Dinorwig,dinorwig,0,0
2026-09-24T04:00Z,Dogger Bank A,doggerA,205,0
2026-09-24T04:00Z,Dogger Bank B,doggerB,110,0
2026-09-24T04:00Z,Drax,drax,2475,0
2026-09-24T04:00Z,East Anglia ONE,ea1,90,0
2026-09-24T04:00Z,Ffestiniog,ffestiniog,0,0
2026-09-24T04:00Z,Foyers,foyers,0,0
2026-09-24T04:00Z,Galloper,galloper,40,0
2026-09-24T04:00Z,Grain,grainpp,810,0
2026-09-24T04:00Z,Greater Gabbard,gabbard,50,0
2026-09-24T04:00Z,Gwynt y Môr,gym,35,0
2026-09-24T04:00Z,Hartlepool,hartlepool,580,0
2026-09-24T04:00Z,Heysham 1,heysham1,395,0
2026-09-24T04:00Z,Heysham 2,heysham2,545,0
2026-09-24T04:00Z,Hornsea One,hornsea1,205,0
2026-09-24T04:00Z,Hornsea Two,hornsea2,165,0
2026-09-24T04:00Z,Keadby 2,keadby2,840,0
2026-09-24T04:00Z,Moray East,morayeast,120,0
2026-09-24T04:00Z,Moray West,moraywest,105,0
2026-09-24T04:00Z,Neart na Gaoithe,nng,0,0
2026-09-24T04:00Z,Pembroke,pembroke,2085,0
2026-09-24T04:00Z,Pen y Cymoedd,penycymoedd,30,0
2026-09-24T04:00Z,Race Bank,racebank,0,0
2026-09-24T04:00Z,Rampion,rampion,70,0
2026-09-24T04:00Z,Seagreen,seagreen,15,0
2026-09-24T04:00Z,Sizewell B,sizewellb,1185,0
2026-09-24T04:00Z,Staythorpe,staythorpe,1255,0
2026-09-24T04:00Z,Torness,torness,1305,0
2026-09-24T04:00Z,Triton Knoll,triton,0,0
2026-09-24T04:00Z,Viking Link,viking,0,0
2026-09-24T04:00Z,Walney 1 & 2,walney,25,0
2026-09-24T04:00Z,Walney Extension,walneyx,55,0
2026-09-24T04:00Z,West Burton B,westburton,430,0
2026-09-24T04:00Z,Whitelee,whitelee,30,0
2026-09-24T04:00Z,connahsquay,connahsquay,0,0
2026-09-24T05:00Z,Beatrice,beatrice,110,0
2026-09-24T05:00Z,Burbo Bank Extension,burbo,45,0
2026-09-24T05:00Z,Clyde,clyde,40,0
2026-09-24T05:00Z,Cruachan,cruachan,180,0
2026-09-24T05:00Z,Dinorwig,dinorwig,0,0
2026-09-24T05:00Z,Dogger Bank A,doggerA,160,0
2026-09-24T05:00Z,Dogger Bank B,doggerB,80,0
2026-09-24T05:00Z,Drax,drax,2475,0
2026-09-24T05:00Z,East Anglia ONE,ea1,75,0
2026-09-24T05:00Z,Ffestiniog,ffestiniog,0,0
2026-09-24T05:00Z,Foyers,foyers,145,0
2026-09-24T05:00Z,Galloper,galloper,30,0
2026-09-24T05:00Z,Grain,grainpp,805,0
2026-09-24T05:00Z,Greater Gabbard,gabbard,40,0
2026-09-24T05:00Z,Gwynt y Môr,gym,70,0
2026-09-24T05:00Z,Hartlepool,hartlepool,580,0
2026-09-24T05:00Z,Heysham 1,heysham1,395,0
2026-09-24T05:00Z,Heysham 2,heysham2,545,0
2026-09-24T05:00Z,Hornsea One,hornsea1,140,0
2026-09-24T05:00Z,Hornsea Two,hornsea2,100,0
2026-09-24T05:00Z,Keadby 2,keadby2,840,0
2026-09-24T05:00Z,Moray East,morayeast,150,25
2026-09-24T05:00Z,Moray West,moraywest,180,0
2026-09-24T05:00Z,Neart na Gaoithe,nng,0,0
2026-09-24T05:00Z,Pembroke,pembroke,2115,0
2026-09-24T05:00Z,Pen y Cymoedd,penycymoedd,30,0
2026-09-24T05:00Z,Race Bank,racebank,0,0
2026-09-24T05:00Z,Rampion,rampion,65,0
2026-09-24T05:00Z,Seagreen,seagreen,65,0
2026-09-24T05:00Z,Sizewell B,sizewellb,1190,0
2026-09-24T05:00Z,Staythorpe,staythorpe,1265,0
2026-09-24T05:00Z,Torness,torness,1305,0
2026-09-24T05:00Z,Triton Knoll,triton,0,0
2026-09-24T05:00Z,Viking Link,viking,5,0
2026-09-24T05:00Z,Walney 1 & 2,walney,50,0
2026-09-24T05:00Z,Walney Extension,walneyx,125,0
2026-09-24T05:00Z,West Burton B,westburton,430,0
2026-09-24T05:00Z,Whitelee,whitelee,40,0
2026-09-24T05:00Z,connahsquay,connahsquay,0,0
2026-09-24T06:00Z,Beatrice,beatrice,220,0
2026-09-24T06:00Z,Burbo Bank Extension,burbo,65,0
2026-09-24T06:00Z,Clyde,clyde,55,0
2026-09-24T06:00Z,Cruachan,cruachan,240,0
2026-09-24T06:00Z,Dinorwig,dinorwig,0,0
2026-09-24T06:00Z,Dogger Bank A,doggerA,110,0
2026-09-24T06:00Z,Dogger Bank B,doggerB,45,0
2026-09-24T06:00Z,Drax,drax,2475,0
2026-09-24T06:00Z,East Anglia ONE,ea1,85,0
2026-09-24T06:00Z,Ffestiniog,ffestiniog,0,0
2026-09-24T06:00Z,Foyers,foyers,150,0
2026-09-24T06:00Z,Galloper,galloper,15,0
2026-09-24T06:00Z,Grain,grainpp,805,0
2026-09-24T06:00Z,Greater Gabbard,gabbard,30,0
2026-09-24T06:00Z,Gwynt y Môr,gym,90,0
2026-09-24T06:00Z,Hartlepool,hartlepool,580,0
2026-09-24T06:00Z,Heysham 1,heysham1,395,0
2026-09-24T06:00Z,Heysham 2,heysham2,545,0
2026-09-24T06:00Z,Hornsea One,hornsea1,95,0
2026-09-24T06:00Z,Hornsea Two,hornsea2,55,0
2026-09-24T06:00Z,Keadby 2,keadby2,840,0
2026-09-24T06:00Z,Moray East,morayeast,200,200
2026-09-24T06:00Z,Moray West,moraywest,260,55
2026-09-24T06:00Z,Neart na Gaoithe,nng,0,0
2026-09-24T06:00Z,Pembroke,pembroke,2145,0
2026-09-24T06:00Z,Pen y Cymoedd,penycymoedd,25,0
2026-09-24T06:00Z,Race Bank,racebank,0,0
2026-09-24T06:00Z,Rampion,rampion,65,0
2026-09-24T06:00Z,Seagreen,seagreen,155,0
2026-09-24T06:00Z,Sizewell B,sizewellb,1190,0
2026-09-24T06:00Z,Staythorpe,staythorpe,1275,0
2026-09-24T06:00Z,Torness,torness,1305,0
2026-09-24T06:00Z,Triton Knoll,triton,0,0
2026-09-24T06:00Z,Viking Link,viking,15,0
2026-09-24T06:00Z,Walney 1 & 2,walney,85,0
2026-09-24T06:00Z,Walney Extension,walneyx,215,0
2026-09-24T06:00Z,West Burton B,westburton,430,0
2026-09-24T06:00Z,Whitelee,whitelee,45,0
2026-09-24T06:00Z,connahsquay,connahsquay,0,0
2026-09-24T07:00Z,Beatrice,beatrice,345,5
2026-09-24T07:00Z,Burbo Bank Extension,burbo,70,0
2026-09-24T07:00Z,Clyde,clyde,80,0
2026-09-24T07:00Z,Cruachan,cruachan,0,0
2026-09-24T07:00Z,Dinorwig,dinorwig,0,0
2026-09-24T07:00Z,Dogger Bank A,doggerA,65,0
2026-09-24T07:00Z,Dogger Bank B,doggerB,20,0
2026-09-24T07:00Z,Drax,drax,2475,0
2026-09-24T07:00Z,East Anglia ONE,ea1,55,0
2026-09-24T07:00Z,Ffestiniog,ffestiniog,0,0
2026-09-24T07:00Z,Foyers,foyers,75,0
2026-09-24T07:00Z,Galloper,galloper,5,0
2026-09-24T07:00Z,Grain,grainpp,805,0
2026-09-24T07:00Z,Greater Gabbard,gabbard,15,0
2026-09-24T07:00Z,Gwynt y Môr,gym,80,0
2026-09-24T07:00Z,Hartlepool,hartlepool,580,0
2026-09-24T07:00Z,Heysham 1,heysham1,395,0
2026-09-24T07:00Z,Heysham 2,heysham2,545,0
2026-09-24T07:00Z,Hornsea One,hornsea1,40,0
2026-09-24T07:00Z,Hornsea Two,hornsea2,20,0
2026-09-24T07:00Z,Keadby 2,keadby2,840,0
2026-09-24T07:00Z,Moray East,morayeast,310,310
2026-09-24T07:00Z,Moray West,moraywest,375,290
2026-09-24T07:00Z,Neart na Gaoithe,nng,15,0
2026-09-24T07:00Z,Pembroke,pembroke,2140,0
2026-09-24T07:00Z,Pen y Cymoedd,penycymoedd,30,0
2026-09-24T07:00Z,Race Bank,racebank,0,0
2026-09-24T07:00Z,Rampion,rampion,65,0
2026-09-24T07:00Z,Seagreen,seagreen,240,0
2026-09-24T07:00Z,Sizewell B,sizewellb,1190,0
2026-09-24T07:00Z,Staythorpe,staythorpe,1270,0
2026-09-24T07:00Z,Torness,torness,1305,0
2026-09-24T07:00Z,Triton Knoll,triton,0,0
2026-09-24T07:00Z,Viking Link,viking,40,0
2026-09-24T07:00Z,Walney 1 & 2,walney,105,0
2026-09-24T07:00Z,Walney Extension,walneyx,270,0
2026-09-24T07:00Z,West Burton B,westburton,425,0
2026-09-24T07:00Z,Whitelee,whitelee,60,0
2026-09-24T07:00Z,connahsquay,connahsquay,0,0
2026-09-24T08:00Z,Beatrice,beatrice,430,115
2026-09-24T08:00Z,Burbo Bank Extension,burbo,70,0
2026-09-24T08:00Z,Clyde,clyde,110,0
2026-09-24T08:00Z,Cruachan,cruachan,0,0
2026-09-24T08:00Z,Dinorwig,dinorwig,0,0
2026-09-24T08:00Z,Dogger Bank A,doggerA,30,0
2026-09-24T08:00Z,Dogger Bank B,doggerB,5,0
2026-09-24T08:00Z,Drax,drax,2490,0
2026-09-24T08:00Z,East Anglia ONE,ea1,25,0
2026-09-24T08:00Z,Ffestiniog,ffestiniog,0,0
2026-09-24T08:00Z,Foyers,foyers,70,0
2026-09-24T08:00Z,Galloper,galloper,5,0
2026-09-24T08:00Z,Grain,grainpp,610,0
2026-09-24T08:00Z,Greater Gabbard,gabbard,0,0
2026-09-24T08:00Z,Gwynt y Môr,gym,65,0
2026-09-24T08:00Z,Hartlepool,hartlepool,580,0
2026-09-24T08:00Z,Heysham 1,heysham1,395,0
2026-09-24T08:00Z,Heysham 2,heysham2,545,0
2026-09-24T08:00Z,Hornsea One,hornsea1,25,0
2026-09-24T08:00Z,Hornsea Two,hornsea2,5,0
2026-09-24T08:00Z,Keadby 2,keadby2,835,0
2026-09-24T08:00Z,Moray East,morayeast,430,430
2026-09-24T08:00Z,Moray West,moraywest,490,405
2026-09-24T08:00Z,Neart na Gaoithe,nng,50,0
2026-09-24T08:00Z,Pembroke,pembroke,1500,0
2026-09-24T08:00Z,Pen y Cymoedd,penycymoedd,25,0
2026-09-24T08:00Z,Race Bank,racebank,0,0
2026-09-24T08:00Z,Rampion,rampion,60,0
2026-09-24T08:00Z,Seagreen,seagreen,335,0
2026-09-24T08:00Z,Sizewell B,sizewellb,1190,0
2026-09-24T08:00Z,Staythorpe,staythorpe,1120,0
2026-09-24T08:00Z,Torness,torness,1305,0
2026-09-24T08:00Z,Triton Knoll,triton,0,0
2026-09-24T08:00Z,Viking Link,viking,75,0
2026-09-24T08:00Z,Walney 1 & 2,walney,105,0
2026-09-24T08:00Z,Walney Extension,walneyx,280,0
2026-09-24T08:00Z,West Burton B,westburton,325,0
2026-09-24T08:00Z,Whitelee,whitelee,60,0
2026-09-24T08:00Z,connahsquay,connahsquay,0,0
2026-09-24T09:00Z,Beatrice,beatrice,445,200
2026-09-24T09:00Z,Burbo Bank Extension,burbo,65,0
2026-09-24T09:00Z,Clyde,clyde,160,0
2026-09-24T09:00Z,Cruachan,cruachan,0,0
2026-09-24T09:00Z,Dinorwig,dinorwig,0,0
2026-09-24T09:00Z,Dogger Bank A,doggerA,10,0
2026-09-24T09:00Z,Dogger Bank B,doggerB,0,0
2026-09-24T09:00Z,Drax,drax,2500,0
2026-09-24T09:00Z,East Anglia ONE,ea1,25,0
2026-09-24T09:00Z,Ffestiniog,ffestiniog,0,0
2026-09-24T09:00Z,Foyers,foyers,150,0
2026-09-24T09:00Z,Galloper,galloper,5,0
2026-09-24T09:00Z,Grain,grainpp,15,0
2026-09-24T09:00Z,Greater Gabbard,gabbard,0,0
2026-09-24T09:00Z,Gwynt y Môr,gym,50,0
2026-09-24T09:00Z,Hartlepool,hartlepool,580,0
2026-09-24T09:00Z,Heysham 1,heysham1,395,0
2026-09-24T09:00Z,Heysham 2,heysham2,545,0
2026-09-24T09:00Z,Hornsea One,hornsea1,10,0
2026-09-24T09:00Z,Hornsea Two,hornsea2,0,0
2026-09-24T09:00Z,Keadby 2,keadby2,825,0
2026-09-24T09:00Z,Moray East,morayeast,470,470
2026-09-24T09:00Z,Moray West,moraywest,510,425
2026-09-24T09:00Z,Neart na Gaoithe,nng,65,0
2026-09-24T09:00Z,Pembroke,pembroke,170,0
2026-09-24T09:00Z,Pen y Cymoedd,penycymoedd,25,0
2026-09-24T09:00Z,Race Bank,racebank,0,0
2026-09-24T09:00Z,Rampion,rampion,45,0
2026-09-24T09:00Z,Seagreen,seagreen,425,0
2026-09-24T09:00Z,Sizewell B,sizewellb,1190,0
2026-09-24T09:00Z,Staythorpe,staythorpe,155,0
2026-09-24T09:00Z,Torness,torness,1305,0
2026-09-24T09:00Z,Triton Knoll,triton,0,0
2026-09-24T09:00Z,Viking Link,viking,140,0
2026-09-24T09:00Z,Walney 1 & 2,walney,100,0
2026-09-24T09:00Z,Walney Extension,walneyx,250,0
2026-09-24T09:00Z,West Burton B,westburton,0,0
2026-09-24T09:00Z,Whitelee,whitelee,80,0
2026-09-24T09:00Z,connahsquay,connahsquay,0,0
2026-09-24T10:00Z,Beatrice,beatrice,510,260
2026-09-24T10:00Z,Burbo Bank Extension,burbo,35,0
2026-09-24T10:00Z,Clyde,clyde,285,0
2026-09-24T10:00Z,Cruachan,cruachan,0,0
2026-09-24T10:00Z,Dinorwig,dinorwig,0,0
2026-09-24T10:00Z,Dogger Bank A,doggerA,5,0
2026-09-24T10:00Z,Dogger Bank B,doggerB,15,0
2026-09-24T10:00Z,Drax,drax,2510,0
2026-09-24T10:00Z,East Anglia ONE,ea1,5,0
2026-09-24T10:00Z,Ffestiniog,ffestiniog,0,0
2026-09-24T10:00Z,Foyers,foyers,150,0
2026-09-24T10:00Z,Galloper,galloper,5,0
2026-09-24T10:00Z,Grain,grainpp,0,0
2026-09-24T10:00Z,Greater Gabbard,gabbard,0,0
2026-09-24T10:00Z,Gwynt y Môr,gym,40,0
2026-09-24T10:00Z,Hartlepool,hartlepool,580,0
2026-09-24T10:00Z,Heysham 1,heysham1,395,0
2026-09-24T10:00Z,Heysham 2,heysham2,545,0
2026-09-24T10:00Z,Hornsea One,hornsea1,0,0
2026-09-24T10:00Z,Hornsea Two,hornsea2,5,0
2026-09-24T10:00Z,Keadby 2,keadby2,820,0
2026-09-24T10:00Z,Moray East,morayeast,470,470
2026-09-24T10:00Z,Moray West,moraywest,530,445
2026-09-24T10:00Z,Neart na Gaoithe,nng,50,0
2026-09-24T10:00Z,Pembroke,pembroke,0,0
2026-09-24T10:00Z,Pen y Cymoedd,penycymoedd,20,0
2026-09-24T10:00Z,Race Bank,racebank,5,0
2026-09-24T10:00Z,Rampion,rampion,40,0
2026-09-24T10:00Z,Seagreen,seagreen,495,0
2026-09-24T10:00Z,Sizewell B,sizewellb,1190,0
2026-09-24T10:00Z,Staythorpe,staythorpe,0,0
2026-09-24T10:00Z,Torness,torness,1305,0
2026-09-24T10:00Z,Triton Knoll,triton,5,0
2026-09-24T10:00Z,Viking Link,viking,235,0
2026-09-24T10:00Z,Walney 1 & 2,walney,80,0
2026-09-24T10:00Z,Walney Extension,walneyx,200,0
2026-09-24T10:00Z,West Burton B,westburton,0,0
2026-09-24T10:00Z,Whitelee,whitelee,125,0
2026-09-24T10:00Z,connahsquay,connahsquay,0,0
2026-09-24T11:00Z,Beatrice,beatrice,505,245
2026-09-24T11:00Z,Burbo Bank Extension,burbo,30,0
2026-09-24T11:00Z,Clyde,clyde,335,0
2026-09-24T11:00Z,Cruachan,cruachan,0,0
2026-09-24T11:00Z,Dinorwig,dinorwig,0,0
2026-09-24T11:00Z,Dogger Bank A,doggerA,20,0
2026-09-24T11:00Z,Dogger Bank B,doggerB,45,0
2026-09-24T11:00Z,Drax,drax,2510,0
2026-09-24T11:00Z,East Anglia ONE,ea1,0,0
2026-09-24T11:00Z,Ffestiniog,ffestiniog,0,0
2026-09-24T11:00Z,Foyers,foyers,75,0
2026-09-24T11:00Z,Galloper,galloper,5,0
2026-09-24T11:00Z,Grain,grainpp,0,0
2026-09-24T11:00Z,Greater Gabbard,gabbard,0,0
2026-09-24T11:00Z,Gwynt y Môr,gym,40,0
2026-09-24T11:00Z,Hartlepool,hartlepool,580,0
2026-09-24T11:00Z,Heysham 1,heysham1,395,0
2026-09-24T11:00Z,Heysham 2,heysham2,545,0
2026-09-24T11:00Z,Hornsea One,hornsea1,10,0
2026-09-24T11:00Z,Hornsea Two,hornsea2,20,0
2026-09-24T11:00Z,Keadby 2,keadby2,685,0
2026-09-24T11:00Z,Moray East,morayeast,460,460
2026-09-24T11:00Z,Moray West,moraywest,570,490
2026-09-24T11:00Z,Neart na Gaoithe,nng,50,0
2026-09-24T11:00Z,Pembroke,pembroke,0,0
2026-09-24T11:00Z,Pen y Cymoedd,penycymoedd,20,0
2026-09-24T11:00Z,Race Bank,racebank,5,0
2026-09-24T11:00Z,Rampion,rampion,30,0
2026-09-24T11:00Z,Seagreen,seagreen,530,0
2026-09-24T11:00Z,Sizewell B,sizewellb,1190,0
2026-09-24T11:00Z,Staythorpe,staythorpe,0,0
2026-09-24T11:00Z,Torness,torness,1305,0
2026-09-24T11:00Z,Triton Knoll,triton,10,0
2026-09-24T11:00Z,Viking Link,viking,320,0
2026-09-24T11:00Z,Walney 1 & 2,walney,65,0
2026-09-24T11:00Z,Walney Extension,walneyx,175,0
2026-09-24T11:00Z,West Burton B,westburton,0,0
2026-09-24T11:00Z,Whitelee,whitelee,160,0
2026-09-24T11:00Z,connahsquay,connahsquay,0,0
2026-09-24T12:00Z,Beatrice,beatrice,510,240
2026-09-24T12:00Z,Burbo Bank Extension,burbo,20,0
2026-09-24T12:00Z,Clyde,clyde,380,0
2026-09-24T12:00Z,Cruachan,cruachan,0,0
2026-09-24T12:00Z,Dinorwig,dinorwig,0,0
2026-09-24T12:00Z,Dogger Bank A,doggerA,55,0
2026-09-24T12:00Z,Dogger Bank B,doggerB,90,0
2026-09-24T12:00Z,Drax,drax,2510,0
2026-09-24T12:00Z,East Anglia ONE,ea1,0,0
2026-09-24T12:00Z,Ffestiniog,ffestiniog,0,0
2026-09-24T12:00Z,Foyers,foyers,0,0
2026-09-24T12:00Z,Galloper,galloper,5,0
2026-09-24T12:00Z,Grain,grainpp,0,0
2026-09-24T12:00Z,Greater Gabbard,gabbard,0,0
2026-09-24T12:00Z,Gwynt y Môr,gym,40,0
2026-09-24T12:00Z,Hartlepool,hartlepool,580,0
2026-09-24T12:00Z,Heysham 1,heysham1,395,0
2026-09-24T12:00Z,Heysham 2,heysham2,545,0
2026-09-24T12:00Z,Hornsea One,hornsea1,30,0
2026-09-24T12:00Z,Hornsea Two,hornsea2,50,0
2026-09-24T12:00Z,Keadby 2,keadby2,780,0
2026-09-24T12:00Z,Moray East,morayeast,475,475
2026-09-24T12:00Z,Moray West,moraywest,635,555
2026-09-24T12:00Z,Neart na Gaoithe,nng,40,0
2026-09-24T12:00Z,Pembroke,pembroke,0,0
2026-09-24T12:00Z,Pen y Cymoedd,penycymoedd,20,0
2026-09-24T12:00Z,Race Bank,racebank,5,0
2026-09-24T12:00Z,Rampion,rampion,25,0
2026-09-24T12:00Z,Seagreen,seagreen,590,0
2026-09-24T12:00Z,Sizewell B,sizewellb,1190,0
2026-09-24T12:00Z,Staythorpe,staythorpe,0,0
2026-09-24T12:00Z,Torness,torness,1305,0
2026-09-24T12:00Z,Triton Knoll,triton,20,0
2026-09-24T12:00Z,Viking Link,viking,385,0
2026-09-24T12:00Z,Walney 1 & 2,walney,55,0
2026-09-24T12:00Z,Walney Extension,walneyx,195,0
2026-09-24T12:00Z,West Burton B,westburton,0,0
2026-09-24T12:00Z,Whitelee,whitelee,200,0
2026-09-24T12:00Z,connahsquay,connahsquay,0,0
2026-09-24T13:00Z,Beatrice,beatrice,515,90
2026-09-24T13:00Z,Burbo Bank Extension,burbo,20,0
2026-09-24T13:00Z,Clyde,clyde,410,0
2026-09-24T13:00Z,Cruachan,cruachan,0,0
2026-09-24T13:00Z,Dinorwig,dinorwig,0,0
2026-09-24T13:00Z,Dogger Bank A,doggerA,100,0
2026-09-24T13:00Z,Dogger Bank B,doggerB,150,0
2026-09-24T13:00Z,Drax,drax,2510,0
2026-09-24T13:00Z,East Anglia ONE,ea1,0,0
2026-09-24T13:00Z,Ffestiniog,ffestiniog,0,0
2026-09-24T13:00Z,Foyers,foyers,145,0
2026-09-24T13:00Z,Galloper,galloper,5,0
2026-09-24T13:00Z,Grain,grainpp,0,0
2026-09-24T13:00Z,Greater Gabbard,gabbard,0,0
2026-09-24T13:00Z,Gwynt y Môr,gym,25,0
2026-09-24T13:00Z,Hartlepool,hartlepool,580,0
2026-09-24T13:00Z,Heysham 1,heysham1,395,0
2026-09-24T13:00Z,Heysham 2,heysham2,545,0
2026-09-24T13:00Z,Hornsea One,hornsea1,55,0
2026-09-24T13:00Z,Hornsea Two,hornsea2,85,0
2026-09-24T13:00Z,Keadby 2,keadby2,810,0
2026-09-24T13:00Z,Moray East,morayeast,495,495
2026-09-24T13:00Z,Moray West,moraywest,705,660
2026-09-24T13:00Z,Neart na Gaoithe,nng,45,0
2026-09-24T13:00Z,Pembroke,pembroke,0,0
2026-09-24T13:00Z,Pen y Cymoedd,penycymoedd,20,0
2026-09-24T13:00Z,Race Bank,racebank,5,0
2026-09-24T13:00Z,Rampion,rampion,20,0
2026-09-24T13:00Z,Seagreen,seagreen,680,505
2026-09-24T13:00Z,Sizewell B,sizewellb,1190,0
2026-09-24T13:00Z,Staythorpe,staythorpe,0,0
2026-09-24T13:00Z,Torness,torness,1305,0
2026-09-24T13:00Z,Triton Knoll,triton,20,0
2026-09-24T13:00Z,Viking Link,viking,410,0
2026-09-24T13:00Z,Walney 1 & 2,walney,45,0
2026-09-24T13:00Z,Walney Extension,walneyx,205,0
2026-09-24T13:00Z,West Burton B,westburton,0,0
2026-09-24T13:00Z,Whitelee,whitelee,275,0
2026-09-24T13:00Z,connahsquay,connahsquay,0,0
2026-09-24T14:00Z,Beatrice,beatrice,510,0
2026-09-24T14:00Z,Burbo Bank Extension,burbo,25,0
2026-09-24T14:00Z,Clyde,clyde,430,0
2026-09-24T14:00Z,Cruachan,cruachan,0,0
2026-09-24T14:00Z,Dinorwig,dinorwig,0,0
2026-09-24T14:00Z,Dogger Bank A,doggerA,160,0
2026-09-24T14:00Z,Dogger Bank B,doggerB,220,0
2026-09-24T14:00Z,Drax,drax,2510,0
2026-09-24T14:00Z,East Anglia ONE,ea1,0,0
2026-09-24T14:00Z,Ffestiniog,ffestiniog,0,0
2026-09-24T14:00Z,Foyers,foyers,5,0
2026-09-24T14:00Z,Galloper,galloper,5,0
2026-09-24T14:00Z,Grain,grainpp,5,0
2026-09-24T14:00Z,Greater Gabbard,gabbard,0,0
2026-09-24T14:00Z,Gwynt y Môr,gym,20,0
2026-09-24T14:00Z,Hartlepool,hartlepool,580,0
2026-09-24T14:00Z,Heysham 1,heysham1,395,0
2026-09-24T14:00Z,Heysham 2,heysham2,545,0
2026-09-24T14:00Z,Hornsea One,hornsea1,90,0
2026-09-24T14:00Z,Hornsea Two,hornsea2,130,0
2026-09-24T14:00Z,Keadby 2,keadby2,810,0
2026-09-24T14:00Z,Moray East,morayeast,485,485
2026-09-24T14:00Z,Moray West,moraywest,645,645
2026-09-24T14:00Z,Neart na Gaoithe,nng,105,0
2026-09-24T14:00Z,Pembroke,pembroke,265,0
2026-09-24T14:00Z,Pen y Cymoedd,penycymoedd,20,0
2026-09-24T14:00Z,Race Bank,racebank,5,0
2026-09-24T14:00Z,Rampion,rampion,15,0
2026-09-24T14:00Z,Seagreen,seagreen,735,735
2026-09-24T14:00Z,Sizewell B,sizewellb,1190,0
2026-09-24T14:00Z,Staythorpe,staythorpe,0,0
2026-09-24T14:00Z,Torness,torness,1305,0
2026-09-24T14:00Z,Triton Knoll,triton,25,0
2026-09-24T14:00Z,Viking Link,viking,425,0
2026-09-24T14:00Z,Walney 1 & 2,walney,55,0
2026-09-24T14:00Z,Walney Extension,walneyx,270,0
2026-09-24T14:00Z,West Burton B,westburton,0,0
2026-09-24T14:00Z,Whitelee,whitelee,275,0
2026-09-24T14:00Z,connahsquay,connahsquay,0,0
2026-09-24T15:00Z,Beatrice,beatrice,510,0
2026-09-24T15:00Z,Burbo Bank Extension,burbo,20,0
2026-09-24T15:00Z,Clyde,clyde,440,0
2026-09-24T15:00Z,Cruachan,cruachan,0,0
2026-09-24T15:00Z,Dinorwig,dinorwig,0,0
2026-09-24T15:00Z,Dogger Bank A,doggerA,235,0
2026-09-24T15:00Z,Dogger Bank B,doggerB,300,0
2026-09-24T15:00Z,Drax,drax,2510,0
2026-09-24T15:00Z,East Anglia ONE,ea1,0,0
2026-09-24T15:00Z,Ffestiniog,ffestiniog,0,0
2026-09-24T15:00Z,Foyers,foyers,150,0
2026-09-24T15:00Z,Galloper,galloper,5,0
2026-09-24T15:00Z,Grain,grainpp,305,0
2026-09-24T15:00Z,Greater Gabbard,gabbard,0,0
2026-09-24T15:00Z,Gwynt y Môr,gym,25,0
2026-09-24T15:00Z,Hartlepool,hartlepool,580,0
2026-09-24T15:00Z,Heysham 1,heysham1,395,0
2026-09-24T15:00Z,Heysham 2,heysham2,545,0
2026-09-24T15:00Z,Hornsea One,hornsea1,140,0
2026-09-24T15:00Z,Hornsea Two,hornsea2,195,0
2026-09-24T15:00Z,Keadby 2,keadby2,810,0
2026-09-24T15:00Z,Moray East,morayeast,470,470
2026-09-24T15:00Z,Moray West,moraywest,595,595
2026-09-24T15:00Z,Neart na Gaoithe,nng,150,0
2026-09-24T15:00Z,Pembroke,pembroke,1310,0
2026-09-24T15:00Z,Pen y Cymoedd,penycymoedd,20,0
2026-09-24T15:00Z,Race Bank,racebank,10,0
2026-09-24T15:00Z,Rampion,rampion,20,0
2026-09-24T15:00Z,Seagreen,seagreen,780,780
2026-09-24T15:00Z,Sizewell B,sizewellb,1190,0
2026-09-24T15:00Z,Staythorpe,staythorpe,0,0
2026-09-24T15:00Z,Torness,torness,1305,0
2026-09-24T15:00Z,Triton Knoll,triton,40,0
2026-09-24T15:00Z,Viking Link,viking,430,0
2026-09-24T15:00Z,Walney 1 & 2,walney,75,0
2026-09-24T15:00Z,Walney Extension,walneyx,330,0
2026-09-24T15:00Z,West Burton B,westburton,520,0
2026-09-24T15:00Z,Whitelee,whitelee,285,0
2026-09-24T15:00Z,connahsquay,connahsquay,0,0
2026-09-24T16:00Z,Beatrice,beatrice,480,0
2026-09-24T16:00Z,Burbo Bank Extension,burbo,25,0
2026-09-24T16:00Z,Clyde,clyde,435,0
2026-09-24T16:00Z,Cruachan,cruachan,240,0
2026-09-24T16:00Z,Dinorwig,dinorwig,300,0
2026-09-24T16:00Z,Dogger Bank A,doggerA,335,0
2026-09-24T16:00Z,Dogger Bank B,doggerB,390,0
2026-09-24T16:00Z,Drax,drax,2510,0
2026-09-24T16:00Z,East Anglia ONE,ea1,10,0
2026-09-24T16:00Z,Ffestiniog,ffestiniog,135,0
2026-09-24T16:00Z,Foyers,foyers,150,0
2026-09-24T16:00Z,Galloper,galloper,10,0
2026-09-24T16:00Z,Grain,grainpp,780,0
2026-09-24T16:00Z,Greater Gabbard,gabbard,5,0
2026-09-24T16:00Z,Gwynt y Môr,gym,30,0
2026-09-24T16:00Z,Hartlepool,hartlepool,580,0
2026-09-24T16:00Z,Heysham 1,heysham1,395,0
2026-09-24T16:00Z,Heysham 2,heysham2,545,0
2026-09-24T16:00Z,Hornsea One,hornsea1,225,0
2026-09-24T16:00Z,Hornsea Two,hornsea2,300,0
2026-09-24T16:00Z,Keadby 2,keadby2,815,0
2026-09-24T16:00Z,Moray East,morayeast,410,410
2026-09-24T16:00Z,Moray West,moraywest,540,540
2026-09-24T16:00Z,Neart na Gaoithe,nng,175,0
2026-09-24T16:00Z,Pembroke,pembroke,2080,0
2026-09-24T16:00Z,Pen y Cymoedd,penycymoedd,20,0
2026-09-24T16:00Z,Race Bank,racebank,30,0
2026-09-24T16:00Z,Rampion,rampion,25,0
2026-09-24T16:00Z,Seagreen,seagreen,810,810
2026-09-24T16:00Z,Sizewell B,sizewellb,1190,0
2026-09-24T16:00Z,Staythorpe,staythorpe,0,0
2026-09-24T16:00Z,Torness,torness,1305,0
2026-09-24T16:00Z,Triton Knoll,triton,70,0
2026-09-24T16:00Z,Viking Link,viking,430,0
2026-09-24T16:00Z,Walney 1 & 2,walney,110,0
2026-09-24T16:00Z,Walney Extension,walneyx,435,0
2026-09-24T16:00Z,West Burton B,westburton,1155,0
2026-09-24T16:00Z,Whitelee,whitelee,260,0
2026-09-24T16:00Z,connahsquay,connahsquay,165,0
2026-09-24T17:00Z,Beatrice,beatrice,435,0
2026-09-24T17:00Z,Burbo Bank Extension,burbo,30,0
2026-09-24T17:00Z,Clyde,clyde,425,0
2026-09-24T17:00Z,Cruachan,cruachan,240,0
2026-09-24T17:00Z,Dinorwig,dinorwig,300,0
2026-09-24T17:00Z,Dogger Bank A,doggerA,445,0
2026-09-24T17:00Z,Dogger Bank B,doggerB,445,0
2026-09-24T17:00Z,Drax,drax,2510,0
2026-09-24T17:00Z,East Anglia ONE,ea1,20,0
2026-09-24T17:00Z,Ffestiniog,ffestiniog,180,0
2026-09-24T17:00Z,Foyers,foyers,150,0
2026-09-24T17:00Z,Galloper,galloper,20,0
2026-09-24T17:00Z,Grain,grainpp,805,0
2026-09-24T17:00Z,Greater Gabbard,gabbard,15,0
2026-09-24T17:00Z,Gwynt y Môr,gym,40,0
2026-09-24T17:00Z,Hartlepool,hartlepool,580,0
2026-09-24T17:00Z,Heysham 1,heysham1,395,0
2026-09-24T17:00Z,Heysham 2,heysham2,545,0
2026-09-24T17:00Z,Hornsea One,hornsea1,355,0
2026-09-24T17:00Z,Hornsea Two,hornsea2,435,0
2026-09-24T17:00Z,Keadby 2,keadby2,820,0
2026-09-24T17:00Z,Moray East,morayeast,370,370
2026-09-24T17:00Z,Moray West,moraywest,540,540
2026-09-24T17:00Z,Neart na Gaoithe,nng,160,20
2026-09-24T17:00Z,Pembroke,pembroke,2120,0
2026-09-24T17:00Z,Pen y Cymoedd,penycymoedd,30,0
2026-09-24T17:00Z,Race Bank,racebank,65,0
2026-09-24T17:00Z,Rampion,rampion,35,0
2026-09-24T17:00Z,Seagreen,seagreen,860,860
2026-09-24T17:00Z,Sizewell B,sizewellb,1190,0
2026-09-24T17:00Z,Staythorpe,staythorpe,0,0
2026-09-24T17:00Z,Torness,torness,1305,0
2026-09-24T17:00Z,Triton Knoll,triton,100,0
2026-09-24T17:00Z,Viking Link,viking,430,0
2026-09-24T17:00Z,Walney 1 & 2,walney,125,0
2026-09-24T17:00Z,Walney Extension,walneyx,490,0
2026-09-24T17:00Z,West Burton B,westburton,1195,0
2026-09-24T17:00Z,Whitelee,whitelee,260,0
2026-09-24T17:00Z,connahsquay,connahsquay,325,0
2026-09-24T18:00Z,Beatrice,beatrice,345,0
2026-09-24T18:00Z,Burbo Bank Extension,burbo,40,0
2026-09-24T18:00Z,Clyde,clyde,405,0
2026-09-24T18:00Z,Cruachan,cruachan,240,0
2026-09-24T18:00Z,Dinorwig,dinorwig,300,0
2026-09-24T18:00Z,Dogger Bank A,doggerA,515,0
2026-09-24T18:00Z,Dogger Bank B,doggerB,460,0
2026-09-24T18:00Z,Drax,drax,2510,0
2026-09-24T18:00Z,East Anglia ONE,ea1,35,0
2026-09-24T18:00Z,Ffestiniog,ffestiniog,180,0
2026-09-24T18:00Z,Foyers,foyers,150,0
2026-09-24T18:00Z,Galloper,galloper,35,0
2026-09-24T18:00Z,Grain,grainpp,810,0
2026-09-24T18:00Z,Greater Gabbard,gabbard,25,0
2026-09-24T18:00Z,Gwynt y Môr,gym,45,0
2026-09-24T18:00Z,Hartlepool,hartlepool,580,0
2026-09-24T18:00Z,Heysham 1,heysham1,395,0
2026-09-24T18:00Z,Heysham 2,heysham2,545,0
2026-09-24T18:00Z,Hornsea One,hornsea1,575,0
2026-09-24T18:00Z,Hornsea Two,hornsea2,655,0
2026-09-24T18:00Z,Keadby 2,keadby2,820,0
2026-09-24T18:00Z,Moray East,morayeast,315,315
2026-09-24T18:00Z,Moray West,moraywest,475,475
2026-09-24T18:00Z,Neart na Gaoithe,nng,190,95
2026-09-24T18:00Z,Pembroke,pembroke,2130,0
2026-09-24T18:00Z,Pen y Cymoedd,penycymoedd,40,0
2026-09-24T18:00Z,Race Bank,racebank,125,0
2026-09-24T18:00Z,Rampion,rampion,45,0
2026-09-24T18:00Z,Seagreen,seagreen,880,880
2026-09-24T18:00Z,Sizewell B,sizewellb,1190,0
2026-09-24T18:00Z,Staythorpe,staythorpe,0,0
2026-09-24T18:00Z,Torness,torness,1305,0
2026-09-24T18:00Z,Triton Knoll,triton,125,0
2026-09-24T18:00Z,Viking Link,viking,425,0
2026-09-24T18:00Z,Walney 1 & 2,walney,130,0
2026-09-24T18:00Z,Walney Extension,walneyx,490,0
2026-09-24T18:00Z,West Burton B,westburton,1200,0
2026-09-24T18:00Z,Whitelee,whitelee,235,0
2026-09-24T18:00Z,connahsquay,connahsquay,330,0
2026-09-24T19:00Z,Beatrice,beatrice,295,0
2026-09-24T19:00Z,Burbo Bank Extension,burbo,65,0
2026-09-24T19:00Z,Clyde,clyde,395,0
2026-09-24T19:00Z,Cruachan,cruachan,240,0
2026-09-24T19:00Z,Dinorwig,dinorwig,150,0
2026-09-24T19:00Z,Dogger Bank A,doggerA,535,0
2026-09-24T19:00Z,Dogger Bank B,doggerB,465,0
2026-09-24T19:00Z,Drax,drax,2510,0
2026-09-24T19:00Z,East Anglia ONE,ea1,70,0
2026-09-24T19:00Z,Ffestiniog,ffestiniog,10,0
2026-09-24T19:00Z,Foyers,foyers,150,0
2026-09-24T19:00Z,Galloper,galloper,50,0
2026-09-24T19:00Z,Grain,grainpp,810,0
2026-09-24T19:00Z,Greater Gabbard,gabbard,40,0
2026-09-24T19:00Z,Gwynt y Môr,gym,50,0
2026-09-24T19:00Z,Hartlepool,hartlepool,580,0
2026-09-24T19:00Z,Heysham 1,heysham1,395,0
2026-09-24T19:00Z,Heysham 2,heysham2,545,0
2026-09-24T19:00Z,Hornsea One,hornsea1,845,0
2026-09-24T19:00Z,Hornsea Two,hornsea2,940,0
2026-09-24T19:00Z,Keadby 2,keadby2,825,0
2026-09-24T19:00Z,Moray East,morayeast,260,260
2026-09-24T19:00Z,Moray West,moraywest,380,380
2026-09-24T19:00Z,Neart na Gaoithe,nng,245,115
2026-09-24T19:00Z,Pembroke,pembroke,2130,0
2026-09-24T19:00Z,Pen y Cymoedd,penycymoedd,35,0
2026-09-24T19:00Z,Race Bank,racebank,185,0
2026-09-24T19:00Z,Rampion,rampion,50,0
2026-09-24T19:00Z,Seagreen,seagreen,890,890
2026-09-24T19:00Z,Sizewell B,sizewellb,1190,0
2026-09-24T19:00Z,Staythorpe,staythorpe,0,0
2026-09-24T19:00Z,Torness,torness,1305,0
2026-09-24T19:00Z,Triton Knoll,triton,185,0
2026-09-24T19:00Z,Viking Link,viking,415,0
2026-09-24T19:00Z,Walney 1 & 2,walney,145,0
2026-09-24T19:00Z,Walney Extension,walneyx,505,0
2026-09-24T19:00Z,West Burton B,westburton,1205,0
2026-09-24T19:00Z,Whitelee,whitelee,265,0
2026-09-24T19:00Z,connahsquay,connahsquay,330,0
2026-09-24T20:00Z,Beatrice,beatrice,290,0
2026-09-24T20:00Z,Burbo Bank Extension,burbo,45,0
2026-09-24T20:00Z,Clyde,clyde,400,0
2026-09-24T20:00Z,Cruachan,cruachan,240,0
2026-09-24T20:00Z,Dinorwig,dinorwig,0,0
2026-09-24T20:00Z,Dogger Bank A,doggerA,540,0
2026-09-24T20:00Z,Dogger Bank B,doggerB,460,0
2026-09-24T20:00Z,Drax,drax,2510,0
2026-09-24T20:00Z,East Anglia ONE,ea1,120,0
2026-09-24T20:00Z,Ffestiniog,ffestiniog,0,0
2026-09-24T20:00Z,Foyers,foyers,0,0
2026-09-24T20:00Z,Galloper,galloper,65,0
2026-09-24T20:00Z,Grain,grainpp,810,0
2026-09-24T20:00Z,Greater Gabbard,gabbard,60,0
2026-09-24T20:00Z,Gwynt y Môr,gym,55,0
2026-09-24T20:00Z,Hartlepool,hartlepool,580,0
2026-09-24T20:00Z,Heysham 1,heysham1,395,0
2026-09-24T20:00Z,Heysham 2,heysham2,545,0
2026-09-24T20:00Z,Hornsea One,hornsea1,1055,0
2026-09-24T20:00Z,Hornsea Two,hornsea2,1150,0
2026-09-24T20:00Z,Keadby 2,keadby2,825,0
2026-09-24T20:00Z,Moray East,morayeast,225,225
2026-09-24T20:00Z,Moray West,moraywest,450,450
2026-09-24T20:00Z,Neart na Gaoithe,nng,325,140
2026-09-24T20:00Z,Pembroke,pembroke,2135,0
2026-09-24T20:00Z,Pen y Cymoedd,penycymoedd,30,0
2026-09-24T20:00Z,Race Bank,racebank,280,0
2026-09-24T20:00Z,Rampion,rampion,60,0
2026-09-24T20:00Z,Seagreen,seagreen,905,905
2026-09-24T20:00Z,Sizewell B,sizewellb,1190,0
2026-09-24T20:00Z,Staythorpe,staythorpe,0,0
2026-09-24T20:00Z,Torness,torness,1305,0
2026-09-24T20:00Z,Triton Knoll,triton,315,0
2026-09-24T20:00Z,Viking Link,viking,410,0
2026-09-24T20:00Z,Walney 1 & 2,walney,170,0
2026-09-24T20:00Z,Walney Extension,walneyx,530,0
2026-09-24T20:00Z,West Burton B,westburton,1205,0
2026-09-24T20:00Z,Whitelee,whitelee,265,0
2026-09-24T20:00Z,connahsquay,connahsquay,330,0
2026-09-24T21:00Z,Beatrice,beatrice,300,0
2026-09-24T21:00Z,Burbo Bank Extension,burbo,30,0
2026-09-24T21:00Z,Clyde,clyde,395,0
2026-09-24T21:00Z,Cruachan,cruachan,160,0
2026-09-24T21:00Z,Dinorwig,dinorwig,0,0
2026-09-24T21:00Z,Dogger Bank A,doggerA,545,0
2026-09-24T21:00Z,Dogger Bank B,doggerB,460,0
2026-09-24T21:00Z,Drax,drax,2510,0
2026-09-24T21:00Z,East Anglia ONE,ea1,160,0
2026-09-24T21:00Z,Ffestiniog,ffestiniog,0,0
2026-09-24T21:00Z,Foyers,foyers,0,0
2026-09-24T21:00Z,Galloper,galloper,95,0
2026-09-24T21:00Z,Grain,grainpp,810,0
2026-09-24T21:00Z,Greater Gabbard,gabbard,80,0
2026-09-24T21:00Z,Gwynt y Môr,gym,50,0
2026-09-24T21:00Z,Hartlepool,hartlepool,580,0
2026-09-24T21:00Z,Heysham 1,heysham1,395,0
2026-09-24T21:00Z,Heysham 2,heysham2,545,0
2026-09-24T21:00Z,Hornsea One,hornsea1,1065,0
2026-09-24T21:00Z,Hornsea Two,hornsea2,1140,0
2026-09-24T21:00Z,Keadby 2,keadby2,825,0
2026-09-24T21:00Z,Moray East,morayeast,310,310
2026-09-24T21:00Z,Moray West,moraywest,710,710
2026-09-24T21:00Z,Neart na Gaoithe,nng,365,195
2026-09-24T21:00Z,Pembroke,pembroke,2130,0
2026-09-24T21:00Z,Pen y Cymoedd,penycymoedd,30,0
2026-09-24T21:00Z,Race Bank,racebank,350,0
2026-09-24T21:00Z,Rampion,rampion,65,0
2026-09-24T21:00Z,Seagreen,seagreen,905,905
2026-09-24T21:00Z,Sizewell B,sizewellb,1190,0
2026-09-24T21:00Z,Staythorpe,staythorpe,0,0
2026-09-24T21:00Z,Torness,torness,1305,0
2026-09-24T21:00Z,Triton Knoll,triton,460,0
2026-09-24T21:00Z,Viking Link,viking,390,0
2026-09-24T21:00Z,Walney 1 & 2,walney,230,0
2026-09-24T21:00Z,Walney Extension,walneyx,565,0
2026-09-24T21:00Z,West Burton B,westburton,755,0
2026-09-24T21:00Z,Whitelee,whitelee,265,0
2026-09-24T21:00Z,connahsquay,connahsquay,330,0
2026-09-24T22:00Z,Beatrice,beatrice,295,0
2026-09-24T22:00Z,Burbo Bank Extension,burbo,15,0
2026-09-24T22:00Z,Clyde,clyde,390,0
2026-09-24T22:00Z,Cruachan,cruachan,0,0
2026-09-24T22:00Z,Dinorwig,dinorwig,0,0
2026-09-24T22:00Z,Dogger Bank A,doggerA,550,0
2026-09-24T22:00Z,Dogger Bank B,doggerB,460,0
2026-09-24T22:00Z,Drax,drax,2510,0
2026-09-24T22:00Z,East Anglia ONE,ea1,155,0
2026-09-24T22:00Z,Ffestiniog,ffestiniog,0,0
2026-09-24T22:00Z,Foyers,foyers,150,0
2026-09-24T22:00Z,Galloper,galloper,120,0
2026-09-24T22:00Z,Grain,grainpp,810,0
2026-09-24T22:00Z,Greater Gabbard,gabbard,105,0
2026-09-24T22:00Z,Gwynt y Môr,gym,50,0
2026-09-24T22:00Z,Hartlepool,hartlepool,580,0
2026-09-24T22:00Z,Heysham 1,heysham1,395,0
2026-09-24T22:00Z,Heysham 2,heysham2,545,0
2026-09-24T22:00Z,Hornsea One,hornsea1,1050,0
2026-09-24T22:00Z,Hornsea Two,hornsea2,1105,0
2026-09-24T22:00Z,Keadby 2,keadby2,825,0
2026-09-24T22:00Z,Moray East,morayeast,345,345
2026-09-24T22:00Z,Moray West,moraywest,750,750
2026-09-24T22:00Z,Neart na Gaoithe,nng,350,195
2026-09-24T22:00Z,Pembroke,pembroke,2060,0
2026-09-24T22:00Z,Pen y Cymoedd,penycymoedd,25,0
2026-09-24T22:00Z,Race Bank,racebank,405,0
2026-09-24T22:00Z,Rampion,rampion,75,0
2026-09-24T22:00Z,Seagreen,seagreen,930,910
2026-09-24T22:00Z,Sizewell B,sizewellb,1190,0
2026-09-24T22:00Z,Staythorpe,staythorpe,0,0
2026-09-24T22:00Z,Torness,torness,1305,0
2026-09-24T22:00Z,Triton Knoll,triton,495,0
2026-09-24T22:00Z,Viking Link,viking,375,0
2026-09-24T22:00Z,Walney 1 & 2,walney,235,0
2026-09-24T22:00Z,Walney Extension,walneyx,545,0
2026-09-24T22:00Z,West Burton B,westburton,0,0
2026-09-24T22:00Z,Whitelee,whitelee,265,0
2026-09-24T22:00Z,connahsquay,connahsquay,245,0
2026-09-24T23:00Z,Beatrice,beatrice,305,0
2026-09-24T23:00Z,Burbo Bank Extension,burbo,20,0
2026-09-24T23:00Z,Carrington,carrington,0,0
2026-09-24T23:00Z,Clyde,clyde,375,0
2026-09-24T23:00Z,Cruachan,cruachan,0,0
2026-09-24T23:00Z,Didcot B,didcot,0,0
2026-09-24T23:00Z,Dinorwig,dinorwig,0,0
2026-09-24T23:00Z,Dogger Bank A,doggerA,550,0
2026-09-24T23:00Z,Dogger Bank B,doggerB,460,0
2026-09-24T23:00Z,Drax,drax,2510,0
2026-09-24T23:00Z,East Anglia ONE,ea1,165,0
2026-09-24T23:00Z,Ffestiniog,ffestiniog,0,0
2026-09-24T23:00Z,Foyers,foyers,150,0
2026-09-24T23:00Z,Galloper,galloper,130,0
2026-09-24T23:00Z,Grain,grainpp,810,0
2026-09-24T23:00Z,Greater Gabbard,gabbard,125,0
2026-09-24T23:00Z,Gwynt y Môr,gym,50,0
2026-09-24T23:00Z,Hartlepool,hartlepool,580,0
2026-09-24T23:00Z,Heysham 1,heysham1,395,0
2026-09-24T23:00Z,Heysham 2,heysham2,545,0
2026-09-24T23:00Z,Hornsea One,hornsea1,1065,0
2026-09-24T23:00Z,Hornsea Two,hornsea2,1125,0
2026-09-24T23:00Z,Keadby 2,keadby2,825,0
2026-09-24T23:00Z,Moray East,morayeast,325,325
2026-09-24T23:00Z,Moray West,moraywest,660,660
2026-09-24T23:00Z,Neart na Gaoithe,nng,430,235
2026-09-24T23:00Z,Pembroke,pembroke,2060,0
2026-09-24T23:00Z,Pen y Cymoedd,penycymoedd,25,0
2026-09-24T23:00Z,Race Bank,racebank,430,0
2026-09-24T23:00Z,Rampion,rampion,75,0
2026-09-24T23:00Z,Seagreen,seagreen,955,675
2026-09-24T23:00Z,Sizewell B,sizewellb,1190,0
2026-09-24T23:00Z,Staythorpe,staythorpe,0,0
2026-09-24T23:00Z,Torness,torness,1305,0
2026-09-24T23:00Z,Triton Knoll,triton,515,0
2026-09-24T23:00Z,Viking Link,viking,360,0
2026-09-24T23:00Z,Walney 1 & 2,walney,245,0
2026-09-24T23:00Z,Walney Extension,walneyx,560,0
2026-09-24T23:00Z,West Burton B,westburton,0,0
2026-09-24T23:00Z,Whitelee,whitelee,120,0
2026-09-24T23:00Z,connahsquay,connahsquay,0,0
2026-09-25T00:00Z,Beatrice,beatrice,345,0
2026-09-25T00:00Z,Burbo Bank Extension,burbo,40,0
2026-09-25T00:00Z,Carrington,carrington,0,0
2026-09-25T00:00Z,Clyde,clyde,335,0
2026-09-25T00:00Z,Cruachan,cruachan,0,0
2026-09-25T00:00Z,Didcot B,didcot,0,0
2026-09-25T00:00Z,Dinorwig,dinorwig,0,0
2026-09-25T00:00Z,Dogger Bank A,doggerA,550,0
2026-09-25T00:00Z,Dogger Bank B,doggerB,465,0
2026-09-25T00:00Z,Drax,drax,2510,0
2026-09-25T00:00Z,East Anglia ONE,ea1,195,0
2026-09-25T00:00Z,Ffestiniog,ffestiniog,0,0
2026-09-25T00:00Z,Foyers,foyers,150,0
2026-09-25T00:00Z,Galloper,galloper,130,0
2026-09-25T00:00Z,Grain,grainpp,810,0
2026-09-25T00:00Z,Greater Gabbard,gabbard,150,0
2026-09-25T00:00Z,Gwynt y Môr,gym,55,0
2026-09-25T00:00Z,Hartlepool,hartlepool,580,0
2026-09-25T00:00Z,Heysham 1,heysham1,395,0
2026-09-25T00:00Z,Heysham 2,heysham2,545,0
2026-09-25T00:00Z,Hornsea One,hornsea1,1070,0
2026-09-25T00:00Z,Hornsea Two,hornsea2,1120,0
2026-09-25T00:00Z,Keadby 2,keadby2,830,0
2026-09-25T00:00Z,Moray East,morayeast,325,325
2026-09-25T00:00Z,Moray West,moraywest,635,635
2026-09-25T00:00Z,Neart na Gaoithe,nng,445,230
2026-09-25T00:00Z,Pembroke,pembroke,2060,0
2026-09-25T00:00Z,Pen y Cymoedd,penycymoedd,30,0
2026-09-25T00:00Z,Race Bank,racebank,405,0
2026-09-25T00:00Z,Rampion,rampion,65,0
2026-09-25T00:00Z,Seagreen,seagreen,945,565
2026-09-25T00:00Z,Sizewell B,sizewellb,1190,0
2026-09-25T00:00Z,Staythorpe,staythorpe,0,0
2026-09-25T00:00Z,Torness,torness,1305,0
2026-09-25T00:00Z,Triton Knoll,triton,515,0
2026-09-25T00:00Z,Viking Link,viking,320,0
2026-09-25T00:00Z,Walney 1 & 2,walney,270,0
2026-09-25T00:00Z,Walney Extension,walneyx,580,0
2026-09-25T00:00Z,West Burton B,westburton,0,0
2026-09-25T00:00Z,Whitelee,whitelee,40,0
2026-09-25T00:00Z,connahsquay,connahsquay,0,0
2026-09-25T01:00Z,Beatrice,beatrice,405,0
2026-09-25T01:00Z,Burbo Bank Extension,burbo,55,0
2026-09-25T01:00Z,Carrington,carrington,0,0
2026-09-25T01:00Z,Clyde,clyde,225,0
2026-09-25T01:00Z,Cruachan,cruachan,0,0
2026-09-25T01:00Z,Didcot B,didcot,0,0
2026-09-25T01:00Z,Dinorwig,dinorwig,0,0
2026-09-25T01:00Z,Dogger Bank A,doggerA,560,0
2026-09-25T01:00Z,Dogger Bank B,doggerB,465,0
2026-09-25T01:00Z,Drax,drax,2510,0
2026-09-25T01:00Z,East Anglia ONE,ea1,195,0
2026-09-25T01:00Z,Ffestiniog,ffestiniog,0,0
2026-09-25T01:00Z,Foyers,foyers,150,0
2026-09-25T01:00Z,Galloper,galloper,120,0
2026-09-25T01:00Z,Grain,grainpp,815,0
2026-09-25T01:00Z,Greater Gabbard,gabbard,150,0
2026-09-25T01:00Z,Gwynt y Môr,gym,90,0
2026-09-25T01:00Z,Hartlepool,hartlepool,580,0
2026-09-25T01:00Z,Heysham 1,heysham1,395,0
2026-09-25T01:00Z,Heysham 2,heysham2,545,0
2026-09-25T01:00Z,Hornsea One,hornsea1,1055,0
2026-09-25T01:00Z,Hornsea Two,hornsea2,1105,0
2026-09-25T01:00Z,Keadby 2,keadby2,830,0
2026-09-25T01:00Z,Moray East,morayeast,340,340
2026-09-25T01:00Z,Moray West,moraywest,740,740
2026-09-25T01:00Z,Neart na Gaoithe,nng,380,70
2026-09-25T01:00Z,Pembroke,pembroke,2060,0
2026-09-25T01:00Z,Pen y Cymoedd,penycymoedd,30,0
2026-09-25T01:00Z,Race Bank,racebank,335,0
2026-09-25T01:00Z,Rampion,rampion,50,0
2026-09-25T01:00Z,Seagreen,seagreen,840,445
2026-09-25T01:00Z,Sizewell B,sizewellb,1190,0
2026-09-25T01:00Z,Staythorpe,staythorpe,0,0
2026-09-25T01:00Z,Torness,torness,1305,0
2026-09-25T01:00Z,Triton Knoll,triton,515,0
2026-09-25T01:00Z,Viking Link,viking,325,0
2026-09-25T01:00Z,Walney 1 & 2,walney,250,0
2026-09-25T01:00Z,Walney Extension,walneyx,545,0
2026-09-25T01:00Z,West Burton B,westburton,0,0
2026-09-25T01:00Z,Whitelee,whitelee,70,0
2026-09-25T01:00Z,connahsquay,connahsquay,0,0
2026-09-25T02:00Z,Beatrice,beatrice,415,10
2026-09-25T02:00Z,Burbo Bank Extension,burbo,60,0
2026-09-25T02:00Z,Carrington,carrington,0,0
2026-09-25T02:00Z,Clyde,clyde,165,0
2026-09-25T02:00Z,Cruachan,cruachan,0,0
2026-09-25T02:00Z,Didcot B,didcot,0,0
2026-09-25T02:00Z,Dinorwig,dinorwig,0,0
2026-09-25T02:00Z,Dogger Bank A,doggerA,560,0
2026-09-25T02:00Z,Dogger Bank B,doggerB,465,0
2026-09-25T02:00Z,Drax,drax,2510,0
2026-09-25T02:00Z,East Anglia ONE,ea1,235,0
2026-09-25T02:00Z,Ffestiniog,ffestiniog,0,0
2026-09-25T02:00Z,Foyers,foyers,150,0
2026-09-25T02:00Z,Galloper,galloper,105,0
2026-09-25T02:00Z,Grain,grainpp,815,0
2026-09-25T02:00Z,Greater Gabbard,gabbard,140,0
2026-09-25T02:00Z,Gwynt y Môr,gym,130,0
2026-09-25T02:00Z,Hartlepool,hartlepool,580,0
2026-09-25T02:00Z,Heysham 1,heysham1,395,0
2026-09-25T02:00Z,Heysham 2,heysham2,545,0
2026-09-25T02:00Z,Hornsea One,hornsea1,1000,0
2026-09-25T02:00Z,Hornsea Two,hornsea2,1035,0
2026-09-25T02:00Z,Keadby 2,keadby2,830,0
2026-09-25T02:00Z,Moray East,morayeast,385,385
2026-09-25T02:00Z,Moray West,moraywest,765,765
2026-09-25T02:00Z,Neart na Gaoithe,nng,335,75
2026-09-25T02:00Z,Pembroke,pembroke,2055,0
2026-09-25T02:00Z,Pen y Cymoedd,penycymoedd,35,0
2026-09-25T02:00Z,Race Bank,racebank,270,0
2026-09-25T02:00Z,Rampion,rampion,45,0
2026-09-25T02:00Z,Seagreen,seagreen,690,90
2026-09-25T02:00Z,Sizewell B,sizewellb,1190,0
2026-09-25T02:00Z,Staythorpe,staythorpe,0,0
2026-09-25T02:00Z,Torness,torness,1305,0
2026-09-25T02:00Z,Triton Knoll,triton,445,0
2026-09-25T02:00Z,Viking Link,viking,350,0
2026-09-25T02:00Z,Walney 1 & 2,walney,195,0
2026-09-25T02:00Z,Walney Extension,walneyx,420,0
2026-09-25T02:00Z,West Burton B,westburton,0,0
2026-09-25T02:00Z,Whitelee,whitelee,70,0
2026-09-25T02:00Z,connahsquay,connahsquay,0,0
2026-09-25T03:00Z,Beatrice,beatrice,440,0
2026-09-25T03:00Z,Burbo Bank Extension,burbo,70,0
2026-09-25T03:00Z,Carrington,carrington,10,0
2026-09-25T03:00Z,Clyde,clyde,150,0
2026-09-25T03:00Z,Cruachan,cruachan,0,0
2026-09-25T03:00Z,Didcot B,didcot,0,0
2026-09-25T03:00Z,Dinorwig,dinorwig,0,0
2026-09-25T03:00Z,Dogger Bank A,doggerA,565,0
2026-09-25T03:00Z,Dogger Bank B,doggerB,465,0
2026-09-25T03:00Z,Drax,drax,2510,0
2026-09-25T03:00Z,East Anglia ONE,ea1,235,0
2026-09-25T03:00Z,Ffestiniog,ffestiniog,0,0
2026-09-25T03:00Z,Foyers,foyers,150,0
2026-09-25T03:00Z,Galloper,galloper,95,0
2026-09-25T03:00Z,Grain,grainpp,815,0
2026-09-25T03:00Z,Greater Gabbard,gabbard,130,0
2026-09-25T03:00Z,Gwynt y Môr,gym,150,0
2026-09-25T03:00Z,Hartlepool,hartlepool,580,0
2026-09-25T03:00Z,Heysham 1,heysham1,395,0
2026-09-25T03:00Z,Heysham 2,heysham2,545,0
2026-09-25T03:00Z,Hornsea One,hornsea1,830,0
2026-09-25T03:00Z,Hornsea Two,hornsea2,880,0
2026-09-25T03:00Z,Keadby 2,keadby2,830,0
2026-09-25T03:00Z,Moray East,morayeast,395,395
2026-09-25T03:00Z,Moray West,moraywest,765,765
2026-09-25T03:00Z,Neart na Gaoithe,nng,295,40
2026-09-25T03:00Z,Pembroke,pembroke,2060,0
2026-09-25T03:00Z,Pen y Cymoedd,penycymoedd,30,0
2026-09-25T03:00Z,Race Bank,racebank,220,0
2026-09-25T03:00Z,Rampion,rampion,40,0
2026-09-25T03:00Z,Seagreen,seagreen,560,0
2026-09-25T03:00Z,Sizewell B,sizewellb,1190,0
2026-09-25T03:00Z,Staythorpe,staythorpe,0,0
2026-09-25T03:00Z,Torness,torness,1305,0
2026-09-25T03:00Z,Triton Knoll,triton,350,0
2026-09-25T03:00Z,Viking Link,viking,365,0
2026-09-25T03:00Z,Walney 1 & 2,walney,175,0
2026-09-25T03:00Z,Walney Extension,walneyx,275,0
2026-09-25T03:00Z,West Burton B,westburton,0,0
2026-09-25T03:00Z,Whitelee,whitelee,80,0
2026-09-25T03:00Z,connahsquay,connahsquay,0,0
2026-09-25T04:00Z,Beatrice,beatrice,455,0
2026-09-25T04:00Z,Burbo Bank Extension,burbo,70,0
2026-09-25T04:00Z,Carrington,carrington,20,0
2026-09-25T04:00Z,Clyde,clyde,125,0
2026-09-25T04:00Z,Cruachan,cruachan,0,0
2026-09-25T04:00Z,Didcot B,didcot,155,0
2026-09-25T04:00Z,Dinorwig,dinorwig,0,0
2026-09-25T04:00Z,Dogger Bank A,doggerA,565,0
2026-09-25T04:00Z,Dogger Bank B,doggerB,460,0
2026-09-25T04:00Z,Drax,drax,2510,0
2026-09-25T04:00Z,East Anglia ONE,ea1,205,0
2026-09-25T04:00Z,Ffestiniog,ffestiniog,0,0
2026-09-25T04:00Z,Foyers,foyers,75,0
2026-09-25T04:00Z,Galloper,galloper,75,0
2026-09-25T04:00Z,Grain,grainpp,815,0
2026-09-25T04:00Z,Greater Gabbard,gabbard,115,0
2026-09-25T04:00Z,Gwynt y Môr,gym,160,0
2026-09-25T04:00Z,Hartlepool,hartlepool,580,0
2026-09-25T04:00Z,Heysham 1,heysham1,395,0
2026-09-25T04:00Z,Heysham 2,heysham2,545,0
2026-09-25T04:00Z,Hornsea One,hornsea1,695,0
2026-09-25T04:00Z,Hornsea Two,hornsea2,760,0
2026-09-25T04:00Z,Keadby 2,keadby2,830,0
2026-09-25T04:00Z,Moray East,morayeast,425,425
2026-09-25T04:00Z,Moray West,moraywest,760,760
2026-09-25T04:00Z,Neart na Gaoithe,nng,265,0
2026-09-25T04:00Z,Pembroke,pembroke,2060,0
2026-09-25T04:00Z,Pen y Cymoedd,penycymoedd,25,0
2026-09-25T04:00Z,Race Bank,racebank,185,0
2026-09-25T04:00Z,Rampion,rampion,35,0
2026-09-25T04:00Z,Seagreen,seagreen,445,25
2026-09-25T04:00Z,Sizewell B,sizewellb,1190,0
2026-09-25T04:00Z,Staythorpe,staythorpe,75,0
2026-09-25T04:00Z,Torness,torness,1295,0
2026-09-25T04:00Z,Triton Knoll,triton,260,0
2026-09-25T04:00Z,Viking Link,viking,390,0
2026-09-25T04:00Z,Walney 1 & 2,walney,105,0
2026-09-25T04:00Z,Walney Extension,walneyx,125,0
2026-09-25T04:00Z,West Burton B,westburton,340,0
2026-09-25T04:00Z,Whitelee,whitelee,90,0
2026-09-25T04:00Z,connahsquay,connahsquay,0,0
2026-09-25T05:00Z,Beatrice,beatrice,470,130
2026-09-25T05:00Z,Burbo Bank Extension,burbo,85,0
2026-09-25T05:00Z,Carrington,carrington,165,0
2026-09-25T05:00Z,Clyde,clyde,115,0
2026-09-25T05:00Z,Cruachan,cruachan,0,0
2026-09-25T05:00Z,Didcot B,didcot,620,0
2026-09-25T05:00Z,Dinorwig,dinorwig,0,0
2026-09-25T05:00Z,Dogger Bank A,doggerA,560,0
2026-09-25T05:00Z,Dogger Bank B,doggerB,455,0
2026-09-25T05:00Z,Drax,drax,2510,0
2026-09-25T05:00Z,East Anglia ONE,ea1,195,0
2026-09-25T05:00Z,Ffestiniog,ffestiniog,0,0
2026-09-25T05:00Z,Foyers,foyers,150,0
2026-09-25T05:00Z,Galloper,galloper,50,0
2026-09-25T05:00Z,Grain,grainpp,815,0
2026-09-25T05:00Z,Greater Gabbard,gabbard,90,0
2026-09-25T05:00Z,Gwynt y Môr,gym,170,0
2026-09-25T05:00Z,Hartlepool,hartlepool,580,0
2026-09-25T05:00Z,Heysham 1,heysham1,395,0
2026-09-25T05:00Z,Heysham 2,heysham2,545,0
2026-09-25T05:00Z,Hornsea One,hornsea1,575,0
2026-09-25T05:00Z,Hornsea Two,hornsea2,650,0
2026-09-25T05:00Z,Keadby 2,keadby2,830,0
2026-09-25T05:00Z,Moray East,morayeast,430,430
2026-09-25T05:00Z,Moray West,moraywest,780,760
2026-09-25T05:00Z,Neart na Gaoithe,nng,220,20
2026-09-25T05:00Z,Pembroke,pembroke,2095,0
2026-09-25T05:00Z,Pen y Cymoedd,penycymoedd,20,0
2026-09-25T05:00Z,Race Bank,racebank,145,0
2026-09-25T05:00Z,Rampion,rampion,30,0
2026-09-25T05:00Z,Seagreen,seagreen,360,25
2026-09-25T05:00Z,Sizewell B,sizewellb,1190,0
2026-09-25T05:00Z,Staythorpe,staythorpe,1035,0
2026-09-25T05:00Z,Torness,torness,1295,0
2026-09-25T05:00Z,Triton Knoll,triton,200,0
2026-09-25T05:00Z,Viking Link,viking,390,0
2026-09-25T05:00Z,Walney 1 & 2,walney,60,0
2026-09-25T05:00Z,Walney Extension,walneyx,75,0
2026-09-25T05:00Z,West Burton B,westburton,840,0
2026-09-25T05:00Z,Whitelee,whitelee,125,0
2026-09-25T05:00Z,connahsquay,connahsquay,0,0
2026-09-25T06:00Z,Beatrice,beatrice,470,340
2026-09-25T06:00Z,Burbo Bank Extension,burbo,70,0
2026-09-25T06:00Z,Carrington,carrington,425,0
2026-09-25T06:00Z,Clyde,clyde,110,0
2026-09-25T06:00Z,Cruachan,cruachan,110,0
2026-09-25T06:00Z,Didcot B,didcot,735,0
2026-09-25T06:00Z,Dinorwig,dinorwig,300,0
2026-09-25T06:00Z,Dogger Bank A,doggerA,525,0
2026-09-25T06:00Z,Dogger Bank B,doggerB,400,0
2026-09-25T06:00Z,Drax,drax,2510,0
2026-09-25T06:00Z,East Anglia ONE,ea1,150,0
2026-09-25T06:00Z,Ffestiniog,ffestiniog,90,0
2026-09-25T06:00Z,Foyers,foyers,150,0
2026-09-25T06:00Z,Galloper,galloper,35,0
2026-09-25T06:00Z,Grain,grainpp,810,0
2026-09-25T06:00Z,Greater Gabbard,gabbard,60,0
2026-09-25T06:00Z,Gwynt y Môr,gym,165,0
2026-09-25T06:00Z,Hartlepool,hartlepool,580,0
2026-09-25T06:00Z,Heysham 1,heysham1,395,0
2026-09-25T06:00Z,Heysham 2,heysham2,545,0
2026-09-25T06:00Z,Hornsea One,hornsea1,450,0
2026-09-25T06:00Z,Hornsea Two,hornsea2,520,0
2026-09-25T06:00Z,Keadby 2,keadby2,830,0
2026-09-25T06:00Z,Moray East,morayeast,445,445
2026-09-25T06:00Z,Moray West,moraywest,790,755
2026-09-25T06:00Z,Neart na Gaoithe,nng,250,25
2026-09-25T06:00Z,Pembroke,pembroke,2130,0
2026-09-25T06:00Z,Pen y Cymoedd,penycymoedd,15,0
2026-09-25T06:00Z,Race Bank,racebank,140,0
2026-09-25T06:00Z,Rampion,rampion,30,0
2026-09-25T06:00Z,Seagreen,seagreen,305,15
2026-09-25T06:00Z,Sizewell B,sizewellb,1190,0
2026-09-25T06:00Z,Staythorpe,staythorpe,1640,0
2026-09-25T06:00Z,Torness,torness,1295,0
2026-09-25T06:00Z,Triton Knoll,triton,140,0
2026-09-25T06:00Z,Viking Link,viking,400,0
2026-09-25T06:00Z,Walney 1 & 2,walney,30,0
2026-09-25T06:00Z,Walney Extension,walneyx,55,0
2026-09-25T06:00Z,West Burton B,westburton,845,0
2026-09-25T06:00Z,Whitelee,whitelee,100,0
2026-09-25T06:00Z,connahsquay,connahsquay,0,0
2026-09-25T07:00Z,Beatrice,beatrice,470,335
2026-09-25T07:00Z,Burbo Bank Extension,burbo,60,0
2026-09-25T07:00Z,Carrington,carrington,425,0
2026-09-25T07:00Z,Clyde,clyde,95,0
2026-09-25T07:00Z,Cruachan,cruachan,0,0
2026-09-25T07:00Z,Didcot B,didcot,720,0
2026-09-25T07:00Z,Dinorwig,dinorwig,0,0
2026-09-25T07:00Z,Dogger Bank A,doggerA,450,0
2026-09-25T07:00Z,Dogger Bank B,doggerB,330,0
2026-09-25T07:00Z,Drax,drax,2510,0
2026-09-25T07:00Z,East Anglia ONE,ea1,135,0
2026-09-25T07:00Z,Ffestiniog,ffestiniog,0,0
2026-09-25T07:00Z,Foyers,foyers,150,0
2026-09-25T07:00Z,Galloper,galloper,25,0
2026-09-25T07:00Z,Grain,grainpp,795,0
2026-09-25T07:00Z,Greater Gabbard,gabbard,45,0
2026-09-25T07:00Z,Gwynt y Môr,gym,125,0
2026-09-25T07:00Z,Hartlepool,hartlepool,580,0
2026-09-25T07:00Z,Heysham 1,heysham1,395,0
2026-09-25T07:00Z,Heysham 2,heysham2,545,0
2026-09-25T07:00Z,Hornsea One,hornsea1,350,0
2026-09-25T07:00Z,Hornsea Two,hornsea2,415,0
2026-09-25T07:00Z,Keadby 2,keadby2,825,0
2026-09-25T07:00Z,Moray East,morayeast,420,420
2026-09-25T07:00Z,Moray West,moraywest,775,540
2026-09-25T07:00Z,Neart na Gaoithe,nng,335,15
2026-09-25T07:00Z,Pembroke,pembroke,2130,0
2026-09-25T07:00Z,Pen y Cymoedd,penycymoedd,10,0
2026-09-25T07:00Z,Race Bank,racebank,85,0
2026-09-25T07:00Z,Rampion,rampion,25,0
2026-09-25T07:00Z,Seagreen,seagreen,415,180
2026-09-25T07:00Z,Sizewell B,sizewellb,1190,0
2026-09-25T07:00Z,Staythorpe,staythorpe,1630,0
2026-09-25T07:00Z,Torness,torness,1295,0
2026-09-25T07:00Z,Triton Knoll,triton,110,0
2026-09-25T07:00Z,Viking Link,viking,395,0
2026-09-25T07:00Z,Walney 1 & 2,walney,25,0
2026-09-25T07:00Z,Walney Extension,walneyx,70,0
2026-09-25T07:00Z,West Burton B,westburton,835,0
2026-09-25T07:00Z,Whitelee,whitelee,120,0
2026-09-25T07:00Z,connahsquay,connahsquay,0,0
2026-09-25T08:00Z,Beatrice,beatrice,460,290
2026-09-25T08:00Z,Burbo Bank Extension,burbo,50,0
2026-09-25T08:00Z,Carrington,carrington,420,0
2026-09-25T08:00Z,Clyde,clyde,90,0
2026-09-25T08:00Z,Cruachan,cruachan,0,0
2026-09-25T08:00Z,Didcot B,didcot,705,0
2026-09-25T08:00Z,Dinorwig,dinorwig,0,0
2026-09-25T08:00Z,Dogger Bank A,doggerA,380,0
2026-09-25T08:00Z,Dogger Bank B,doggerB,270,0
2026-09-25T08:00Z,Drax,drax,2510,0
2026-09-25T08:00Z,East Anglia ONE,ea1,75,0
2026-09-25T08:00Z,Ffestiniog,ffestiniog,0,0
2026-09-25T08:00Z,Foyers,foyers,150,0
2026-09-25T08:00Z,Galloper,galloper,20,0
2026-09-25T08:00Z,Grain,grainpp,235,0
2026-09-25T08:00Z,Greater Gabbard,gabbard,35,0
2026-09-25T08:00Z,Gwynt y Môr,gym,70,0
2026-09-25T08:00Z,Hartlepool,hartlepool,580,0
2026-09-25T08:00Z,Heysham 1,heysham1,395,0
2026-09-25T08:00Z,Heysham 2,heysham2,545,0
2026-09-25T08:00Z,Hornsea One,hornsea1,275,0
2026-09-25T08:00Z,Hornsea Two,hornsea2,320,0
2026-09-25T08:00Z,Keadby 2,keadby2,680,0
2026-09-25T08:00Z,Moray East,morayeast,405,405
2026-09-25T08:00Z,Moray West,moraywest,765,325
2026-09-25T08:00Z,Neart na Gaoithe,nng,325,45
2026-09-25T08:00Z,Pembroke,pembroke,2065,0
2026-09-25T08:00Z,Pen y Cymoedd,penycymoedd,10,0
2026-09-25T08:00Z,Race Bank,racebank,50,0
2026-09-25T08:00Z,Rampion,rampion,20,0
2026-09-25T08:00Z,Seagreen,seagreen,500,255
2026-09-25T08:00Z,Sizewell B,sizewellb,1190,0
2026-09-25T08:00Z,Staythorpe,staythorpe,1255,0
2026-09-25T08:00Z,Torness,torness,1295,0
2026-09-25T08:00Z,Triton Knoll,triton,65,0
2026-09-25T08:00Z,Viking Link,viking,395,0
2026-09-25T08:00Z,Walney 1 & 2,walney,35,0
2026-09-25T08:00Z,Walney Extension,walneyx,75,0
2026-09-25T08:00Z,West Burton B,westburton,830,0
2026-09-25T08:00Z,Whitelee,whitelee,115,0
2026-09-25T08:00Z,connahsquay,connahsquay,0,0
2026-09-25T09:00Z,Beatrice,beatrice,465,360
2026-09-25T09:00Z,Burbo Bank Extension,burbo,25,0
2026-09-25T09:00Z,Carrington,carrington,410,0
2026-09-25T09:00Z,Clyde,clyde,90,0
2026-09-25T09:00Z,Cruachan,cruachan,0,0
2026-09-25T09:00Z,Didcot B,didcot,705,0
2026-09-25T09:00Z,Dinorwig,dinorwig,0,0
2026-09-25T09:00Z,Dogger Bank A,doggerA,295,0
2026-09-25T09:00Z,Dogger Bank B,doggerB,225,0
2026-09-25T09:00Z,Drax,drax,2510,0
2026-09-25T09:00Z,East Anglia ONE,ea1,75,0
2026-09-25T09:00Z,Ffestiniog,ffestiniog,0,0
2026-09-25T09:00Z,Foyers,foyers,150,0
2026-09-25T09:00Z,Galloper,galloper,15,0
2026-09-25T09:00Z,Grain,grainpp,0,0
2026-09-25T09:00Z,Greater Gabbard,gabbard,25,0
2026-09-25T09:00Z,Gwynt y Môr,gym,30,0
2026-09-25T09:00Z,Hartlepool,hartlepool,580,0
2026-09-25T09:00Z,Heysham 1,heysham1,395,0
2026-09-25T09:00Z,Heysham 2,heysham2,545,0
2026-09-25T09:00Z,Hornsea One,hornsea1,175,0
2026-09-25T09:00Z,Hornsea Two,hornsea2,220,0
2026-09-25T09:00Z,Keadby 2,keadby2,415,0
2026-09-25T09:00Z,Moray East,morayeast,380,380
2026-09-25T09:00Z,Moray West,moraywest,750,245
2026-09-25T09:00Z,Neart na Gaoithe,nng,310,85
2026-09-25T09:00Z,Pembroke,pembroke,1905,0
2026-09-25T09:00Z,Pen y Cymoedd,penycymoedd,15,0
2026-09-25T09:00Z,Race Bank,racebank,40,0
2026-09-25T09:00Z,Rampion,rampion,25,0
2026-09-25T09:00Z,Seagreen,seagreen,550,280
2026-09-25T09:00Z,Sizewell B,sizewellb,1190,0
2026-09-25T09:00Z,Staythorpe,staythorpe,855,0
2026-09-25T09:00Z,Torness,torness,1295,0
2026-09-25T09:00Z,Triton Knoll,triton,25,0
2026-09-25T09:00Z,Viking Link,viking,400,0
2026-09-25T09:00Z,Walney 1 & 2,walney,30,0
2026-09-25T09:00Z,Walney Extension,walneyx,85,0
2026-09-25T09:00Z,West Burton B,westburton,640,0
2026-09-25T09:00Z,Whitelee,whitelee,115,0
2026-09-25T09:00Z,connahsquay,connahsquay,0,0
2026-09-25T10:00Z,Beatrice,beatrice,440,265
2026-09-25T10:00Z,Burbo Bank Extension,burbo,15,0
2026-09-25T10:00Z,Carrington,carrington,410,0
2026-09-25T10:00Z,Clyde,clyde,110,0
2026-09-25T10:00Z,Cruachan,cruachan,0,0
2026-09-25T10:00Z,Didcot B,didcot,695,0
2026-09-25T10:00Z,Dinorwig,dinorwig,0,0
2026-09-25T10:00Z,Dogger Bank A,doggerA,230,0
2026-09-25T10:00Z,Dogger Bank B,doggerB,175,0
2026-09-25T10:00Z,Drax,drax,2510,0
2026-09-25T10:00Z,East Anglia ONE,ea1,45,0
2026-09-25T10:00Z,Ffestiniog,ffestiniog,0,0
2026-09-25T10:00Z,Foyers,foyers,150,0
2026-09-25T10:00Z,Galloper,galloper,10,0
2026-09-25T10:00Z,Grain,grainpp,0,0
2026-09-25T10:00Z,Greater Gabbard,gabbard,20,0
2026-09-25T10:00Z,Gwynt y Môr,gym,20,0
2026-09-25T10:00Z,Hartlepool,hartlepool,580,0
2026-09-25T10:00Z,Heysham 1,heysham1,395,0
2026-09-25T10:00Z,Heysham 2,heysham2,545,0
2026-09-25T10:00Z,Hornsea One,hornsea1,160,0
2026-09-25T10:00Z,Hornsea Two,hornsea2,190,0
2026-09-25T10:00Z,Keadby 2,keadby2,495,0
2026-09-25T10:00Z,Moray East,morayeast,360,360
2026-09-25T10:00Z,Moray West,moraywest,700,365
2026-09-25T10:00Z,Neart na Gaoithe,nng,335,80
2026-09-25T10:00Z,Pembroke,pembroke,1670,0
2026-09-25T10:00Z,Pen y Cymoedd,penycymoedd,10,0
2026-09-25T10:00Z,Race Bank,racebank,25,0
2026-09-25T10:00Z,Rampion,rampion,25,0
2026-09-25T10:00Z,Seagreen,seagreen,655,455
2026-09-25T10:00Z,Sizewell B,sizewellb,1190,0
2026-09-25T10:00Z,Staythorpe,staythorpe,815,0
2026-09-25T10:00Z,Torness,torness,1295,0
2026-09-25T10:00Z,Triton Knoll,triton,15,0
2026-09-25T10:00Z,Viking Link,viking,415,0
2026-09-25T10:00Z,Walney 1 & 2,walney,30,0
2026-09-25T10:00Z,Walney Extension,walneyx,85,0
2026-09-25T10:00Z,West Burton B,westburton,0,0
2026-09-25T10:00Z,Whitelee,whitelee,115,0
2026-09-25T10:00Z,connahsquay,connahsquay,0,0
2026-09-25T11:00Z,Beatrice,beatrice,405,35
2026-09-25T11:00Z,Burbo Bank Extension,burbo,10,0
2026-09-25T11:00Z,Carrington,carrington,410,0
2026-09-25T11:00Z,Clyde,clyde,130,0
2026-09-25T11:00Z,Cruachan,cruachan,0,0
2026-09-25T11:00Z,Didcot B,didcot,685,0
2026-09-25T11:00Z,Dinorwig,dinorwig,0,0
2026-09-25T11:00Z,Dogger Bank A,doggerA,175,0
2026-09-25T11:00Z,Dogger Bank B,doggerB,150,0
2026-09-25T11:00Z,Drax,drax,2510,0
2026-09-25T11:00Z,East Anglia ONE,ea1,60,0
2026-09-25T11:00Z,Ffestiniog,ffestiniog,0,0
2026-09-25T11:00Z,Foyers,foyers,150,0
2026-09-25T11:00Z,Galloper,galloper,5,0
2026-09-25T11:00Z,Grain,grainpp,0,0
2026-09-25T11:00Z,Greater Gabbard,gabbard,15,0
2026-09-25T11:00Z,Gwynt y Môr,gym,20,0
2026-09-25T11:00Z,Hartlepool,hartlepool,580,0
2026-09-25T11:00Z,Heysham 1,heysham1,395,0
2026-09-25T11:00Z,Heysham 2,heysham2,545,0
2026-09-25T11:00Z,Hornsea One,hornsea1,110,0
2026-09-25T11:00Z,Hornsea Two,hornsea2,135,0
2026-09-25T11:00Z,Keadby 2,keadby2,535,0
2026-09-25T11:00Z,Moray East,morayeast,340,340
2026-09-25T11:00Z,Moray West,moraywest,665,650
2026-09-25T11:00Z,Neart na Gaoithe,nng,330,95
2026-09-25T11:00Z,Pembroke,pembroke,1665,0
2026-09-25T11:00Z,Pen y Cymoedd,penycymoedd,0,0
2026-09-25T11:00Z,Race Bank,racebank,10,0
2026-09-25T11:00Z,Rampion,rampion,20,0
2026-09-25T11:00Z,Seagreen,seagreen,615,475
2026-09-25T11:00Z,Sizewell B,sizewellb,1190,0
2026-09-25T11:00Z,Staythorpe,staythorpe,895,0
2026-09-25T11:00Z,Torness,torness,1295,0
2026-09-25T11:00Z,Triton Knoll,triton,10,0
2026-09-25T11:00Z,Viking Link,viking,415,0
2026-09-25T11:00Z,Walney 1 & 2,walney,30,0
2026-09-25T11:00Z,Walney Extension,walneyx,95,0
2026-09-25T11:00Z,West Burton B,westburton,0,0
2026-09-25T11:00Z,Whitelee,whitelee,155,0
2026-09-25T11:00Z,connahsquay,connahsquay,0,0
2026-09-25T12:00Z,Beatrice,beatrice,325,5
2026-09-25T12:00Z,Burbo Bank Extension,burbo,10,0
2026-09-25T12:00Z,Carrington,carrington,410,0
2026-09-25T12:00Z,Clyde,clyde,145,0
2026-09-25T12:00Z,Cruachan,cruachan,0,0
2026-09-25T12:00Z,Didcot B,didcot,680,0
2026-09-25T12:00Z,Dinorwig,dinorwig,0,0
2026-09-25T12:00Z,Dogger Bank A,doggerA,135,0
2026-09-25T12:00Z,Dogger Bank B,doggerB,110,0
2026-09-25T12:00Z,Drax,drax,2510,0
2026-09-25T12:00Z,East Anglia ONE,ea1,40,0
2026-09-25T12:00Z,Ffestiniog,ffestiniog,0,0
2026-09-25T12:00Z,Foyers,foyers,150,0
2026-09-25T12:00Z,Galloper,galloper,5,0
2026-09-25T12:00Z,Grain,grainpp,0,0
2026-09-25T12:00Z,Greater Gabbard,gabbard,5,0
2026-09-25T12:00Z,Gwynt y Môr,gym,20,0
2026-09-25T12:00Z,Hartlepool,hartlepool,580,0
2026-09-25T12:00Z,Heysham 1,heysham1,395,0
2026-09-25T12:00Z,Heysham 2,heysham2,545,0
2026-09-25T12:00Z,Hornsea One,hornsea1,80,0
2026-09-25T12:00Z,Hornsea Two,hornsea2,120,0
2026-09-25T12:00Z,Keadby 2,keadby2,805,0
2026-09-25T12:00Z,Moray East,morayeast,285,285
2026-09-25T12:00Z,Moray West,moraywest,585,585
2026-09-25T12:00Z,Neart na Gaoithe,nng,325,105
2026-09-25T12:00Z,Pembroke,pembroke,1865,0
2026-09-25T12:00Z,Pen y Cymoedd,penycymoedd,0,0
2026-09-25T12:00Z,Race Bank,racebank,0,0
2026-09-25T12:00Z,Rampion,rampion,15,0
2026-09-25T12:00Z,Seagreen,seagreen,725,535
2026-09-25T12:00Z,Sizewell B,sizewellb,1190,0
2026-09-25T12:00Z,Staythorpe,staythorpe,935,0
2026-09-25T12:00Z,Torness,torness,1295,0
2026-09-25T12:00Z,Triton Knoll,triton,0,0
2026-09-25T12:00Z,Viking Link,viking,425,0
2026-09-25T12:00Z,Walney 1 & 2,walney,45,0
2026-09-25T12:00Z,Walney Extension,walneyx,125,0
2026-09-25T12:00Z,West Burton B,westburton,0,0
2026-09-25T12:00Z,Whitelee,whitelee,170,0
2026-09-25T12:00Z,connahsquay,connahsquay,0,0
2026-09-25T13:00Z,Beatrice,beatrice,310,20
2026-09-25T13:00Z,Burbo Bank Extension,burbo,5,0
2026-09-25T13:00Z,Carrington,carrington,410,0
2026-09-25T13:00Z,Clyde,clyde,145,0
2026-09-25T13:00Z,Cruachan,cruachan,0,0
2026-09-25T13:00Z,Didcot B,didcot,675,0
2026-09-25T13:00Z,Dinorwig,dinorwig,0,0
2026-09-25T13:00Z,Dogger Bank A,doggerA,110,0
2026-09-25T13:00Z,Dogger Bank B,doggerB,80,0
2026-09-25T13:00Z,Drax,drax,2495,0
2026-09-25T13:00Z,East Anglia ONE,ea1,20,0
2026-09-25T13:00Z,Ffestiniog,ffestiniog,0,0
2026-09-25T13:00Z,Foyers,foyers,150,0
2026-09-25T13:00Z,Galloper,galloper,5,0
2026-09-25T13:00Z,Grain,grainpp,0,0
2026-09-25T13:00Z,Greater Gabbard,gabbard,0,0
2026-09-25T13:00Z,Gwynt y Môr,gym,30,0
2026-09-25T13:00Z,Hartlepool,hartlepool,580,0
2026-09-25T13:00Z,Heysham 1,heysham1,395,0
2026-09-25T13:00Z,Heysham 2,heysham2,545,0
2026-09-25T13:00Z,Hornsea One,hornsea1,50,0
2026-09-25T13:00Z,Hornsea Two,hornsea2,70,0
2026-09-25T13:00Z,Keadby 2,keadby2,650,0
2026-09-25T13:00Z,Moray East,morayeast,305,305
2026-09-25T13:00Z,Moray West,moraywest,590,590
2026-09-25T13:00Z,Neart na Gaoithe,nng,290,120
2026-09-25T13:00Z,Pembroke,pembroke,1985,0
2026-09-25T13:00Z,Pen y Cymoedd,penycymoedd,10,0
2026-09-25T13:00Z,Race Bank,racebank,0,0
2026-09-25T13:00Z,Rampion,rampion,5,0
2026-09-25T13:00Z,Seagreen,seagreen,640,465
2026-09-25T13:00Z,Sizewell B,sizewellb,1190,0
2026-09-25T13:00Z,Staythorpe,staythorpe,815,0
2026-09-25T13:00Z,Torness,torness,1295,0
2026-09-25T13:00Z,Triton Knoll,triton,0,0
2026-09-25T13:00Z,Viking Link,viking,425,0
2026-09-25T13:00Z,Walney 1 & 2,walney,45,0
2026-09-25T13:00Z,Walney Extension,walneyx,130,0
2026-09-25T13:00Z,West Burton B,westburton,0,0
2026-09-25T13:00Z,Whitelee,whitelee,185,0
2026-09-25T13:00Z,connahsquay,connahsquay,0,0
2026-09-25T14:00Z,Beatrice,beatrice,290,20
2026-09-25T14:00Z,Burbo Bank Extension,burbo,10,0
2026-09-25T14:00Z,Carrington,carrington,410,0
2026-09-25T14:00Z,Clyde,clyde,140,0
2026-09-25T14:00Z,Cruachan,cruachan,0,0
2026-09-25T14:00Z,Didcot B,didcot,675,0
2026-09-25T14:00Z,Dinorwig,dinorwig,0,0
2026-09-25T14:00Z,Dogger Bank A,doggerA,95,0
2026-09-25T14:00Z,Dogger Bank B,doggerB,70,0
2026-09-25T14:00Z,Drax,drax,2495,0
2026-09-25T14:00Z,East Anglia ONE,ea1,5,0
2026-09-25T14:00Z,Ffestiniog,ffestiniog,0,0
2026-09-25T14:00Z,Foyers,foyers,150,0
2026-09-25T14:00Z,Galloper,galloper,5,0
2026-09-25T14:00Z,Grain,grainpp,85,0
2026-09-25T14:00Z,Greater Gabbard,gabbard,0,0
2026-09-25T14:00Z,Gwynt y Môr,gym,40,0
2026-09-25T14:00Z,Hartlepool,hartlepool,580,0
2026-09-25T14:00Z,Heysham 1,heysham1,400,0
2026-09-25T14:00Z,Heysham 2,heysham2,545,0
2026-09-25T14:00Z,Hornsea One,hornsea1,50,0
2026-09-25T14:00Z,Hornsea Two,hornsea2,75,0
2026-09-25T14:00Z,Keadby 2,keadby2,380,0
2026-09-25T14:00Z,Moray East,morayeast,280,280
2026-09-25T14:00Z,Moray West,moraywest,500,500
2026-09-25T14:00Z,Neart na Gaoithe,nng,235,85
2026-09-25T14:00Z,Pembroke,pembroke,1955,0
2026-09-25T14:00Z,Pen y Cymoedd,penycymoedd,25,0
2026-09-25T14:00Z,Race Bank,racebank,0,0
2026-09-25T14:00Z,Rampion,rampion,5,0
2026-09-25T14:00Z,Seagreen,seagreen,450,230
2026-09-25T14:00Z,Sizewell B,sizewellb,1190,0
2026-09-25T14:00Z,Staythorpe,staythorpe,995,0
2026-09-25T14:00Z,Torness,torness,1295,0
2026-09-25T14:00Z,Triton Knoll,triton,0,0
2026-09-25T14:00Z,Viking Link,viking,420,0
2026-09-25T14:00Z,Walney 1 & 2,walney,50,0
2026-09-25T14:00Z,Walney Extension,walneyx,140,0
2026-09-25T14:00Z,West Burton B,westburton,0,0
2026-09-25T14:00Z,Whitelee,whitelee,170,0
2026-09-25T14:00Z,connahsquay,connahsquay,0,0
2026-09-25T15:00Z,Beatrice,beatrice,270,0
2026-09-25T15:00Z,Burbo Bank Extension,burbo,20,0
2026-09-25T15:00Z,Carrington,carrington,415,0
2026-09-25T15:00Z,Clyde,clyde,130,0
2026-09-25T15:00Z,Cruachan,cruachan,240,0
2026-09-25T15:00Z,Didcot B,didcot,670,0
2026-09-25T15:00Z,Dinorwig,dinorwig,0,0
2026-09-25T15:00Z,Dogger Bank A,doggerA,70,0
2026-09-25T15:00Z,Dogger Bank B,doggerB,65,0
2026-09-25T15:00Z,Drax,drax,2495,0
2026-09-25T15:00Z,East Anglia ONE,ea1,0,0
2026-09-25T15:00Z,Ffestiniog,ffestiniog,0,0
2026-09-25T15:00Z,Foyers,foyers,150,0
2026-09-25T15:00Z,Galloper,galloper,5,0
2026-09-25T15:00Z,Grain,grainpp,605,0
2026-09-25T15:00Z,Greater Gabbard,gabbard,0,0
2026-09-25T15:00Z,Gwynt y Môr,gym,45,0
2026-09-25T15:00Z,Hartlepool,hartlepool,580,0
2026-09-25T15:00Z,Heysham 1,heysham1,410,0
2026-09-25T15:00Z,Heysham 2,heysham2,545,0
2026-09-25T15:00Z,Hornsea One,hornsea1,60,0
2026-09-25T15:00Z,Hornsea Two,hornsea2,75,0
2026-09-25T15:00Z,Keadby 2,keadby2,650,0
2026-09-25T15:00Z,Moray East,morayeast,285,285
2026-09-25T15:00Z,Moray West,moraywest,560,560
2026-09-25T15:00Z,Neart na Gaoithe,nng,250,30
2026-09-25T15:00Z,Pembroke,pembroke,2125,0
2026-09-25T15:00Z,Pen y Cymoedd,penycymoedd,35,0
2026-09-25T15:00Z,Race Bank,racebank,0,0
2026-09-25T15:00Z,Rampion,rampion,10,0
2026-09-25T15:00Z,Seagreen,seagreen,410,175
2026-09-25T15:00Z,Sizewell B,sizewellb,1190,0
2026-09-25T15:00Z,Staythorpe,staythorpe,1625,0
2026-09-25T15:00Z,Torness,torness,1295,0
2026-09-25T15:00Z,Triton Knoll,triton,0,0
2026-09-25T15:00Z,Viking Link,viking,410,0
2026-09-25T15:00Z,Walney 1 & 2,walney,70,0
2026-09-25T15:00Z,Walney Extension,walneyx,145,0
2026-09-25T15:00Z,West Burton B,westburton,90,0
2026-09-25T15:00Z,Whitelee,whitelee,145,0
2026-09-25T15:00Z,connahsquay,connahsquay,230,0
2026-09-25T16:00Z,Beatrice,beatrice,270,0
2026-09-25T16:00Z,Burbo Bank Extension,burbo,30,0
2026-09-25T16:00Z,Carrington,carrington,425,0
2026-09-25T16:00Z,Clyde,clyde,120,0
2026-09-25T16:00Z,Cruachan,cruachan,240,0
2026-09-25T16:00Z,Didcot B,didcot,675,0
2026-09-25T16:00Z,Dinorwig,dinorwig,800,0
2026-09-25T16:00Z,Dogger Bank A,doggerA,70,0
2026-09-25T16:00Z,Dogger Bank B,doggerB,70,0
2026-09-25T16:00Z,Drax,drax,2495,0
2026-09-25T16:00Z,East Anglia ONE,ea1,0,0
2026-09-25T16:00Z,Ffestiniog,ffestiniog,170,0
2026-09-25T16:00Z,Foyers,foyers,150,0
2026-09-25T16:00Z,Galloper,galloper,5,0
2026-09-25T16:00Z,Grain,grainpp,805,0
2026-09-25T16:00Z,Greater Gabbard,gabbard,0,0
2026-09-25T16:00Z,Gwynt y Môr,gym,55,0
2026-09-25T16:00Z,Hartlepool,hartlepool,580,0
2026-09-25T16:00Z,Heysham 1,heysham1,405,0
2026-09-25T16:00Z,Heysham 2,heysham2,545,0
2026-09-25T16:00Z,Hornsea One,hornsea1,45,0
2026-09-25T16:00Z,Hornsea Two,hornsea2,55,0
2026-09-25T16:00Z,Keadby 2,keadby2,815,0
2026-09-25T16:00Z,Moray East,morayeast,280,280
2026-09-25T16:00Z,Moray West,moraywest,530,530
2026-09-25T16:00Z,Neart na Gaoithe,nng,270,0
2026-09-25T16:00Z,Pembroke,pembroke,2130,0
2026-09-25T16:00Z,Pen y Cymoedd,penycymoedd,35,0
2026-09-25T16:00Z,Race Bank,racebank,10,0
2026-09-25T16:00Z,Rampion,rampion,15,0
2026-09-25T16:00Z,Seagreen,seagreen,465,95
2026-09-25T16:00Z,Sizewell B,sizewellb,1190,0
2026-09-25T16:00Z,Staythorpe,staythorpe,1645,0
2026-09-25T16:00Z,Torness,torness,1295,0
2026-09-25T16:00Z,Triton Knoll,triton,5,0
2026-09-25T16:00Z,Viking Link,viking,400,0
2026-09-25T16:00Z,Walney 1 & 2,walney,65,0
2026-09-25T16:00Z,Walney Extension,walneyx,145,0
2026-09-25T16:00Z,West Burton B,westburton,1130,0
2026-09-25T16:00Z,Whitelee,whitelee,120,0
2026-09-25T16:00Z,connahsquay,connahsquay,330,0
2026-09-25T17:00Z,Beatrice,beatrice,280,55
2026-09-25T17:00Z,Burbo Bank Extension,burbo,40,0
2026-09-25T17:00Z,Carrington,carrington,425,0
2026-09-25T17:00Z,Clyde,clyde,110,0
2026-09-25T17:00Z,Cruachan,cruachan,240,0
2026-09-25T17:00Z,Didcot B,didcot,680,0
2026-09-25T17:00Z,Dinorwig,dinorwig,900,0
2026-09-25T17:00Z,Dogger Bank A,doggerA,60,0
2026-09-25T17:00Z,Dogger Bank B,doggerB,60,0
2026-09-25T17:00Z,Drax,drax,2510,0
2026-09-25T17:00Z,East Anglia ONE,ea1,10,0
2026-09-25T17:00Z,Ffestiniog,ffestiniog,180,0
2026-09-25T17:00Z,Foyers,foyers,150,0
2026-09-25T17:00Z,Galloper,galloper,5,0
2026-09-25T17:00Z,Grain,grainpp,805,0
2026-09-25T17:00Z,Greater Gabbard,gabbard,0,0
2026-09-25T17:00Z,Gwynt y Môr,gym,75,0
2026-09-25T17:00Z,Hartlepool,hartlepool,580,0
2026-09-25T17:00Z,Heysham 1,heysham1,400,0
2026-09-25T17:00Z,Heysham 2,heysham2,545,0
2026-09-25T17:00Z,Hornsea One,hornsea1,40,0
2026-09-25T17:00Z,Hornsea Two,hornsea2,50,0
2026-09-25T17:00Z,Keadby 2,keadby2,820,0
2026-09-25T17:00Z,Moray East,morayeast,280,280
2026-09-25T17:00Z,Moray West,moraywest,510,510
2026-09-25T17:00Z,Neart na Gaoithe,nng,260,0
2026-09-25T17:00Z,Pembroke,pembroke,2135,0
2026-09-25T17:00Z,Pen y Cymoedd,penycymoedd,25,0
2026-09-25T17:00Z,Race Bank,racebank,20,0
2026-09-25T17:00Z,Rampion,rampion,30,0
2026-09-25T17:00Z,Seagreen,seagreen,520,100
2026-09-25T17:00Z,Sizewell B,sizewellb,1190,0
2026-09-25T17:00Z,Staythorpe,staythorpe,1655,0
2026-09-25T17:00Z,Torness,torness,1295,0
2026-09-25T17:00Z,Triton Knoll,triton,5,0
2026-09-25T17:00Z,Viking Link,viking,375,0
2026-09-25T17:00Z,Walney 1 & 2,walney,70,0
2026-09-25T17:00Z,Walney Extension,walneyx,160,0
2026-09-25T17:00Z,West Burton B,westburton,1205,0
2026-09-25T17:00Z,Whitelee,whitelee,90,0
2026-09-25T17:00Z,connahsquay,connahsquay,330,0
2026-09-25T18:00Z,Beatrice,beatrice,295,170
2026-09-25T18:00Z,Burbo Bank Extension,burbo,35,0
2026-09-25T18:00Z,Carrington,carrington,425,0
2026-09-25T18:00Z,Clyde,clyde,100,0
2026-09-25T18:00Z,Cruachan,cruachan,240,0
2026-09-25T18:00Z,Didcot B,didcot,690,0
2026-09-25T18:00Z,Dinorwig,dinorwig,900,0
2026-09-25T18:00Z,Dogger Bank A,doggerA,50,0
2026-09-25T18:00Z,Dogger Bank B,doggerB,50,0
2026-09-25T18:00Z,Drax,drax,2510,0
2026-09-25T18:00Z,East Anglia ONE,ea1,25,0
2026-09-25T18:00Z,Ffestiniog,ffestiniog,180,0
2026-09-25T18:00Z,Foyers,foyers,150,0
2026-09-25T18:00Z,Galloper,galloper,5,0
2026-09-25T18:00Z,Grain,grainpp,805,0
2026-09-25T18:00Z,Greater Gabbard,gabbard,0,0
2026-09-25T18:00Z,Gwynt y Môr,gym,90,0
2026-09-25T18:00Z,Hartlepool,hartlepool,580,0
2026-09-25T18:00Z,Heysham 1,heysham1,400,0
2026-09-25T18:00Z,Heysham 2,heysham2,545,0
2026-09-25T18:00Z,Hornsea One,hornsea1,35,0
2026-09-25T18:00Z,Hornsea Two,hornsea2,35,0
2026-09-25T18:00Z,Keadby 2,keadby2,825,0
2026-09-25T18:00Z,Moray East,morayeast,290,290
2026-09-25T18:00Z,Moray West,moraywest,535,440
2026-09-25T18:00Z,Neart na Gaoithe,nng,245,0
2026-09-25T18:00Z,Pembroke,pembroke,2140,0
2026-09-25T18:00Z,Pen y Cymoedd,penycymoedd,25,0
2026-09-25T18:00Z,Race Bank,racebank,25,0
2026-09-25T18:00Z,Rampion,rampion,50,0
2026-09-25T18:00Z,Seagreen,seagreen,605,130
2026-09-25T18:00Z,Sizewell B,sizewellb,1190,0
2026-09-25T18:00Z,Staythorpe,staythorpe,1660,0
2026-09-25T18:00Z,Torness,torness,1295,0
2026-09-25T18:00Z,Triton Knoll,triton,5,0
2026-09-25T18:00Z,Viking Link,viking,345,0
2026-09-25T18:00Z,Walney 1 & 2,walney,80,0
2026-09-25T18:00Z,Walney Extension,walneyx,210,0
2026-09-25T18:00Z,West Burton B,westburton,1210,0
2026-09-25T18:00Z,Whitelee,whitelee,100,0
2026-09-25T18:00Z,connahsquay,connahsquay,330,0
2026-09-25T19:00Z,Beatrice,beatrice,335,275
2026-09-25T19:00Z,Burbo Bank Extension,burbo,35,0
2026-09-25T19:00Z,Carrington,carrington,425,0
2026-09-25T19:00Z,Clyde,clyde,120,0
2026-09-25T19:00Z,Cruachan,cruachan,240,0
2026-09-25T19:00Z,Didcot B,didcot,695,0
2026-09-25T19:00Z,Dinorwig,dinorwig,600,0
2026-09-25T19:00Z,Dogger Bank A,doggerA,55,0
2026-09-25T19:00Z,Dogger Bank B,doggerB,60,0
2026-09-25T19:00Z,Drax,drax,2510,0
2026-09-25T19:00Z,East Anglia ONE,ea1,65,0
2026-09-25T19:00Z,Ffestiniog,ffestiniog,135,0
2026-09-25T19:00Z,Foyers,foyers,150,0
2026-09-25T19:00Z,Galloper,galloper,15,0
2026-09-25T19:00Z,Grain,grainpp,805,0
2026-09-25T19:00Z,Greater Gabbard,gabbard,0,0
2026-09-25T19:00Z,Gwynt y Môr,gym,105,0
2026-09-25T19:00Z,Hartlepool,hartlepool,580,0
2026-09-25T19:00Z,Heysham 1,heysham1,400,0
2026-09-25T19:00Z,Heysham 2,heysham2,545,0
2026-09-25T19:00Z,Hornsea One,hornsea1,35,0
2026-09-25T19:00Z,Hornsea Two,hornsea2,15,0
2026-09-25T19:00Z,Keadby 2,keadby2,510,0
2026-09-25T19:00Z,Moray East,morayeast,300,300
2026-09-25T19:00Z,Moray West,moraywest,465,320
2026-09-25T19:00Z,Neart na Gaoithe,nng,240,0
2026-09-25T19:00Z,Pembroke,pembroke,2145,0
2026-09-25T19:00Z,Pen y Cymoedd,penycymoedd,20,0
2026-09-25T19:00Z,Race Bank,racebank,10,0
2026-09-25T19:00Z,Rampion,rampion,80,0
2026-09-25T19:00Z,Seagreen,seagreen,565,170
2026-09-25T19:00Z,Sizewell B,sizewellb,1190,0
2026-09-25T19:00Z,Staythorpe,staythorpe,1665,0
2026-09-25T19:00Z,Torness,torness,1295,0
2026-09-25T19:00Z,Triton Knoll,triton,5,0
2026-09-25T19:00Z,Viking Link,viking,325,0
2026-09-25T19:00Z,Walney 1 & 2,walney,110,0
2026-09-25T19:00Z,Walney Extension,walneyx,275,0
2026-09-25T19:00Z,West Burton B,westburton,1210,0
2026-09-25T19:00Z,Whitelee,whitelee,90,0
2026-09-25T19:00Z,connahsquay,connahsquay,330,0
2026-09-25T20:00Z,Beatrice,beatrice,385,325
2026-09-25T20:00Z,Burbo Bank Extension,burbo,35,0
2026-09-25T20:00Z,Carrington,carrington,425,0
2026-09-25T20:00Z,Clyde,clyde,155,0
2026-09-25T20:00Z,Cruachan,cruachan,240,0
2026-09-25T20:00Z,Didcot B,didcot,700,0
2026-09-25T20:00Z,Dinorwig,dinorwig,270,0
2026-09-25T20:00Z,Dogger Bank A,doggerA,55,0
2026-09-25T20:00Z,Dogger Bank B,doggerB,80,0
2026-09-25T20:00Z,Drax,drax,2510,0
2026-09-25T20:00Z,East Anglia ONE,ea1,115,0
2026-09-25T20:00Z,Ffestiniog,ffestiniog,0,0
2026-09-25T20:00Z,Foyers,foyers,150,0
2026-09-25T20:00Z,Galloper,galloper,50,0
2026-09-25T20:00Z,Grain,grainpp,805,0
2026-09-25T20:00Z,Greater Gabbard,gabbard,10,0
2026-09-25T20:00Z,Gwynt y Môr,gym,130,0
2026-09-25T20:00Z,Hartlepool,hartlepool,580,0
2026-09-25T20:00Z,Heysham 1,heysham1,400,0
2026-09-25T20:00Z,Heysham 2,heysham2,545,0
2026-09-25T20:00Z,Hornsea One,hornsea1,20,0
2026-09-25T20:00Z,Hornsea Two,hornsea2,25,0
2026-09-25T20:00Z,Keadby 2,keadby2,0,0
2026-09-25T20:00Z,Moray East,morayeast,320,320
2026-09-25T20:00Z,Moray West,moraywest,550,380
2026-09-25T20:00Z,Neart na Gaoithe,nng,235,20
2026-09-25T20:00Z,Pembroke,pembroke,2145,0
2026-09-25T20:00Z,Pen y Cymoedd,penycymoedd,25,0
2026-09-25T20:00Z,Race Bank,racebank,5,0
2026-09-25T20:00Z,Rampion,rampion,105,0
2026-09-25T20:00Z,Seagreen,seagreen,515,125
2026-09-25T20:00Z,Sizewell B,sizewellb,1190,0
2026-09-25T20:00Z,Staythorpe,staythorpe,1655,0
2026-09-25T20:00Z,Torness,torness,1295,0
2026-09-25T20:00Z,Triton Knoll,triton,5,0
2026-09-25T20:00Z,Viking Link,viking,320,0
2026-09-25T20:00Z,Walney 1 & 2,walney,145,0
2026-09-25T20:00Z,Walney Extension,walneyx,385,0
2026-09-25T20:00Z,West Burton B,westburton,1085,0
2026-09-25T20:00Z,Whitelee,whitelee,125,0
2026-09-25T20:00Z,connahsquay,connahsquay,245,0
2026-09-25T21:00Z,Beatrice,beatrice,435,375
2026-09-25T21:00Z,Burbo Bank Extension,burbo,40,0
2026-09-25T21:00Z,Carrington,carrington,425,0
2026-09-25T21:00Z,Clyde,clyde,195,0
2026-09-25T21:00Z,Cruachan,cruachan,240,0
2026-09-25T21:00Z,Didcot B,didcot,705,0
2026-09-25T21:00Z,Dinorwig,dinorwig,0,0
2026-09-25T21:00Z,Dogger Bank A,doggerA,60,0
2026-09-25T21:00Z,Dogger Bank B,doggerB,90,0
2026-09-25T21:00Z,Drax,drax,2510,0
2026-09-25T21:00Z,East Anglia ONE,ea1,185,0
2026-09-25T21:00Z,Ffestiniog,ffestiniog,0,0
2026-09-25T21:00Z,Foyers,foyers,150,0
2026-09-25T21:00Z,Galloper,galloper,90,0
2026-09-25T21:00Z,Grain,grainpp,805,0
2026-09-25T21:00Z,Greater Gabbard,gabbard,60,0
2026-09-25T21:00Z,Gwynt y Môr,gym,155,0
2026-09-25T21:00Z,Hartlepool,hartlepool,580,0
2026-09-25T21:00Z,Heysham 1,heysham1,400,0
2026-09-25T21:00Z,Heysham 2,heysham2,545,0
2026-09-25T21:00Z,Hornsea One,hornsea1,25,0
2026-09-25T21:00Z,Hornsea Two,hornsea2,25,0
2026-09-25T21:00Z,Keadby 2,keadby2,0,0
2026-09-25T21:00Z,Moray East,morayeast,360,360
2026-09-25T21:00Z,Moray West,moraywest,610,440
2026-09-25T21:00Z,Neart na Gaoithe,nng,245,240
2026-09-25T21:00Z,Pembroke,pembroke,1845,0
2026-09-25T21:00Z,Pen y Cymoedd,penycymoedd,30,0
2026-09-25T21:00Z,Race Bank,racebank,10,0
2026-09-25T21:00Z,Rampion,rampion,140,0
2026-09-25T21:00Z,Seagreen,seagreen,485,365
2026-09-25T21:00Z,Sizewell B,sizewellb,1190,0
2026-09-25T21:00Z,Staythorpe,staythorpe,1400,0
2026-09-25T21:00Z,Torness,torness,1295,0
2026-09-25T21:00Z,Triton Knoll,triton,15,0
2026-09-25T21:00Z,Viking Link,viking,330,0
2026-09-25T21:00Z,Walney 1 & 2,walney,200,0
2026-09-25T21:00Z,Walney Extension,walneyx,465,0
2026-09-25T21:00Z,West Burton B,westburton,840,0
2026-09-25T21:00Z,Whitelee,whitelee,220,0
2026-09-25T21:00Z,connahsquay,connahsquay,0,0
2026-09-25T22:00Z,Beatrice,beatrice,465,405
2026-09-25T22:00Z,Burbo Bank Extension,burbo,50,0
2026-09-25T22:00Z,Carrington,carrington,420,0
2026-09-25T22:00Z,Clyde,clyde,230,0
2026-09-25T22:00Z,Cruachan,cruachan,115,0
2026-09-25T22:00Z,Didcot B,didcot,270,0
2026-09-25T22:00Z,Dinorwig,dinorwig,0,0
2026-09-25T22:00Z,Dogger Bank A,doggerA,85,0
2026-09-25T22:00Z,Dogger Bank B,doggerB,110,0
2026-09-25T22:00Z,Drax,drax,2510,0
2026-09-25T22:00Z,East Anglia ONE,ea1,175,0
2026-09-25T22:00Z,Ffestiniog,ffestiniog,0,0
2026-09-25T22:00Z,Foyers,foyers,150,0
2026-09-25T22:00Z,Galloper,galloper,120,0
2026-09-25T22:00Z,Grain,grainpp,805,0
2026-09-25T22:00Z,Greater Gabbard,gabbard,95,0
2026-09-25T22:00Z,Gwynt y Môr,gym,180,0
2026-09-25T22:00Z,Hartlepool,hartlepool,580,0
2026-09-25T22:00Z,Heysham 1,heysham1,400,0
2026-09-25T22:00Z,Heysham 2,heysham2,545,0
2026-09-25T22:00Z,Hornsea One,hornsea1,25,0
2026-09-25T22:00Z,Hornsea Two,hornsea2,30,0
2026-09-25T22:00Z,Keadby 2,keadby2,0,0
2026-09-25T22:00Z,Moray East,morayeast,400,400
2026-09-25T22:00Z,Moray West,moraywest,700,670
2026-09-25T22:00Z,Neart na Gaoithe,nng,315,315
2026-09-25T22:00Z,Pembroke,pembroke,775,0
2026-09-25T22:00Z,Pen y Cymoedd,penycymoedd,40,0
2026-09-25T22:00Z,Race Bank,racebank,15,0
2026-09-25T22:00Z,Rampion,rampion,165,0
2026-09-25T22:00Z,Seagreen,seagreen,535,420
2026-09-25T22:00Z,Sizewell B,sizewellb,1190,0
2026-09-25T22:00Z,Staythorpe,staythorpe,150,0
2026-09-25T22:00Z,Torness,torness,1295,0
2026-09-25T22:00Z,Triton Knoll,triton,15,0
2026-09-25T22:00Z,Viking Link,viking,330,0
2026-09-25T22:00Z,Walney 1 & 2,walney,225,0
2026-09-25T22:00Z,Walney Extension,walneyx,510,0
2026-09-25T22:00Z,West Burton B,westburton,705,0
2026-09-25T22:00Z,Whitelee,whitelee,240,45
2026-09-25T22:00Z,connahsquay,connahsquay,0,0
2026-09-25T23:00Z,Beatrice,beatrice,475,415
2026-09-25T23:00Z,Burbo Bank Extension,burbo,60,0
2026-09-25T23:00Z,Carrington,carrington,415,0
2026-09-25T23:00Z,Clyde,clyde,255,0
2026-09-25T23:00Z,Cruachan,cruachan,240,0
2026-09-25T23:00Z,Dinorwig,dinorwig,0,0
2026-09-25T23:00Z,Dogger Bank A,doggerA,115,0
2026-09-25T23:00Z,Dogger Bank B,doggerB,125,0
2026-09-25T23:00Z,Drax,drax,2510,0
2026-09-25T23:00Z,East Anglia ONE,ea1,145,0
2026-09-25T23:00Z,Ffestiniog,ffestiniog,0,0
2026-09-25T23:00Z,Foyers,foyers,150,0
2026-09-25T23:00Z,Galloper,galloper,120,0
2026-09-25T23:00Z,Grain,grainpp,810,0
2026-09-25T23:00Z,Greater Gabbard,gabbard,115,0
2026-09-25T23:00Z,Gwynt y Môr,gym,190,0
2026-09-25T23:00Z,Hartlepool,hartlepool,580,0
2026-09-25T23:00Z,Heysham 1,heysham1,400,0
2026-09-25T23:00Z,Heysham 2,heysham2,545,0
2026-09-25T23:00Z,Hornsea One,hornsea1,20,0
2026-09-25T23:00Z,Hornsea Two,hornsea2,40,0
2026-09-25T23:00Z,Moray East,morayeast,430,430
2026-09-25T23:00Z,Moray West,moraywest,730,705
2026-09-25T23:00Z,Neart na Gaoithe,nng,340,340
2026-09-25T23:00Z,Pembroke,pembroke,0,0
2026-09-25T23:00Z,Pen y Cymoedd,penycymoedd,40,0
2026-09-25T23:00Z,Race Bank,racebank,20,0
2026-09-25T23:00Z,Rampion,rampion,155,0
2026-09-25T23:00Z,Seagreen,seagreen,615,500
2026-09-25T23:00Z,Sizewell B,sizewellb,1190,0
2026-09-25T23:00Z,Staythorpe,staythorpe,0,0
2026-09-25T23:00Z,Torness,torness,1295,0
2026-09-25T23:00Z,Triton Knoll,triton,15,0
2026-09-25T23:00Z,Viking Link,viking,330,0
2026-09-25T23:00Z,Walney 1 & 2,walney,235,0
2026-09-25T23:00Z,Walney Extension,walneyx,490,0
2026-09-25T23:00Z,West Burton B,westburton,75,0
2026-09-25T23:00Z,Whitelee,whitelee,275,175
2026-09-25T23:00Z,connahsquay,connahsquay,0,0
2026-09-26T00:00Z,Beatrice,beatrice,495,435
2026-09-26T00:00Z,Burbo Bank Extension,burbo,70,0
2026-09-26T00:00Z,Carrington,carrington,415,0
2026-09-26T00:00Z,Clyde,clyde,285,0
2026-09-26T00:00Z,Cruachan,cruachan,240,0
2026-09-26T00:00Z,Dinorwig,dinorwig,0,0
2026-09-26T00:00Z,Dogger Bank A,doggerA,145,0
2026-09-26T00:00Z,Dogger Bank B,doggerB,150,0
2026-09-26T00:00Z,Drax,drax,2510,0
2026-09-26T00:00Z,East Anglia ONE,ea1,165,0
2026-09-26T00:00Z,Ffestiniog,ffestiniog,0,0
2026-09-26T00:00Z,Foyers,foyers,150,0
2026-09-26T00:00Z,Galloper,galloper,115,0
2026-09-26T00:00Z,Grain,grainpp,625,0
2026-09-26T00:00Z,Greater Gabbard,gabbard,105,0
2026-09-26T00:00Z,Gwynt y Môr,gym,210,0
2026-09-26T00:00Z,Hartlepool,hartlepool,580,0
2026-09-26T00:00Z,Heysham 1,heysham1,400,0
2026-09-26T00:00Z,Heysham 2,heysham2,545,0
2026-09-26T00:00Z,Hornsea One,hornsea1,60,0
2026-09-26T00:00Z,Hornsea Two,hornsea2,110,0
2026-09-26T00:00Z,Moray East,morayeast,450,450
2026-09-26T00:00Z,Moray West,moraywest,750,720
2026-09-26T00:00Z,Neart na Gaoithe,nng,355,355
2026-09-26T00:00Z,Pembroke,pembroke,0,0
2026-09-26T00:00Z,Pen y Cymoedd,penycymoedd,50,0
2026-09-26T00:00Z,Race Bank,racebank,50,0
2026-09-26T00:00Z,Rampion,rampion,150,0
2026-09-26T00:00Z,Seagreen,seagreen,695,580
2026-09-26T00:00Z,Sizewell B,sizewellb,1190,0
2026-09-26T00:00Z,Staythorpe,staythorpe,0,0
2026-09-26T00:00Z,Torness,torness,1295,0
2026-09-26T00:00Z,Triton Knoll,triton,20,0
2026-09-26T00:00Z,Viking Link,viking,350,0
2026-09-26T00:00Z,Walney 1 & 2,walney,220,0
2026-09-26T00:00Z,Walney Extension,walneyx,495,0
2026-09-26T00:00Z,West Burton B,westburton,0,0
2026-09-26T00:00Z,Whitelee,whitelee,305,195
2026-09-26T00:00Z,connahsquay,connahsquay,0,0
2026-09-26T01:00Z,Beatrice,beatrice,500,440
2026-09-26T01:00Z,Burbo Bank Extension,burbo,85,0
2026-09-26T01:00Z,Carrington,carrington,415,0
2026-09-26T01:00Z,Clyde,clyde,300,145
2026-09-26T01:00Z,Cruachan,cruachan,240,0
2026-09-26T01:00Z,Dinorwig,dinorwig,0,0
2026-09-26T01:00Z,Dogger Bank A,doggerA,180,0
2026-09-26T01:00Z,Dogger Bank B,doggerB,170,0
2026-09-26T01:00Z,Drax,drax,2510,0
2026-09-26T01:00Z,East Anglia ONE,ea1,160,0
2026-09-26T01:00Z,Ffestiniog,ffestiniog,0,0
2026-09-26T01:00Z,Foyers,foyers,150,0
2026-09-26T01:00Z,Galloper,galloper,115,0
2026-09-26T01:00Z,Grain,grainpp,0,0
2026-09-26T01:00Z,Greater Gabbard,gabbard,100,0
2026-09-26T01:00Z,Gwynt y Môr,gym,230,0
2026-09-26T01:00Z,Hartlepool,hartlepool,580,0
2026-09-26T01:00Z,Heysham 1,heysham1,400,0
2026-09-26T01:00Z,Heysham 2,heysham2,545,0
2026-09-26T01:00Z,Hornsea One,hornsea1,70,0
2026-09-26T01:00Z,Hornsea Two,hornsea2,115,0
2026-09-26T01:00Z,Moray East,morayeast,450,450
2026-09-26T01:00Z,Moray West,moraywest,750,720
2026-09-26T01:00Z,Neart na Gaoithe,nng,405,405
2026-09-26T01:00Z,Pembroke,pembroke,0,0
2026-09-26T01:00Z,Pen y Cymoedd,penycymoedd,50,0
2026-09-26T01:00Z,Race Bank,racebank,40,0
2026-09-26T01:00Z,Rampion,rampion,150,0
2026-09-26T01:00Z,Seagreen,seagreen,770,660
2026-09-26T01:00Z,Sizewell B,sizewellb,1190,0
2026-09-26T01:00Z,Staythorpe,staythorpe,0,0
2026-09-26T01:00Z,Torness,torness,1295,0
2026-09-26T01:00Z,Triton Knoll,triton,40,0
2026-09-26T01:00Z,Viking Link,viking,365,0
2026-09-26T01:00Z,Walney 1 & 2,walney,225,0
2026-09-26T01:00Z,Walney Extension,walneyx,490,0
2026-09-26T01:00Z,West Burton B,westburton,0,0
2026-09-26T01:00Z,Whitelee,whitelee,325,310
2026-09-26T01:00Z,connahsquay,connahsquay,0,0
2026-09-26T02:00Z,Beatrice,beatrice,510,450
2026-09-26T02:00Z,Burbo Bank Extension,burbo,95,0
2026-09-26T02:00Z,Carrington,carrington,415,0
2026-09-26T02:00Z,Clyde,clyde,320,245
2026-09-26T02:00Z,Cruachan,cruachan,240,0
2026-09-26T02:00Z,Dinorwig,dinorwig,0,0
2026-09-26T02:00Z,Dogger Bank A,doggerA,185,0
2026-09-26T02:00Z,Dogger Bank B,doggerB,165,0
2026-09-26T02:00Z,Drax,drax,2510,0
2026-09-26T02:00Z,East Anglia ONE,ea1,125,0
2026-09-26T02:00Z,Ffestiniog,ffestiniog,0,0
2026-09-26T02:00Z,Foyers,foyers,150,0
2026-09-26T02:00Z,Galloper,galloper,115,0
2026-09-26T02:00Z,Grain,grainpp,0,0
2026-09-26T02:00Z,Greater Gabbard,gabbard,125,0
2026-09-26T02:00Z,Gwynt y Môr,gym,255,0
2026-09-26T02:00Z,Hartlepool,hartlepool,580,0
2026-09-26T02:00Z,Heysham 1,heysham1,400,0
2026-09-26T02:00Z,Heysham 2,heysham2,545,0
2026-09-26T02:00Z,Hornsea One,hornsea1,95,0
2026-09-26T02:00Z,Hornsea Two,hornsea2,170,0
2026-09-26T02:00Z,Moray East,morayeast,440,440
2026-09-26T02:00Z,Moray West,moraywest,735,710
2026-09-26T02:00Z,Neart na Gaoithe,nng,420,420
2026-09-26T02:00Z,Pembroke,pembroke,0,0
2026-09-26T02:00Z,Pen y Cymoedd,penycymoedd,50,0
2026-09-26T02:00Z,Race Bank,racebank,40,0
2026-09-26T02:00Z,Rampion,rampion,145,0
2026-09-26T02:00Z,Seagreen,seagreen,835,725
2026-09-26T02:00Z,Sizewell B,sizewellb,1190,0
2026-09-26T02:00Z,Staythorpe,staythorpe,0,0
2026-09-26T02:00Z,Torness,torness,1295,0
2026-09-26T02:00Z,Triton Knoll,triton,40,0
2026-09-26T02:00Z,Viking Link,viking,390,0
2026-09-26T02:00Z,Walney 1 & 2,walney,245,0
2026-09-26T02:00Z,Walney Extension,walneyx,500,0
2026-09-26T02:00Z,West Burton B,westburton,0,0
2026-09-26T02:00Z,Whitelee,whitelee,300,290
2026-09-26T02:00Z,connahsquay,connahsquay,0,0
2026-09-26T03:00Z,Beatrice,beatrice,510,450
2026-09-26T03:00Z,Burbo Bank Extension,burbo,105,0
2026-09-26T03:00Z,Carrington,carrington,415,0
2026-09-26T03:00Z,Clyde,clyde,325,245
2026-09-26T03:00Z,Cruachan,cruachan,240,0
2026-09-26T03:00Z,Dinorwig,dinorwig,0,0
2026-09-26T03:00Z,Dogger Bank A,doggerA,175,0
2026-09-26T03:00Z,Dogger Bank B,doggerB,160,0
2026-09-26T03:00Z,Drax,drax,2510,0
2026-09-26T03:00Z,East Anglia ONE,ea1,145,0
2026-09-26T03:00Z,Ffestiniog,ffestiniog,0,0
2026-09-26T03:00Z,Foyers,foyers,150,0
2026-09-26T03:00Z,Galloper,galloper,100,0
2026-09-26T03:00Z,Grain,grainpp,0,0
2026-09-26T03:00Z,Greater Gabbard,gabbard,130,0
2026-09-26T03:00Z,Gwynt y Môr,gym,275,0
2026-09-26T03:00Z,Hartlepool,hartlepool,580,0
2026-09-26T03:00Z,Heysham 1,heysham1,400,0
2026-09-26T03:00Z,Heysham 2,heysham2,545,0
2026-09-26T03:00Z,Hornsea One,hornsea1,100,0
2026-09-26T03:00Z,Hornsea Two,hornsea2,170,0
2026-09-26T03:00Z,Moray East,morayeast,435,435
2026-09-26T03:00Z,Moray West,moraywest,750,720
2026-09-26T03:00Z,Neart na Gaoithe,nng,415,415
2026-09-26T03:00Z,Pembroke,pembroke,0,0
2026-09-26T03:00Z,Pen y Cymoedd,penycymoedd,45,0
2026-09-26T03:00Z,Race Bank,racebank,30,0
2026-09-26T03:00Z,Rampion,rampion,125,0
2026-09-26T03:00Z,Seagreen,seagreen,880,765
2026-09-26T03:00Z,Sizewell B,sizewellb,1190,0
2026-09-26T03:00Z,Staythorpe,staythorpe,0,0
2026-09-26T03:00Z,Torness,torness,1295,0
2026-09-26T03:00Z,Triton Knoll,triton,35,0
2026-09-26T03:00Z,Viking Link,viking,410,0
2026-09-26T03:00Z,Walney 1 & 2,walney,265,0
2026-09-26T03:00Z,Walney Extension,walneyx,500,0
2026-09-26T03:00Z,West Burton B,westburton,0,0
2026-09-26T03:00Z,Whitelee,whitelee,290,280
2026-09-26T03:00Z,connahsquay,connahsquay,0,0
2026-09-26T04:00Z,Beatrice,beatrice,500,440
2026-09-26T04:00Z,Burbo Bank Extension,burbo,115,0
2026-09-26T04:00Z,Carrington,carrington,415,0
2026-09-26T04:00Z,Clyde,clyde,305,230
2026-09-26T04:00Z,Cruachan,cruachan,120,0
2026-09-26T04:00Z,Dinorwig,dinorwig,0,0
2026-09-26T04:00Z,Dogger Bank A,doggerA,175,0
2026-09-26T04:00Z,Dogger Bank B,doggerB,180,0
2026-09-26T04:00Z,Drax,drax,2510,0
2026-09-26T04:00Z,East Anglia ONE,ea1,110,0
2026-09-26T04:00Z,Ffestiniog,ffestiniog,0,0
2026-09-26T04:00Z,Foyers,foyers,150,0
2026-09-26T04:00Z,Galloper,galloper,80,0
2026-09-26T04:00Z,Grain,grainpp,0,0
2026-09-26T04:00Z,Greater Gabbard,gabbard,125,0
2026-09-26T04:00Z,Gwynt y Môr,gym,270,0
2026-09-26T04:00Z,Hartlepool,hartlepool,580,0
2026-09-26T04:00Z,Heysham 1,heysham1,400,0
2026-09-26T04:00Z,Heysham 2,heysham2,545,0
2026-09-26T04:00Z,Hornsea One,hornsea1,90,0
2026-09-26T04:00Z,Hornsea Two,hornsea2,145,0
2026-09-26T04:00Z,Moray East,morayeast,415,415
2026-09-26T04:00Z,Moray West,moraywest,715,685
2026-09-26T04:00Z,Neart na Gaoithe,nng,395,395
2026-09-26T04:00Z,Pembroke,pembroke,0,0
2026-09-26T04:00Z,Pen y Cymoedd,penycymoedd,45,0
2026-09-26T04:00Z,Race Bank,racebank,20,0
2026-09-26T04:00Z,Rampion,rampion,105,0
2026-09-26T04:00Z,Seagreen,seagreen,890,780
2026-09-26T04:00Z,Sizewell B,sizewellb,1190,0
2026-09-26T04:00Z,Staythorpe,staythorpe,0,0
2026-09-26T04:00Z,Torness,torness,1295,0
2026-09-26T04:00Z,Triton Knoll,triton,25,0
2026-09-26T04:00Z,Viking Link,viking,425,0
2026-09-26T04:00Z,Walney 1 & 2,walney,255,0
2026-09-26T04:00Z,Walney Extension,walneyx,495,0
2026-09-26T04:00Z,West Burton B,westburton,0,0
2026-09-26T04:00Z,Whitelee,whitelee,310,300
2026-09-26T04:00Z,connahsquay,connahsquay,0,0
2026-09-26T05:00Z,Beatrice,beatrice,475,415
2026-09-26T05:00Z,Burbo Bank Extension,burbo,110,0
2026-09-26T05:00Z,Carrington,carrington,415,0
2026-09-26T05:00Z,Clyde,clyde,280,210
2026-09-26T05:00Z,Cruachan,cruachan,240,0
2026-09-26T05:00Z,Dinorwig,dinorwig,0,0
2026-09-26T05:00Z,Dogger Bank A,doggerA,200,0
2026-09-26T05:00Z,Dogger Bank B,doggerB,220,0
2026-09-26T05:00Z,Drax,drax,2510,0
2026-09-26T05:00Z,East Anglia ONE,ea1,130,0
2026-09-26T05:00Z,Ffestiniog,ffestiniog,90,0
2026-09-26T05:00Z,Foyers,foyers,150,0
2026-09-26T05:00Z,Galloper,galloper,70,0
2026-09-26T05:00Z,Grain,grainpp,0,0
2026-09-26T05:00Z,Greater Gabbard,gabbard,105,0
2026-09-26T05:00Z,Gwynt y Môr,gym,260,0
2026-09-26T05:00Z,Hartlepool,hartlepool,580,0
2026-09-26T05:00Z,Heysham 1,heysham1,400,0
2026-09-26T05:00Z,Heysham 2,heysham2,545,0
2026-09-26T05:00Z,Hornsea One,hornsea1,75,0
2026-09-26T05:00Z,Hornsea Two,hornsea2,120,0
2026-09-26T05:00Z,Moray East,morayeast,395,395
2026-09-26T05:00Z,Moray West,moraywest,630,600
2026-09-26T05:00Z,Neart na Gaoithe,nng,380,380
2026-09-26T05:00Z,Pembroke,pembroke,0,0
2026-09-26T05:00Z,Pen y Cymoedd,penycymoedd,40,0
2026-09-26T05:00Z,Race Bank,racebank,15,0
2026-09-26T05:00Z,Rampion,rampion,85,0
2026-09-26T05:00Z,Seagreen,seagreen,905,790
2026-09-26T05:00Z,Sizewell B,sizewellb,1190,0
2026-09-26T05:00Z,Staythorpe,staythorpe,0,0
2026-09-26T05:00Z,Torness,torness,1295,0
2026-09-26T05:00Z,Triton Knoll,triton,15,0
2026-09-26T05:00Z,Viking Link,viking,425,0
2026-09-26T05:00Z,Walney 1 & 2,walney,235,0
2026-09-26T05:00Z,Walney Extension,walneyx,465,0
2026-09-26T05:00Z,West Burton B,westburton,0,0
2026-09-26T05:00Z,Whitelee,whitelee,275,265
2026-09-26T05:00Z,connahsquay,connahsquay,0,0
2026-09-26T06:00Z,Beatrice,beatrice,425,365
2026-09-26T06:00Z,Burbo Bank Extension,burbo,95,0
2026-09-26T06:00Z,Carrington,carrington,415,0
2026-09-26T06:00Z,Clyde,clyde,255,70
2026-09-26T06:00Z,Cruachan,cruachan,0,0
2026-09-26T06:00Z,Dinorwig,dinorwig,0,0
2026-09-26T06:00Z,Dogger Bank A,doggerA,240,0
2026-09-26T06:00Z,Dogger Bank B,doggerB,255,0
2026-09-26T06:00Z,Drax,drax,2510,0
2026-09-26T06:00Z,East Anglia ONE,ea1,85,0
2026-09-26T06:00Z,Ffestiniog,ffestiniog,90,0
2026-09-26T06:00Z,Foyers,foyers,150,0
2026-09-26T06:00Z,Galloper,galloper,60,0
2026-09-26T06:00Z,Grain,grainpp,0,0
2026-09-26T06:00Z,Greater Gabbard,gabbard,85,0
2026-09-26T06:00Z,Gwynt y Môr,gym,255,0
2026-09-26T06:00Z,Hartlepool,hartlepool,580,0
2026-09-26T06:00Z,Heysham 1,heysham1,400,0
2026-09-26T06:00Z,Heysham 2,heysham2,545,0
2026-09-26T06:00Z,Hornsea One,hornsea1,65,0
2026-09-26T06:00Z,Hornsea Two,hornsea2,105,0
2026-09-26T06:00Z,Moray East,morayeast,375,375
2026-09-26T06:00Z,Moray West,moraywest,645,620
2026-09-26T06:00Z,Neart na Gaoithe,nng,365,365
2026-09-26T06:00Z,Pembroke,pembroke,0,0
2026-09-26T06:00Z,Pen y Cymoedd,penycymoedd,25,0
2026-09-26T06:00Z,Race Bank,racebank,15,0
2026-09-26T06:00Z,Rampion,rampion,65,0
2026-09-26T06:00Z,Seagreen,seagreen,915,800
2026-09-26T06:00Z,Sizewell B,sizewellb,1190,0
2026-09-26T06:00Z,Staythorpe,staythorpe,0,0
2026-09-26T06:00Z,Torness,torness,1295,0
2026-09-26T06:00Z,Triton Knoll,triton,15,0
2026-09-26T06:00Z,Viking Link,viking,430,0
2026-09-26T06:00Z,Walney 1 & 2,walney,200,0
2026-09-26T06:00Z,Walney Extension,walneyx,410,0
2026-09-26T06:00Z,West Burton B,westburton,0,0
2026-09-26T06:00Z,Whitelee,whitelee,255,230
2026-09-26T06:00Z,connahsquay,connahsquay,0,0
2026-09-26T07:00Z,Beatrice,beatrice,375,310
2026-09-26T07:00Z,Burbo Bank Extension,burbo,95,0
2026-09-26T07:00Z,Carrington,carrington,60,0
2026-09-26T07:00Z,Clyde,clyde,235,0
2026-09-26T07:00Z,Cruachan,cruachan,0,0
2026-09-26T07:00Z,Dinorwig,dinorwig,0,0
2026-09-26T07:00Z,Dogger Bank A,doggerA,270,0
2026-09-26T07:00Z,Dogger Bank B,doggerB,285,0
2026-09-26T07:00Z,Drax,drax,2510,0
2026-09-26T07:00Z,East Anglia ONE,ea1,75,0
2026-09-26T07:00Z,Ffestiniog,ffestiniog,0,0
2026-09-26T07:00Z,Foyers,foyers,150,0
2026-09-26T07:00Z,Galloper,galloper,45,0
2026-09-26T07:00Z,Grain,grainpp,0,0
2026-09-26T07:00Z,Greater Gabbard,gabbard,60,0
2026-09-26T07:00Z,Gwynt y Môr,gym,275,0
2026-09-26T07:00Z,Hartlepool,hartlepool,580,0
2026-09-26T07:00Z,Heysham 1,heysham1,400,0
2026-09-26T07:00Z,Heysham 2,heysham2,545,0
2026-09-26T07:00Z,Hornsea One,hornsea1,55,0
2026-09-26T07:00Z,Hornsea Two,hornsea2,95,0
2026-09-26T07:00Z,Moray East,morayeast,335,335
2026-09-26T07:00Z,Moray West,moraywest,610,580
2026-09-26T07:00Z,Neart na Gaoithe,nng,345,310
2026-09-26T07:00Z,Pembroke,pembroke,0,0
2026-09-26T07:00Z,Pen y Cymoedd,penycymoedd,20,0
2026-09-26T07:00Z,Race Bank,racebank,15,0
2026-09-26T07:00Z,Rampion,rampion,50,0
2026-09-26T07:00Z,Seagreen,seagreen,905,790
2026-09-26T07:00Z,Sizewell B,sizewellb,1190,0
2026-09-26T07:00Z,Staythorpe,staythorpe,0,0
2026-09-26T07:00Z,Torness,torness,1295,0
2026-09-26T07:00Z,Triton Knoll,triton,15,0
2026-09-26T07:00Z,Viking Link,viking,410,0
2026-09-26T07:00Z,Walney 1 & 2,walney,185,0
2026-09-26T07:00Z,Walney Extension,walneyx,375,0
2026-09-26T07:00Z,West Burton B,westburton,0,0
2026-09-26T07:00Z,Whitelee,whitelee,250,0
2026-09-26T07:00Z,connahsquay,connahsquay,0,0
2026-09-26T08:00Z,Beatrice,beatrice,335,30
2026-09-26T08:00Z,Burbo Bank Extension,burbo,75,0
2026-09-26T08:00Z,Carrington,carrington,0,0
2026-09-26T08:00Z,Clyde,clyde,180,0
2026-09-26T08:00Z,Cruachan,cruachan,0,0
2026-09-26T08:00Z,Dinorwig,dinorwig,0,0
2026-09-26T08:00Z,Dogger Bank A,doggerA,305,0
2026-09-26T08:00Z,Dogger Bank B,doggerB,330,0
2026-09-26T08:00Z,Drax,drax,1915,0
2026-09-26T08:00Z,East Anglia ONE,ea1,50,0
2026-09-26T08:00Z,Ffestiniog,ffestiniog,0,0
2026-09-26T08:00Z,Foyers,foyers,150,0
2026-09-26T08:00Z,Galloper,galloper,35,0
2026-09-26T08:00Z,Grain,grainpp,0,0
2026-09-26T08:00Z,Greater Gabbard,gabbard,40,0
2026-09-26T08:00Z,Gwynt y Môr,gym,275,0
2026-09-26T08:00Z,Hartlepool,hartlepool,580,0
2026-09-26T08:00Z,Heysham 1,heysham1,400,0
2026-09-26T08:00Z,Heysham 2,heysham2,545,0
2026-09-26T08:00Z,Hornsea One,hornsea1,75,0
2026-09-26T08:00Z,Hornsea Two,hornsea2,115,0
2026-09-26T08:00Z,Moray East,morayeast,275,275
2026-09-26T08:00Z,Moray West,moraywest,515,485
2026-09-26T08:00Z,Neart na Gaoithe,nng,335,165
2026-09-26T08:00Z,Pembroke,pembroke,0,0
2026-09-26T08:00Z,Pen y Cymoedd,penycymoedd,25,0
2026-09-26T08:00Z,Race Bank,racebank,25,0
2026-09-26T08:00Z,Rampion,rampion,30,0
2026-09-26T08:00Z,Seagreen,seagreen,900,785
2026-09-26T08:00Z,Sizewell B,sizewellb,1190,0
2026-09-26T08:00Z,Staythorpe,staythorpe,0,0
2026-09-26T08:00Z,Torness,torness,1295,0
2026-09-26T08:00Z,Triton Knoll,triton,15,0
2026-09-26T08:00Z,Viking Link,viking,365,0
2026-09-26T08:00Z,Walney 1 & 2,walney,165,0
2026-09-26T08:00Z,Walney Extension,walneyx,370,0
2026-09-26T08:00Z,West Burton B,westburton,0,0
2026-09-26T08:00Z,Whitelee,whitelee,185,0
2026-09-26T08:00Z,connahsquay,connahsquay,0,0
2026-09-26T09:00Z,Beatrice,beatrice,275,0
2026-09-26T09:00Z,Burbo Bank Extension,burbo,70,0
2026-09-26T09:00Z,Carrington,carrington,0,0
2026-09-26T09:00Z,Clyde,clyde,180,0
2026-09-26T09:00Z,Cruachan,cruachan,0,0
2026-09-26T09:00Z,Dinorwig,dinorwig,0,0
2026-09-26T09:00Z,Dogger Bank A,doggerA,355,0
2026-09-26T09:00Z,Dogger Bank B,doggerB,360,0
2026-09-26T09:00Z,Drax,drax,970,0
2026-09-26T09:00Z,East Anglia ONE,ea1,40,0
2026-09-26T09:00Z,Ffestiniog,ffestiniog,0,0
2026-09-26T09:00Z,Foyers,foyers,150,0
2026-09-26T09:00Z,Galloper,galloper,15,0
2026-09-26T09:00Z,Grain,grainpp,0,0
2026-09-26T09:00Z,Greater Gabbard,gabbard,30,0
2026-09-26T09:00Z,Gwynt y Môr,gym,250,0
2026-09-26T09:00Z,Hartlepool,hartlepool,580,0
2026-09-26T09:00Z,Heysham 1,heysham1,400,0
2026-09-26T09:00Z,Heysham 2,heysham2,545,0
2026-09-26T09:00Z,Hornsea One,hornsea1,100,0
2026-09-26T09:00Z,Hornsea Two,hornsea2,145,0
2026-09-26T09:00Z,Moray East,morayeast,235,235
2026-09-26T09:00Z,Moray West,moraywest,400,375
2026-09-26T09:00Z,Neart na Gaoithe,nng,360,200
2026-09-26T09:00Z,Pembroke,pembroke,0,0
2026-09-26T09:00Z,Pen y Cymoedd,penycymoedd,35,0
2026-09-26T09:00Z,Race Bank,racebank,30,0
2026-09-26T09:00Z,Rampion,rampion,10,0
2026-09-26T09:00Z,Seagreen,seagreen,880,765
2026-09-26T09:00Z,Sizewell B,sizewellb,1190,0
2026-09-26T09:00Z,Staythorpe,staythorpe,0,0
2026-09-26T09:00Z,Torness,torness,1295,0
2026-09-26T09:00Z,Triton Knoll,triton,20,0
2026-09-26T09:00Z,Viking Link,viking,305,0
2026-09-26T09:00Z,Walney 1 & 2,walney,140,0
2026-09-26T09:00Z,Walney Extension,walneyx,325,0
2026-09-26T09:00Z,West Burton B,westburton,0,0
2026-09-26T09:00Z,Whitelee,whitelee,210,0
2026-09-26T09:00Z,connahsquay,connahsquay,0,0
2026-09-26T10:00Z,Beatrice,beatrice,235,0
2026-09-26T10:00Z,Burbo Bank Extension,burbo,65,0
2026-09-26T10:00Z,Carrington,carrington,0,0
2026-09-26T10:00Z,Clyde,clyde,180,0
2026-09-26T10:00Z,Cruachan,cruachan,0,0
2026-09-26T10:00Z,Dinorwig,dinorwig,0,0
2026-09-26T10:00Z,Dogger Bank A,doggerA,365,0
2026-09-26T10:00Z,Dogger Bank B,doggerB,345,0
2026-09-26T10:00Z,Drax,drax,860,0
2026-09-26T10:00Z,East Anglia ONE,ea1,30,0
2026-09-26T10:00Z,Ffestiniog,ffestiniog,0,0
2026-09-26T10:00Z,Foyers,foyers,0,0
2026-09-26T10:00Z,Galloper,galloper,5,0
2026-09-26T10:00Z,Grain,grainpp,0,0
2026-09-26T10:00Z,Greater Gabbard,gabbard,15,0
2026-09-26T10:00Z,Gwynt y Môr,gym,240,0
2026-09-26T10:00Z,Hartlepool,hartlepool,580,0
2026-09-26T10:00Z,Heysham 1,heysham1,400,0
2026-09-26T10:00Z,Heysham 2,heysham2,545,0
2026-09-26T10:00Z,Hornsea One,hornsea1,130,0
2026-09-26T10:00Z,Hornsea Two,hornsea2,185,30
2026-09-26T10:00Z,Moray East,morayeast,230,230
2026-09-26T10:00Z,Moray West,moraywest,380,355
2026-09-26T10:00Z,Neart na Gaoithe,nng,390,230
2026-09-26T10:00Z,Pembroke,pembroke,0,0
2026-09-26T10:00Z,Pen y Cymoedd,penycymoedd,35,0
2026-09-26T10:00Z,Race Bank,racebank,40,0
2026-09-26T10:00Z,Rampion,rampion,0,0
2026-09-26T10:00Z,Seagreen,seagreen,840,725
2026-09-26T10:00Z,Sizewell B,sizewellb,1190,0
2026-09-26T10:00Z,Staythorpe,staythorpe,0,0
2026-09-26T10:00Z,Torness,torness,1295,0
2026-09-26T10:00Z,Triton Knoll,triton,25,0
2026-09-26T10:00Z,Viking Link,viking,275,0
2026-09-26T10:00Z,Walney 1 & 2,walney,130,0
2026-09-26T10:00Z,Walney Extension,walneyx,300,0
2026-09-26T10:00Z,West Burton B,westburton,0,0
2026-09-26T10:00Z,Whitelee,whitelee,205,35
2026-09-26T10:00Z,connahsquay,connahsquay,0,0
2026-09-26T11:00Z,Beatrice,beatrice,225,0
2026-09-26T11:00Z,Burbo Bank Extension,burbo,50,0
2026-09-26T11:00Z,Carrington,carrington,0,0
2026-09-26T11:00Z,Clyde,clyde,190,70
2026-09-26T11:00Z,Cruachan,cruachan,0,0
2026-09-26T11:00Z,Dinorwig,dinorwig,0,0
2026-09-26T11:00Z,Dogger Bank A,doggerA,350,0
2026-09-26T11:00Z,Dogger Bank B,doggerB,315,0
2026-09-26T11:00Z,Drax,drax,860,0
2026-09-26T11:00Z,East Anglia ONE,ea1,20,0
2026-09-26T11:00Z,Ffestiniog,ffestiniog,0,0
2026-09-26T11:00Z,Foyers,foyers,0,0
2026-09-26T11:00Z,Galloper,galloper,5,0
2026-09-26T11:00Z,Grain,grainpp,0,0
2026-09-26T11:00Z,Greater Gabbard,gabbard,5,0
2026-09-26T11:00Z,Gwynt y Môr,gym,235,0
2026-09-26T11:00Z,Hartlepool,hartlepool,580,0
2026-09-26T11:00Z,Heysham 1,heysham1,400,0
2026-09-26T11:00Z,Heysham 2,heysham2,545,0
2026-09-26T11:00Z,Hornsea One,hornsea1,150,0
2026-09-26T11:00Z,Hornsea Two,hornsea2,205,175
2026-09-26T11:00Z,Moray East,morayeast,225,225
2026-09-26T11:00Z,Moray West,moraywest,405,380
2026-09-26T11:00Z,Neart na Gaoithe,nng,385,345
2026-09-26T11:00Z,Pembroke,pembroke,0,0
2026-09-26T11:00Z,Pen y Cymoedd,penycymoedd,35,0
2026-09-26T11:00Z,Race Bank,racebank,45,0
2026-09-26T11:00Z,Rampion,rampion,0,0
2026-09-26T11:00Z,Seagreen,seagreen,785,675
2026-09-26T11:00Z,Sizewell B,sizewellb,1190,0
2026-09-26T11:00Z,Staythorpe,staythorpe,0,0
2026-09-26T11:00Z,Torness,torness,1295,0
2026-09-26T11:00Z,Triton Knoll,triton,30,0
2026-09-26T11:00Z,Viking Link,viking,270,0
2026-09-26T11:00Z,Walney 1 & 2,walney,115,0
2026-09-26T11:00Z,Walney Extension,walneyx,265,0
2026-09-26T11:00Z,West Burton B,westburton,0,0
2026-09-26T11:00Z,Whitelee,whitelee,230,140
2026-09-26T11:00Z,connahsquay,connahsquay,0,0
2026-09-26T12:00Z,Beatrice,beatrice,220,0
2026-09-26T12:00Z,Burbo Bank Extension,burbo,40,0
2026-09-26T12:00Z,Carrington,carrington,0,0
2026-09-26T12:00Z,Clyde,clyde,205,180
2026-09-26T12:00Z,Cruachan,cruachan,0,0
2026-09-26T12:00Z,Dinorwig,dinorwig,0,0
2026-09-26T12:00Z,Dogger Bank A,doggerA,330,0
2026-09-26T12:00Z,Dogger Bank B,doggerB,310,0
2026-09-26T12:00Z,Drax,drax,860,0
2026-09-26T12:00Z,East Anglia ONE,ea1,10,0
2026-09-26T12:00Z,Ffestiniog,ffestiniog,0,0
2026-09-26T12:00Z,Foyers,foyers,0,0
2026-09-26T12:00Z,Galloper,galloper,5,0
2026-09-26T12:00Z,Grain,grainpp,0,0
2026-09-26T12:00Z,Greater Gabbard,gabbard,0,0
2026-09-26T12:00Z,Gwynt y Môr,gym,200,0
2026-09-26T12:00Z,Hartlepool,hartlepool,580,0
2026-09-26T12:00Z,Heysham 1,heysham1,400,0
2026-09-26T12:00Z,Heysham 2,heysham2,545,0
2026-09-26T12:00Z,Hornsea One,hornsea1,175,0
2026-09-26T12:00Z,Hornsea Two,hornsea2,215,185
2026-09-26T12:00Z,Moray East,morayeast,220,220
2026-09-26T12:00Z,Moray West,moraywest,510,480
2026-09-26T12:00Z,Neart na Gaoithe,nng,350,340
2026-09-26T12:00Z,Pembroke,pembroke,0,0
2026-09-26T12:00Z,Pen y Cymoedd,penycymoedd,35,0
2026-09-26T12:00Z,Race Bank,racebank,65,0
2026-09-26T12:00Z,Rampion,rampion,0,0
2026-09-26T12:00Z,Seagreen,seagreen,740,625
2026-09-26T12:00Z,Sizewell B,sizewellb,1190,0
2026-09-26T12:00Z,Staythorpe,staythorpe,0,0
2026-09-26T12:00Z,Torness,torness,1295,0
2026-09-26T12:00Z,Triton Knoll,triton,45,0
2026-09-26T12:00Z,Viking Link,viking,290,0
2026-09-26T12:00Z,Walney 1 & 2,walney,105,5
2026-09-26T12:00Z,Walney Extension,walneyx,290,10
2026-09-26T12:00Z,West Burton B,westburton,0,0
2026-09-26T12:00Z,Whitelee,whitelee,240,150
2026-09-26T12:00Z,connahsquay,connahsquay,0,0
2026-09-26T13:00Z,Beatrice,beatrice,265,0
2026-09-26T13:00Z,Burbo Bank Extension,burbo,40,0
2026-09-26T13:00Z,Carrington,carrington,0,0
2026-09-26T13:00Z,Clyde,clyde,220,25
2026-09-26T13:00Z,Cruachan,cruachan,0,0
2026-09-26T13:00Z,Dinorwig,dinorwig,0,0
2026-09-26T13:00Z,Dogger Bank A,doggerA,305,0
2026-09-26T13:00Z,Dogger Bank B,doggerB,310,0
2026-09-26T13:00Z,Drax,drax,860,0
2026-09-26T13:00Z,East Anglia ONE,ea1,0,0
2026-09-26T13:00Z,Ffestiniog,ffestiniog,0,0
2026-09-26T13:00Z,Foyers,foyers,0,0
2026-09-26T13:00Z,Galloper,galloper,5,0
2026-09-26T13:00Z,Grain,grainpp,0,0
2026-09-26T13:00Z,Greater Gabbard,gabbard,0,0
2026-09-26T13:00Z,Gwynt y Môr,gym,175,0
2026-09-26T13:00Z,Hartlepool,hartlepool,580,0
2026-09-26T13:00Z,Heysham 1,heysham1,400,0
2026-09-26T13:00Z,Heysham 2,heysham2,545,0
2026-09-26T13:00Z,Hornsea One,hornsea1,200,0
2026-09-26T13:00Z,Hornsea Two,hornsea2,175,20
2026-09-26T13:00Z,Moray East,morayeast,240,240
2026-09-26T13:00Z,Moray West,moraywest,515,485
2026-09-26T13:00Z,Neart na Gaoithe,nng,295,290
2026-09-26T13:00Z,Pembroke,pembroke,0,0
2026-09-26T13:00Z,Pen y Cymoedd,penycymoedd,35,0
2026-09-26T13:00Z,Race Bank,racebank,70,0
2026-09-26T13:00Z,Rampion,rampion,0,0
2026-09-26T13:00Z,Seagreen,seagreen,690,630
2026-09-26T13:00Z,Sizewell B,sizewellb,1190,0
2026-09-26T13:00Z,Staythorpe,staythorpe,0,0
2026-09-26T13:00Z,Torness,torness,1295,0
2026-09-26T13:00Z,Triton Knoll,triton,55,0
2026-09-26T13:00Z,Viking Link,viking,265,0
2026-09-26T13:00Z,Walney 1 & 2,walney,135,5
2026-09-26T13:00Z,Walney Extension,walneyx,395,5
2026-09-26T13:00Z,West Burton B,westburton,5,0
2026-09-26T13:00Z,Whitelee,whitelee,210,0
2026-09-26T13:00Z,connahsquay,connahsquay,0,0
2026-09-26T14:00Z,Beatrice,beatrice,270,0
2026-09-26T14:00Z,Burbo Bank Extension,burbo,50,0
2026-09-26T14:00Z,Carrington,carrington,150,0
2026-09-26T14:00Z,Clyde,clyde,230,0
2026-09-26T14:00Z,Cruachan,cruachan,0,0
2026-09-26T14:00Z,Dinorwig,dinorwig,0,0
2026-09-26T14:00Z,Dogger Bank A,doggerA,305,0
2026-09-26T14:00Z,Dogger Bank B,doggerB,305,0
2026-09-26T14:00Z,Drax,drax,1275,0
2026-09-26T14:00Z,East Anglia ONE,ea1,0,0
2026-09-26T14:00Z,Ffestiniog,ffestiniog,0,0
2026-09-26T14:00Z,Foyers,foyers,0,0
2026-09-26T14:00Z,Galloper,galloper,5,0
2026-09-26T14:00Z,Grain,grainpp,0,0
2026-09-26T14:00Z,Greater Gabbard,gabbard,0,0
2026-09-26T14:00Z,Gwynt y Môr,gym,155,0
2026-09-26T14:00Z,Hartlepool,hartlepool,580,0
2026-09-26T14:00Z,Heysham 1,heysham1,400,0
2026-09-26T14:00Z,Heysham 2,heysham2,545,0
2026-09-26T14:00Z,Hornsea One,hornsea1,200,0
2026-09-26T14:00Z,Hornsea Two,hornsea2,170,0
2026-09-26T14:00Z,Moray East,morayeast,235,235
2026-09-26T14:00Z,Moray West,moraywest,560,530
2026-09-26T14:00Z,Neart na Gaoithe,nng,295,290
2026-09-26T14:00Z,Pembroke,pembroke,80,0
2026-09-26T14:00Z,Pen y Cymoedd,penycymoedd,25,0
2026-09-26T14:00Z,Race Bank,racebank,50,0
2026-09-26T14:00Z,Rampion,rampion,0,0
2026-09-26T14:00Z,Seagreen,seagreen,610,580
2026-09-26T14:00Z,Sizewell B,sizewellb,1190,0
2026-09-26T14:00Z,Staythorpe,staythorpe,25,0
2026-09-26T14:00Z,Torness,torness,1295,0
2026-09-26T14:00Z,Triton Knoll,triton,65,0
2026-09-26T14:00Z,Viking Link,viking,270,0
2026-09-26T14:00Z,Walney 1 & 2,walney,130,0
2026-09-26T14:00Z,Walney Extension,walneyx,375,0
2026-09-26T14:00Z,West Burton B,westburton,0,0
2026-09-26T14:00Z,Whitelee,whitelee,240,0
2026-09-26T14:00Z,connahsquay,connahsquay,0,0
2026-09-26T15:00Z,Beatrice,beatrice,295,0
2026-09-26T15:00Z,Burbo Bank Extension,burbo,60,0
2026-09-26T15:00Z,Carrington,carrington,425,0
2026-09-26T15:00Z,Clyde,clyde,245,0
2026-09-26T15:00Z,Cruachan,cruachan,0,0
2026-09-26T15:00Z,Dinorwig,dinorwig,0,0
2026-09-26T15:00Z,Dogger Bank A,doggerA,290,0
2026-09-26T15:00Z,Dogger Bank B,doggerB,300,0
2026-09-26T15:00Z,Drax,drax,2270,0
2026-09-26T15:00Z,East Anglia ONE,ea1,0,0
2026-09-26T15:00Z,Ffestiniog,ffestiniog,0,0
2026-09-26T15:00Z,Foyers,foyers,0,0
2026-09-26T15:00Z,Galloper,galloper,5,0
2026-09-26T15:00Z,Grain,grainpp,210,0
2026-09-26T15:00Z,Greater Gabbard,gabbard,0,0
2026-09-26T15:00Z,Gwynt y Môr,gym,135,0
2026-09-26T15:00Z,Hartlepool,hartlepool,580,0
2026-09-26T15:00Z,Heysham 1,heysham1,400,0
2026-09-26T15:00Z,Heysham 2,heysham2,545,0
2026-09-26T15:00Z,Hornsea One,hornsea1,210,0
2026-09-26T15:00Z,Hornsea Two,hornsea2,240,0
2026-09-26T15:00Z,Moray East,morayeast,250,250
2026-09-26T15:00Z,Moray West,moraywest,620,590
2026-09-26T15:00Z,Neart na Gaoithe,nng,295,290
2026-09-26T15:00Z,Pembroke,pembroke,825,0
2026-09-26T15:00Z,Pen y Cymoedd,penycymoedd,20,0
2026-09-26T15:00Z,Race Bank,racebank,55,0
2026-09-26T15:00Z,Rampion,rampion,0,0
2026-09-26T15:00Z,Seagreen,seagreen,540,525
2026-09-26T15:00Z,Sizewell B,sizewellb,1190,0
2026-09-26T15:00Z,Staythorpe,staythorpe,480,0
2026-09-26T15:00Z,Torness,torness,1295,0
2026-09-26T15:00Z,Triton Knoll,triton,65,0
2026-09-26T15:00Z,Viking Link,viking,280,0
2026-09-26T15:00Z,Walney 1 & 2,walney,145,0
2026-09-26T15:00Z,Walney Extension,walneyx,470,0
2026-09-26T15:00Z,West Burton B,westburton,355,0
2026-09-26T15:00Z,Whitelee,whitelee,210,0
2026-09-26T15:00Z,connahsquay,connahsquay,0,0
2026-09-26T16:00Z,Beatrice,beatrice,320,20
2026-09-26T16:00Z,Burbo Bank Extension,burbo,65,0
2026-09-26T16:00Z,Carrington,carrington,425,0
2026-09-26T16:00Z,Clyde,clyde,250,0
2026-09-26T16:00Z,Cruachan,cruachan,180,0
2026-09-26T16:00Z,Dinorwig,dinorwig,560,0
2026-09-26T16:00Z,Dogger Bank A,doggerA,290,0
2026-09-26T16:00Z,Dogger Bank B,doggerB,310,0
2026-09-26T16:00Z,Drax,drax,2510,0
2026-09-26T16:00Z,East Anglia ONE,ea1,0,0
2026-09-26T16:00Z,Ffestiniog,ffestiniog,215,0
2026-09-26T16:00Z,Foyers,foyers,70,0
2026-09-26T16:00Z,Galloper,galloper,5,0
2026-09-26T16:00Z,Grain,grainpp,745,0
2026-09-26T16:00Z,Greater Gabbard,gabbard,0,0
2026-09-26T16:00Z,Gwynt y Môr,gym,125,0
2026-09-26T16:00Z,Hartlepool,hartlepool,580,0
2026-09-26T16:00Z,Heysham 1,heysham1,400,0
2026-09-26T16:00Z,Heysham 2,heysham2,545,0
2026-09-26T16:00Z,Hornsea One,hornsea1,180,0
2026-09-26T16:00Z,Hornsea Two,hornsea2,230,0
2026-09-26T16:00Z,Moray East,morayeast,285,285
2026-09-26T16:00Z,Moray West,moraywest,665,660
2026-09-26T16:00Z,Neart na Gaoithe,nng,275,270
2026-09-26T16:00Z,Pembroke,pembroke,1635,0
2026-09-26T16:00Z,Pen y Cymoedd,penycymoedd,10,0
2026-09-26T16:00Z,Race Bank,racebank,75,0
2026-09-26T16:00Z,Rampion,rampion,0,0
2026-09-26T16:00Z,Seagreen,seagreen,465,450
2026-09-26T16:00Z,Sizewell B,sizewellb,1190,0
2026-09-26T16:00Z,Staythorpe,staythorpe,805,0
2026-09-26T16:00Z,Torness,torness,1295,0
2026-09-26T16:00Z,Triton Knoll,triton,70,0
2026-09-26T16:00Z,Viking Link,viking,250,0
2026-09-26T16:00Z,Walney 1 & 2,walney,175,0
2026-09-26T16:00Z,Walney Extension,walneyx,530,0
2026-09-26T16:00Z,West Burton B,westburton,1175,0
2026-09-26T16:00Z,Whitelee,whitelee,170,0
2026-09-26T16:00Z,connahsquay,connahsquay,140,0
2026-09-26T17:00Z,Beatrice,beatrice,330,30
2026-09-26T17:00Z,Burbo Bank Extension,burbo,60,0
2026-09-26T17:00Z,Carrington,carrington,425,0
2026-09-26T17:00Z,Clyde,clyde,250,0
2026-09-26T17:00Z,Cruachan,cruachan,240,0
2026-09-26T17:00Z,Dinorwig,dinorwig,900,0
2026-09-26T17:00Z,Dogger Bank A,doggerA,310,0
2026-09-26T17:00Z,Dogger Bank B,doggerB,340,0
2026-09-26T17:00Z,Drax,drax,2510,0
2026-09-26T17:00Z,East Anglia ONE,ea1,0,0
2026-09-26T17:00Z,Ffestiniog,ffestiniog,270,0
2026-09-26T17:00Z,Foyers,foyers,150,0
2026-09-26T17:00Z,Galloper,galloper,5,0
2026-09-26T17:00Z,Grain,grainpp,805,0
2026-09-26T17:00Z,Greater Gabbard,gabbard,0,0
2026-09-26T17:00Z,Gwynt y Môr,gym,105,0
2026-09-26T17:00Z,Hartlepool,hartlepool,580,0
2026-09-26T17:00Z,Heysham 1,heysham1,400,0
2026-09-26T17:00Z,Heysham 2,heysham2,545,0
2026-09-26T17:00Z,Hornsea One,hornsea1,200,0
2026-09-26T17:00Z,Hornsea Two,hornsea2,230,0
2026-09-26T17:00Z,Moray East,morayeast,305,305
2026-09-26T17:00Z,Moray West,moraywest,660,660
2026-09-26T17:00Z,Neart na Gaoithe,nng,250,245
2026-09-26T17:00Z,Pembroke,pembroke,1740,0
2026-09-26T17:00Z,Pen y Cymoedd,penycymoedd,5,0
2026-09-26T17:00Z,Race Bank,racebank,90,0
2026-09-26T17:00Z,Rampion,rampion,0,0
2026-09-26T17:00Z,Seagreen,seagreen,410,395
2026-09-26T17:00Z,Sizewell B,sizewellb,1190,0
2026-09-26T17:00Z,Staythorpe,staythorpe,815,0
2026-09-26T17:00Z,Torness,torness,1295,0
2026-09-26T17:00Z,Triton Knoll,triton,80,0
2026-09-26T17:00Z,Viking Link,viking,240,0
2026-09-26T17:00Z,Walney 1 & 2,walney,200,0
2026-09-26T17:00Z,Walney Extension,walneyx,535,0
2026-09-26T17:00Z,West Burton B,westburton,1210,0
2026-09-26T17:00Z,Whitelee,whitelee,175,0
2026-09-26T17:00Z,connahsquay,connahsquay,325,0
2026-09-26T18:00Z,Beatrice,beatrice,335,90
2026-09-26T18:00Z,Burbo Bank Extension,burbo,70,0
2026-09-26T18:00Z,Carrington,carrington,425,0
2026-09-26T18:00Z,Clyde,clyde,240,0
2026-09-26T18:00Z,Cruachan,cruachan,240,0
2026-09-26T18:00Z,Dinorwig,dinorwig,600,0
2026-09-26T18:00Z,Dogger Bank A,doggerA,350,0
2026-09-26T18:00Z,Dogger Bank B,doggerB,355,0
2026-09-26T18:00Z,Drax,drax,2505,0
2026-09-26T18:00Z,East Anglia ONE,ea1,0,0
2026-09-26T18:00Z,Ffestiniog,ffestiniog,180,0
2026-09-26T18:00Z,Foyers,foyers,150,0
2026-09-26T18:00Z,Galloper,galloper,5,0
2026-09-26T18:00Z,Grain,grainpp,805,0
2026-09-26T18:00Z,Greater Gabbard,gabbard,0,0
2026-09-26T18:00Z,Gwynt y Môr,gym,100,0
2026-09-26T18:00Z,Hartlepool,hartlepool,580,0
2026-09-26T18:00Z,Heysham 1,heysham1,400,0
2026-09-26T18:00Z,Heysham 2,heysham2,545,0
2026-09-26T18:00Z,Hornsea One,hornsea1,230,0
2026-09-26T18:00Z,Hornsea Two,hornsea2,285,0
2026-09-26T18:00Z,Moray East,morayeast,360,360
2026-09-26T18:00Z,Moray West,moraywest,700,700
2026-09-26T18:00Z,Neart na Gaoithe,nng,300,295
2026-09-26T18:00Z,Pembroke,pembroke,2075,0
2026-09-26T18:00Z,Pen y Cymoedd,penycymoedd,5,0
2026-09-26T18:00Z,Race Bank,racebank,90,0
2026-09-26T18:00Z,Rampion,rampion,0,0
2026-09-26T18:00Z,Seagreen,seagreen,430,415
2026-09-26T18:00Z,Sizewell B,sizewellb,1190,0
2026-09-26T18:00Z,Staythorpe,staythorpe,830,0
2026-09-26T18:00Z,Torness,torness,1295,0
2026-09-26T18:00Z,Triton Knoll,triton,105,0
2026-09-26T18:00Z,Viking Link,viking,240,0
2026-09-26T18:00Z,Walney 1 & 2,walney,205,0
2026-09-26T18:00Z,Walney Extension,walneyx,535,0
2026-09-26T18:00Z,West Burton B,westburton,1205,0
2026-09-26T18:00Z,Whitelee,whitelee,155,0
2026-09-26T18:00Z,connahsquay,connahsquay,325,0
2026-09-26T19:00Z,Beatrice,beatrice,410,210
2026-09-26T19:00Z,Burbo Bank Extension,burbo,65,0
2026-09-26T19:00Z,Carrington,carrington,425,0
2026-09-26T19:00Z,Clyde,clyde,245,0
2026-09-26T19:00Z,Cruachan,cruachan,240,0
2026-09-26T19:00Z,Dinorwig,dinorwig,600,0
2026-09-26T19:00Z,Dogger Bank A,doggerA,355,0
2026-09-26T19:00Z,Dogger Bank B,doggerB,365,0
2026-09-26T19:00Z,Drax,drax,2495,0
2026-09-26T19:00Z,East Anglia ONE,ea1,5,0
2026-09-26T19:00Z,Ffestiniog,ffestiniog,135,0
2026-09-26T19:00Z,Foyers,foyers,150,0
2026-09-26T19:00Z,Galloper,galloper,5,0
2026-09-26T19:00Z,Grain,grainpp,805,0
2026-09-26T19:00Z,Greater Gabbard,gabbard,0,0
2026-09-26T19:00Z,Gwynt y Môr,gym,125,0
2026-09-26T19:00Z,Hartlepool,hartlepool,580,0
2026-09-26T19:00Z,Heysham 1,heysham1,400,0
2026-09-26T19:00Z,Heysham 2,heysham2,545,0
2026-09-26T19:00Z,Hornsea One,hornsea1,260,0
2026-09-26T19:00Z,Hornsea Two,hornsea2,345,0
2026-09-26T19:00Z,Moray East,morayeast,405,405
2026-09-26T19:00Z,Moray West,moraywest,595,580
2026-09-26T19:00Z,Neart na Gaoithe,nng,300,295
2026-09-26T19:00Z,Pembroke,pembroke,2125,0
2026-09-26T19:00Z,Pen y Cymoedd,penycymoedd,5,0
2026-09-26T19:00Z,Race Bank,racebank,85,0
2026-09-26T19:00Z,Rampion,rampion,0,0
2026-09-26T19:00Z,Seagreen,seagreen,635,610
2026-09-26T19:00Z,Sizewell B,sizewellb,1190,0
2026-09-26T19:00Z,Staythorpe,staythorpe,830,0
2026-09-26T19:00Z,Torness,torness,1295,0
2026-09-26T19:00Z,Triton Knoll,triton,115,0
2026-09-26T19:00Z,Viking Link,viking,305,0
2026-09-26T19:00Z,Walney 1 & 2,walney,215,0
2026-09-26T19:00Z,Walney Extension,walneyx,555,0
2026-09-26T19:00Z,West Burton B,westburton,1210,0
2026-09-26T19:00Z,Whitelee,whitelee,135,0
2026-09-26T19:00Z,connahsquay,connahsquay,330,0
2026-09-26T20:00Z,Beatrice,beatrice,455,380
2026-09-26T20:00Z,Burbo Bank Extension,burbo,60,0
2026-09-26T20:00Z,Carrington,carrington,425,0
2026-09-26T20:00Z,Clyde,clyde,245,55
2026-09-26T20:00Z,Cruachan,cruachan,120,0
2026-09-26T20:00Z,Dinorwig,dinorwig,600,0
2026-09-26T20:00Z,Dogger Bank A,doggerA,385,0
2026-09-26T20:00Z,Dogger Bank B,doggerB,350,0
2026-09-26T20:00Z,Drax,drax,2500,0
2026-09-26T20:00Z,East Anglia ONE,ea1,5,0
2026-09-26T20:00Z,Ffestiniog,ffestiniog,90,0
2026-09-26T20:00Z,Foyers,foyers,150,0
2026-09-26T20:00Z,Galloper,galloper,5,0
2026-09-26T20:00Z,Grain,grainpp,805,0
2026-09-26T20:00Z,Greater Gabbard,gabbard,5,0
2026-09-26T20:00Z,Gwynt y Môr,gym,130,0
2026-09-26T20:00Z,Hartlepool,hartlepool,580,0
2026-09-26T20:00Z,Heysham 1,heysham1,400,0
2026-09-26T20:00Z,Heysham 2,heysham2,545,0
2026-09-26T20:00Z,Hornsea One,hornsea1,310,0
2026-09-26T20:00Z,Hornsea Two,hornsea2,395,0
2026-09-26T20:00Z,Moray East,morayeast,450,450
2026-09-26T20:00Z,Moray West,moraywest,565,540
2026-09-26T20:00Z,Neart na Gaoithe,nng,240,230
2026-09-26T20:00Z,Pembroke,pembroke,2110,0
2026-09-26T20:00Z,Pen y Cymoedd,penycymoedd,5,0
2026-09-26T20:00Z,Race Bank,racebank,80,0
2026-09-26T20:00Z,Rampion,rampion,0,0
2026-09-26T20:00Z,Seagreen,seagreen,845,810
2026-09-26T20:00Z,Sizewell B,sizewellb,1190,0
2026-09-26T20:00Z,Staythorpe,staythorpe,830,0
2026-09-26T20:00Z,Torness,torness,1295,0
2026-09-26T20:00Z,Triton Knoll,triton,130,0
2026-09-26T20:00Z,Viking Link,viking,360,0
2026-09-26T20:00Z,Walney 1 & 2,walney,165,0
2026-09-26T20:00Z,Walney Extension,walneyx,525,0
2026-09-26T20:00Z,West Burton B,westburton,1210,0
2026-09-26T20:00Z,Whitelee,whitelee,170,0
2026-09-26T20:00Z,connahsquay,connahsquay,330,0
2026-09-26T21:00Z,Beatrice,beatrice,495,435
2026-09-26T21:00Z,Burbo Bank Extension,burbo,55,0
2026-09-26T21:00Z,Carrington,carrington,425,0
2026-09-26T21:00Z,Clyde,clyde,245,195
2026-09-26T21:00Z,Cruachan,cruachan,240,0
2026-09-26T21:00Z,Dinorwig,dinorwig,300,0
2026-09-26T21:00Z,Dogger Bank A,doggerA,415,0
2026-09-26T21:00Z,Dogger Bank B,doggerB,330,0
2026-09-26T21:00Z,Drax,drax,2510,0
2026-09-26T21:00Z,East Anglia ONE,ea1,10,0
2026-09-26T21:00Z,Ffestiniog,ffestiniog,90,0
2026-09-26T21:00Z,Foyers,foyers,75,0
2026-09-26T21:00Z,Galloper,galloper,5,0
2026-09-26T21:00Z,Grain,grainpp,620,0
2026-09-26T21:00Z,Greater Gabbard,gabbard,5,0
2026-09-26T21:00Z,Gwynt y Môr,gym,120,0
2026-09-26T21:00Z,Hartlepool,hartlepool,580,0
2026-09-26T21:00Z,Heysham 1,heysham1,400,0
2026-09-26T21:00Z,Heysham 2,heysham2,545,0
2026-09-26T21:00Z,Hornsea One,hornsea1,355,0
2026-09-26T21:00Z,Hornsea Two,hornsea2,425,0
2026-09-26T21:00Z,Moray East,morayeast,470,470
2026-09-26T21:00Z,Moray West,moraywest,680,650
2026-09-26T21:00Z,Neart na Gaoithe,nng,175,165
2026-09-26T21:00Z,Pembroke,pembroke,1975,0
2026-09-26T21:00Z,Pen y Cymoedd,penycymoedd,5,0
2026-09-26T21:00Z,Race Bank,racebank,85,0
2026-09-26T21:00Z,Rampion,rampion,5,0
2026-09-26T21:00Z,Seagreen,seagreen,945,915
2026-09-26T21:00Z,Sizewell B,sizewellb,1190,0
2026-09-26T21:00Z,Staythorpe,staythorpe,830,0
2026-09-26T21:00Z,Torness,torness,1295,0
2026-09-26T21:00Z,Triton Knoll,triton,135,0
2026-09-26T21:00Z,Viking Link,viking,400,0
2026-09-26T21:00Z,Walney 1 & 2,walney,165,0
2026-09-26T21:00Z,Walney Extension,walneyx,510,0
2026-09-26T21:00Z,West Burton B,westburton,200,0
2026-09-26T21:00Z,Whitelee,whitelee,205,0
2026-09-26T21:00Z,connahsquay,connahsquay,285,0
2026-09-26T22:00Z,Beatrice,beatrice,515,455
2026-09-26T22:00Z,Burbo Bank Extension,burbo,55,0
2026-09-26T22:00Z,Carrington,carrington,55,0
2026-09-26T22:00Z,Clyde,clyde,250,220
2026-09-26T22:00Z,Cruachan,cruachan,240,0
2026-09-26T22:00Z,Dinorwig,dinorwig,0,0
2026-09-26T22:00Z,Dogger Bank A,doggerA,420,0
2026-09-26T22:00Z,Dogger Bank B,doggerB,345,0
2026-09-26T22:00Z,Drax,drax,2510,0
2026-09-26T22:00Z,East Anglia ONE,ea1,15,0
2026-09-26T22:00Z,Ffestiniog,ffestiniog,0,0
2026-09-26T22:00Z,Foyers,foyers,150,0
2026-09-26T22:00Z,Galloper,galloper,5,0
2026-09-26T22:00Z,Grain,grainpp,0,0
2026-09-26T22:00Z,Greater Gabbard,gabbard,10,0
2026-09-26T22:00Z,Gwynt y Môr,gym,110,0
2026-09-26T22:00Z,Hartlepool,hartlepool,580,0
2026-09-26T22:00Z,Heysham 1,heysham1,400,0
2026-09-26T22:00Z,Heysham 2,heysham2,545,0
2026-09-26T22:00Z,Hornsea One,hornsea1,400,0
2026-09-26T22:00Z,Hornsea Two,hornsea2,450,0
2026-09-26T22:00Z,Moray East,morayeast,495,495
2026-09-26T22:00Z,Moray West,moraywest,735,710
2026-09-26T22:00Z,Neart na Gaoithe,nng,235,230
2026-09-26T22:00Z,Pembroke,pembroke,1345,0
2026-09-26T22:00Z,Pen y Cymoedd,penycymoedd,5,0
2026-09-26T22:00Z,Race Bank,racebank,115,0
2026-09-26T22:00Z,Rampion,rampion,15,0
2026-09-26T22:00Z,Seagreen,seagreen,965,935
2026-09-26T22:00Z,Sizewell B,sizewellb,1190,0
2026-09-26T22:00Z,Staythorpe,staythorpe,160,0
2026-09-26T22:00Z,Torness,torness,1295,0
2026-09-26T22:00Z,Triton Knoll,triton,150,0
2026-09-26T22:00Z,Viking Link,viking,420,0
2026-09-26T22:00Z,Walney 1 & 2,walney,135,0
2026-09-26T22:00Z,Walney Extension,walneyx,475,0
2026-09-26T22:00Z,West Burton B,westburton,0,0
2026-09-26T22:00Z,Whitelee,whitelee,185,0
2026-09-26T22:00Z,connahsquay,connahsquay,5,0
2026-09-26T23:00Z,Beatrice,beatrice,525,465
2026-09-26T23:00Z,Burbo Bank Extension,burbo,55,0
2026-09-26T23:00Z,Clyde,clyde,255,230
2026-09-26T23:00Z,Cruachan,cruachan,240,0
2026-09-26T23:00Z,Didcot B,didcot,0,0
2026-09-26T23:00Z,Dinorwig,dinorwig,0,0
2026-09-26T23:00Z,Dogger Bank A,doggerA,390,0
2026-09-26T23:00Z,Dogger Bank B,doggerB,360,0
2026-09-26T23:00Z,Drax,drax,2510,0
2026-09-26T23:00Z,East Anglia ONE,ea1,25,0
2026-09-26T23:00Z,Ffestiniog,ffestiniog,0,0
2026-09-26T23:00Z,Foyers,foyers,150,0
2026-09-26T23:00Z,Galloper,galloper,10,0
2026-09-26T23:00Z,Greater Gabbard,gabbard,10,0
2026-09-26T23:00Z,Gwynt y Môr,gym,95,0
2026-09-26T23:00Z,Hartlepool,hartlepool,580,0
2026-09-26T23:00Z,Heysham 1,heysham1,400,0
2026-09-26T23:00Z,Heysham 2,heysham2,545,0
2026-09-26T23:00Z,Hornsea One,hornsea1,380,0
2026-09-26T23:00Z,Hornsea Two,hornsea2,425,0
2026-09-26T23:00Z,Moray East,morayeast,515,515
2026-09-26T23:00Z,Moray West,moraywest,725,700
2026-09-26T23:00Z,Neart na Gaoithe,nng,340,335
2026-09-26T23:00Z,Pembroke,pembroke,1005,0
2026-09-26T23:00Z,Pen y Cymoedd,penycymoedd,10,0
2026-09-26T23:00Z,Peterhead,peterhead,0,0
2026-09-26T23:00Z,Race Bank,racebank,125,0
2026-09-26T23:00Z,Rampion,rampion,25,0
2026-09-26T23:00Z,Seagreen,seagreen,1000,970
2026-09-26T23:00Z,Sizewell B,sizewellb,1190,0
2026-09-26T23:00Z,Staythorpe,staythorpe,0,0
2026-09-26T23:00Z,Torness,torness,1295,0
2026-09-26T23:00Z,Triton Knoll,triton,160,0
2026-09-26T23:00Z,Viking Link,viking,420,0
2026-09-26T23:00Z,Walney 1 & 2,walney,105,0
2026-09-26T23:00Z,Walney Extension,walneyx,420,0
2026-09-26T23:00Z,West Burton B,westburton,0,0
2026-09-26T23:00Z,Whitelee,whitelee,190,0
2026-09-27T00:00Z,Beatrice,beatrice,530,470
2026-09-27T00:00Z,Burbo Bank Extension,burbo,60,0
2026-09-27T00:00Z,Clyde,clyde,255,230
2026-09-27T00:00Z,Cruachan,cruachan,240,0
2026-09-27T00:00Z,Didcot B,didcot,0,0
2026-09-27T00:00Z,Dinorwig,dinorwig,0,0
2026-09-27T00:00Z,Dogger Bank A,doggerA,370,0
2026-09-27T00:00Z,Dogger Bank B,doggerB,350,0
2026-09-27T00:00Z,Drax,drax,2510,0
2026-09-27T00:00Z,East Anglia ONE,ea1,35,0
2026-09-27T00:00Z,Ffestiniog,ffestiniog,0,0
2026-09-27T00:00Z,Foyers,foyers,150,0
2026-09-27T00:00Z,Galloper,galloper,15,0
2026-09-27T00:00Z,Greater Gabbard,gabbard,10,0
2026-09-27T00:00Z,Gwynt y Môr,gym,85,0
2026-09-27T00:00Z,Hartlepool,hartlepool,580,0
2026-09-27T00:00Z,Heysham 1,heysham1,400,0
2026-09-27T00:00Z,Heysham 2,heysham2,545,0
2026-09-27T00:00Z,Hornsea One,hornsea1,360,0
2026-09-27T00:00Z,Hornsea Two,hornsea2,410,0
2026-09-27T00:00Z,Moray East,morayeast,525,525
2026-09-27T00:00Z,Moray West,moraywest,715,685
2026-09-27T00:00Z,Neart na Gaoithe,nng,355,345
2026-09-27T00:00Z,Pembroke,pembroke,85,0
2026-09-27T00:00Z,Pen y Cymoedd,penycymoedd,25,0
2026-09-27T00:00Z,Peterhead,peterhead,0,0
2026-09-27T00:00Z,Race Bank,racebank,130,0
2026-09-27T00:00Z,Rampion,rampion,40,0
2026-09-27T00:00Z,Seagreen,seagreen,1010,980
2026-09-27T00:00Z,Sizewell B,sizewellb,1190,0
2026-09-27T00:00Z,Staythorpe,staythorpe,0,0
2026-09-27T00:00Z,Torness,torness,1295,0
2026-09-27T00:00Z,Triton Knoll,triton,175,0
2026-09-27T00:00Z,Viking Link,viking,420,0
2026-09-27T00:00Z,Walney 1 & 2,walney,100,0
2026-09-27T00:00Z,Walney Extension,walneyx,390,0
2026-09-27T00:00Z,West Burton B,westburton,0,0
2026-09-27T00:00Z,Whitelee,whitelee,180,0
2026-09-27T01:00Z,Beatrice,beatrice,530,470
2026-09-27T01:00Z,Burbo Bank Extension,burbo,60,0
2026-09-27T01:00Z,Clyde,clyde,260,235
2026-09-27T01:00Z,Cruachan,cruachan,240,0
2026-09-27T01:00Z,Didcot B,didcot,0,0
2026-09-27T01:00Z,Dinorwig,dinorwig,0,0
2026-09-27T01:00Z,Dogger Bank A,doggerA,380,0
2026-09-27T01:00Z,Dogger Bank B,doggerB,350,0
2026-09-27T01:00Z,Drax,drax,2510,0
2026-09-27T01:00Z,East Anglia ONE,ea1,65,0
2026-09-27T01:00Z,Ffestiniog,ffestiniog,0,0
2026-09-27T01:00Z,Foyers,foyers,150,0
2026-09-27T01:00Z,Galloper,galloper,20,0
2026-09-27T01:00Z,Greater Gabbard,gabbard,15,0
2026-09-27T01:00Z,Gwynt y Môr,gym,105,0
2026-09-27T01:00Z,Hartlepool,hartlepool,580,0
2026-09-27T01:00Z,Heysham 1,heysham1,400,0
2026-09-27T01:00Z,Heysham 2,heysham2,545,0
2026-09-27T01:00Z,Hornsea One,hornsea1,330,0
2026-09-27T01:00Z,Hornsea Two,hornsea2,380,0
2026-09-27T01:00Z,Moray East,morayeast,530,530
2026-09-27T01:00Z,Moray West,moraywest,710,680
2026-09-27T01:00Z,Neart na Gaoithe,nng,335,330
2026-09-27T01:00Z,Pembroke,pembroke,0,0
2026-09-27T01:00Z,Pen y Cymoedd,penycymoedd,45,0
2026-09-27T01:00Z,Peterhead,peterhead,65,0
2026-09-27T01:00Z,Race Bank,racebank,135,0
2026-09-27T01:00Z,Rampion,rampion,65,0
2026-09-27T01:00Z,Seagreen,seagreen,1010,980
2026-09-27T01:00Z,Sizewell B,sizewellb,1190,0
2026-09-27T01:00Z,Staythorpe,staythorpe,0,0
2026-09-27T01:00Z,Torness,torness,1295,0
2026-09-27T01:00Z,Triton Knoll,triton,170,0
2026-09-27T01:00Z,Viking Link,viking,410,0
2026-09-27T01:00Z,Walney 1 & 2,walney,95,0
2026-09-27T01:00Z,Walney Extension,walneyx,360,0
2026-09-27T01:00Z,West Burton B,westburton,0,0
2026-09-27T01:00Z,Whitelee,whitelee,170,0
2026-09-27T02:00Z,Beatrice,beatrice,545,485
2026-09-27T02:00Z,Burbo Bank Extension,burbo,75,0
2026-09-27T02:00Z,Clyde,clyde,265,240
2026-09-27T02:00Z,Cruachan,cruachan,240,0
2026-09-27T02:00Z,Didcot B,didcot,0,0
2026-09-27T02:00Z,Dinorwig,dinorwig,0,0
2026-09-27T02:00Z,Dogger Bank A,doggerA,390,0
2026-09-27T02:00Z,Dogger Bank B,doggerB,355,0
2026-09-27T02:00Z,Drax,drax,2510,0
2026-09-27T02:00Z,East Anglia ONE,ea1,75,0
2026-09-27T02:00Z,Ffestiniog,ffestiniog,0,0
2026-09-27T02:00Z,Foyers,foyers,150,0
2026-09-27T02:00Z,Galloper,galloper,25,0
2026-09-27T02:00Z,Greater Gabbard,gabbard,25,0
2026-09-27T02:00Z,Gwynt y Môr,gym,120,0
2026-09-27T02:00Z,Hartlepool,hartlepool,580,0
2026-09-27T02:00Z,Heysham 1,heysham1,400,0
2026-09-27T02:00Z,Heysham 2,heysham2,545,0
2026-09-27T02:00Z,Hornsea One,hornsea1,345,0
2026-09-27T02:00Z,Hornsea Two,hornsea2,390,0
2026-09-27T02:00Z,Moray East,morayeast,530,530
2026-09-27T02:00Z,Moray West,moraywest,740,710
2026-09-27T02:00Z,Neart na Gaoithe,nng,400,395
2026-09-27T02:00Z,Pembroke,pembroke,0,0
2026-09-27T02:00Z,Pen y Cymoedd,penycymoedd,55,0
2026-09-27T02:00Z,Peterhead,peterhead,125,0
2026-09-27T02:00Z,Race Bank,racebank,140,0
2026-09-27T02:00Z,Rampion,rampion,90,0
2026-09-27T02:00Z,Seagreen,seagreen,1005,975
2026-09-27T02:00Z,Sizewell B,sizewellb,1190,0
2026-09-27T02:00Z,Staythorpe,staythorpe,0,0
2026-09-27T02:00Z,Torness,torness,1295,0
2026-09-27T02:00Z,Triton Knoll,triton,170,0
2026-09-27T02:00Z,Viking Link,viking,395,0
2026-09-27T02:00Z,Walney 1 & 2,walney,100,0
2026-09-27T02:00Z,Walney Extension,walneyx,340,0
2026-09-27T02:00Z,West Burton B,westburton,0,0
2026-09-27T02:00Z,Whitelee,whitelee,190,0
2026-09-27T03:00Z,Beatrice,beatrice,545,485
2026-09-27T03:00Z,Burbo Bank Extension,burbo,105,0
2026-09-27T03:00Z,Clyde,clyde,270,245
2026-09-27T03:00Z,Cruachan,cruachan,240,0
2026-09-27T03:00Z,Didcot B,didcot,0,0
2026-09-27T03:00Z,Dinorwig,dinorwig,0,0
2026-09-27T03:00Z,Dogger Bank A,doggerA,415,0
2026-09-27T03:00Z,Dogger Bank B,doggerB,370,0
2026-09-27T03:00Z,Drax,drax,2510,0
2026-09-27T03:00Z,East Anglia ONE,ea1,90,0
2026-09-27T03:00Z,Ffestiniog,ffestiniog,0,0
2026-09-27T03:00Z,Foyers,foyers,75,0
2026-09-27T03:00Z,Galloper,galloper,35,0
2026-09-27T03:00Z,Greater Gabbard,gabbard,30,0
2026-09-27T03:00Z,Gwynt y Môr,gym,135,0
2026-09-27T03:00Z,Hartlepool,hartlepool,580,0
2026-09-27T03:00Z,Heysham 1,heysham1,400,0
2026-09-27T03:00Z,Heysham 2,heysham2,545,0
2026-09-27T03:00Z,Hornsea One,hornsea1,385,0
2026-09-27T03:00Z,Hornsea Two,hornsea2,420,0
2026-09-27T03:00Z,Moray East,morayeast,545,545
2026-09-27T03:00Z,Moray West,moraywest,780,750
2026-09-27T03:00Z,Neart na Gaoithe,nng,450,440
2026-09-27T03:00Z,Pembroke,pembroke,0,0
2026-09-27T03:00Z,Pen y Cymoedd,penycymoedd,70,0
2026-09-27T03:00Z,Peterhead,peterhead,125,0
2026-09-27T03:00Z,Race Bank,racebank,145,0
2026-09-27T03:00Z,Rampion,rampion,105,0
2026-09-27T03:00Z,Seagreen,seagreen,1000,970
2026-09-27T03:00Z,Sizewell B,sizewellb,1190,0
2026-09-27T03:00Z,Staythorpe,staythorpe,0,0
2026-09-27T03:00Z,Torness,torness,1295,0
2026-09-27T03:00Z,Triton Knoll,triton,185,0
2026-09-27T03:00Z,Viking Link,viking,390,0
2026-09-27T03:00Z,Walney 1 & 2,walney,135,0
2026-09-27T03:00Z,Walney Extension,walneyx,375,0
2026-09-27T03:00Z,West Burton B,westburton,0,0
2026-09-27T03:00Z,Whitelee,whitelee,160,0
2026-09-27T04:00Z,Beatrice,beatrice,545,485
2026-09-27T04:00Z,Burbo Bank Extension,burbo,145,0
2026-09-27T04:00Z,Clyde,clyde,265,245
2026-09-27T04:00Z,Cruachan,cruachan,240,0
2026-09-27T04:00Z,Didcot B,didcot,0,0
2026-09-27T04:00Z,Dinorwig,dinorwig,0,0
2026-09-27T04:00Z,Dogger Bank A,doggerA,440,0
2026-09-27T04:00Z,Dogger Bank B,doggerB,390,0
2026-09-27T04:00Z,Drax,drax,2510,0
2026-09-27T04:00Z,East Anglia ONE,ea1,115,0
2026-09-27T04:00Z,Ffestiniog,ffestiniog,0,0
2026-09-27T04:00Z,Foyers,foyers,145,0
2026-09-27T04:00Z,Galloper,galloper,40,0
2026-09-27T04:00Z,Greater Gabbard,gabbard,35,0
2026-09-27T04:00Z,Gwynt y Môr,gym,170,0
2026-09-27T04:00Z,Hartlepool,hartlepool,580,0
2026-09-27T04:00Z,Heysham 1,heysham1,395,0
2026-09-27T04:00Z,Heysham 2,heysham2,545,0
2026-09-27T04:00Z,Hornsea One,hornsea1,435,0
2026-09-27T04:00Z,Hornsea Two,hornsea2,470,0
2026-09-27T04:00Z,Moray East,morayeast,555,555
2026-09-27T04:00Z,Moray West,moraywest,800,775
2026-09-27T04:00Z,Neart na Gaoithe,nng,445,440
2026-09-27T04:00Z,Pembroke,pembroke,0,0
2026-09-27T04:00Z,Pen y Cymoedd,penycymoedd,100,0
2026-09-27T04:00Z,Peterhead,peterhead,125,0
2026-09-27T04:00Z,Race Bank,racebank,145,0
2026-09-27T04:00Z,Rampion,rampion,120,0
2026-09-27T04:00Z,Seagreen,seagreen,985,955
2026-09-27T04:00Z,Sizewell B,sizewellb,1190,0
2026-09-27T04:00Z,Staythorpe,staythorpe,0,0
2026-09-27T04:00Z,Torness,torness,1290,0
2026-09-27T04:00Z,Triton Knoll,triton,190,0
2026-09-27T04:00Z,Viking Link,viking,395,0
2026-09-27T04:00Z,Walney 1 & 2,walney,180,0
2026-09-27T04:00Z,Walney Extension,walneyx,435,0
2026-09-27T04:00Z,West Burton B,westburton,0,0
2026-09-27T04:00Z,Whitelee,whitelee,135,0
2026-09-27T05:00Z,Beatrice,beatrice,555,495
2026-09-27T05:00Z,Burbo Bank Extension,burbo,185,0
2026-09-27T05:00Z,Clyde,clyde,250,205
2026-09-27T05:00Z,Cruachan,cruachan,240,0
2026-09-27T05:00Z,Didcot B,didcot,0,0
2026-09-27T05:00Z,Dinorwig,dinorwig,0,0
2026-09-27T05:00Z,Dogger Bank A,doggerA,465,0
2026-09-27T05:00Z,Dogger Bank B,doggerB,405,0
2026-09-27T05:00Z,Drax,drax,2510,0
2026-09-27T05:00Z,East Anglia ONE,ea1,100,0
2026-09-27T05:00Z,Ffestiniog,ffestiniog,0,0
2026-09-27T05:00Z,Foyers,foyers,150,0
2026-09-27T05:00Z,Galloper,galloper,45,0
2026-09-27T05:00Z,Greater Gabbard,gabbard,45,0
2026-09-27T05:00Z,Gwynt y Môr,gym,205,0
2026-09-27T05:00Z,Hartlepool,hartlepool,580,0
2026-09-27T05:00Z,Heysham 1,heysham1,395,0
2026-09-27T05:00Z,Heysham 2,heysham2,545,0
2026-09-27T05:00Z,Hornsea One,hornsea1,500,0
2026-09-27T05:00Z,Hornsea Two,hornsea2,520,0
2026-09-27T05:00Z,Moray East,morayeast,560,560
2026-09-27T05:00Z,Moray West,moraywest,810,780
2026-09-27T05:00Z,Neart na Gaoithe,nng,430,425
2026-09-27T05:00Z,Pembroke,pembroke,0,0
2026-09-27T05:00Z,Pen y Cymoedd,penycymoedd,120,0
2026-09-27T05:00Z,Peterhead,peterhead,125,0
2026-09-27T05:00Z,Race Bank,racebank,130,0
2026-09-27T05:00Z,Rampion,rampion,140,0
2026-09-27T05:00Z,Seagreen,seagreen,975,945
2026-09-27T05:00Z,Sizewell B,sizewellb,1190,0
2026-09-27T05:00Z,Staythorpe,staythorpe,0,0
2026-09-27T05:00Z,Torness,torness,1290,0
2026-09-27T05:00Z,Triton Knoll,triton,195,0
2026-09-27T05:00Z,Viking Link,viking,400,0
2026-09-27T05:00Z,Walney 1 & 2,walney,255,0
2026-09-27T05:00Z,Walney Extension,walneyx,510,0
2026-09-27T05:00Z,West Burton B,westburton,0,0
2026-09-27T05:00Z,Whitelee,whitelee,160,0
2026-09-27T06:00Z,Beatrice,beatrice,560,365
2026-09-27T06:00Z,Burbo Bank Extension,burbo,200,0
2026-09-27T06:00Z,Clyde,clyde,235,40
2026-09-27T06:00Z,Cruachan,cruachan,120,0
2026-09-27T06:00Z,Didcot B,didcot,0,0
2026-09-27T06:00Z,Dinorwig,dinorwig,0,0
2026-09-27T06:00Z,Dogger Bank A,doggerA,500,0
2026-09-27T06:00Z,Dogger Bank B,doggerB,415,0
2026-09-27T06:00Z,Drax,drax,1660,0
2026-09-27T06:00Z,East Anglia ONE,ea1,80,0
2026-09-27T06:00Z,Ffestiniog,ffestiniog,0,0
2026-09-27T06:00Z,Foyers,foyers,150,0
2026-09-27T06:00Z,Galloper,galloper,50,0
2026-09-27T06:00Z,Greater Gabbard,gabbard,50,0
2026-09-27T06:00Z,Gwynt y Môr,gym,240,0
2026-09-27T06:00Z,Hartlepool,hartlepool,580,0
2026-09-27T06:00Z,Heysham 1,heysham1,395,0
2026-09-27T06:00Z,Heysham 2,heysham2,545,0
2026-09-27T06:00Z,Hornsea One,hornsea1,635,0
2026-09-27T06:00Z,Hornsea Two,hornsea2,645,0
2026-09-27T06:00Z,Moray East,morayeast,560,560
2026-09-27T06:00Z,Moray West,moraywest,810,780
2026-09-27T06:00Z,Neart na Gaoithe,nng,355,350
2026-09-27T06:00Z,Pembroke,pembroke,0,0
2026-09-27T06:00Z,Pen y Cymoedd,penycymoedd,145,0
2026-09-27T06:00Z,Peterhead,peterhead,125,0
2026-09-27T06:00Z,Race Bank,racebank,135,0
2026-09-27T06:00Z,Rampion,rampion,160,0
2026-09-27T06:00Z,Seagreen,seagreen,960,930
2026-09-27T06:00Z,Sizewell B,sizewellb,1190,0
2026-09-27T06:00Z,Staythorpe,staythorpe,0,0
2026-09-27T06:00Z,Torness,torness,1290,0
2026-09-27T06:00Z,Triton Knoll,triton,195,0
2026-09-27T06:00Z,Viking Link,viking,405,0
2026-09-27T06:00Z,Walney 1 & 2,walney,295,0
2026-09-27T06:00Z,Walney Extension,walneyx,555,0
2026-09-27T06:00Z,West Burton B,westburton,0,0
2026-09-27T06:00Z,Whitelee,whitelee,140,0
2026-09-27T07:00Z,Beatrice,beatrice,560,155
2026-09-27T07:00Z,Burbo Bank Extension,burbo,210,0
2026-09-27T07:00Z,Clyde,clyde,230,0
2026-09-27T07:00Z,Cruachan,cruachan,0,0
2026-09-27T07:00Z,Didcot B,didcot,0,0
2026-09-27T07:00Z,Dinorwig,dinorwig,0,0
2026-09-27T07:00Z,Dogger Bank A,doggerA,495,0
2026-09-27T07:00Z,Dogger Bank B,doggerB,425,0
2026-09-27T07:00Z,Drax,drax,860,0
2026-09-27T07:00Z,East Anglia ONE,ea1,85,0
2026-09-27T07:00Z,Ffestiniog,ffestiniog,0,0
2026-09-27T07:00Z,Foyers,foyers,0,0
2026-09-27T07:00Z,Galloper,galloper,55,0
2026-09-27T07:00Z,Greater Gabbard,gabbard,65,0
2026-09-27T07:00Z,Gwynt y Môr,gym,275,0
2026-09-27T07:00Z,Hartlepool,hartlepool,580,0
2026-09-27T07:00Z,Heysham 1,heysham1,395,0
2026-09-27T07:00Z,Heysham 2,heysham2,545,0
2026-09-27T07:00Z,Hornsea One,hornsea1,770,0
2026-09-27T07:00Z,Hornsea Two,hornsea2,785,0
2026-09-27T07:00Z,Moray East,morayeast,550,550
2026-09-27T07:00Z,Moray West,moraywest,810,780
2026-09-27T07:00Z,Neart na Gaoithe,nng,245,225
2026-09-27T07:00Z,Pembroke,pembroke,0,0
2026-09-27T07:00Z,Pen y Cymoedd,penycymoedd,165,0
2026-09-27T07:00Z,Peterhead,peterhead,125,0
2026-09-27T07:00Z,Race Bank,racebank,160,0
2026-09-27T07:00Z,Rampion,rampion,160,0
2026-09-27T07:00Z,Seagreen,seagreen,985,955
2026-09-27T07:00Z,Sizewell B,sizewellb,1190,0
2026-09-27T07:00Z,Staythorpe,staythorpe,0,0
2026-09-27T07:00Z,Torness,torness,1290,0
2026-09-27T07:00Z,Triton Knoll,triton,210,0
2026-09-27T07:00Z,Viking Link,viking,420,0
2026-09-27T07:00Z,Walney 1 & 2,walney,330,0
2026-09-27T07:00Z,Walney Extension,walneyx,565,0
2026-09-27T07:00Z,West Burton B,westburton,0,0
2026-09-27T07:00Z,Whitelee,whitelee,175,0
2026-09-27T08:00Z,Beatrice,beatrice,560,115
2026-09-27T08:00Z,Burbo Bank Extension,burbo,215,0
2026-09-27T08:00Z,Clyde,clyde,250,0
2026-09-27T08:00Z,Cruachan,cruachan,0,0
2026-09-27T08:00Z,Didcot B,didcot,0,0
2026-09-27T08:00Z,Dinorwig,dinorwig,0,0
2026-09-27T08:00Z,Dogger Bank A,doggerA,505,0
2026-09-27T08:00Z,Dogger Bank B,doggerB,425,0
2026-09-27T08:00Z,Drax,drax,860,0
2026-09-27T08:00Z,East Anglia ONE,ea1,80,0
2026-09-27T08:00Z,Ffestiniog,ffestiniog,0,0
2026-09-27T08:00Z,Foyers,foyers,0,0
2026-09-27T08:00Z,Galloper,galloper,60,0
2026-09-27T08:00Z,Greater Gabbard,gabbard,70,0
2026-09-27T08:00Z,Gwynt y Môr,gym,350,0
2026-09-27T08:00Z,Hartlepool,hartlepool,580,0
2026-09-27T08:00Z,Heysham 1,heysham1,395,0
2026-09-27T08:00Z,Heysham 2,heysham2,545,0
2026-09-27T08:00Z,Hornsea One,hornsea1,805,0
2026-09-27T08:00Z,Hornsea Two,hornsea2,825,0
2026-09-27T08:00Z,Moray East,morayeast,555,555
2026-09-27T08:00Z,Moray West,moraywest,810,785
2026-09-27T08:00Z,Neart na Gaoithe,nng,350,210
2026-09-27T08:00Z,Pembroke,pembroke,0,0
2026-09-27T08:00Z,Pen y Cymoedd,penycymoedd,180,0
2026-09-27T08:00Z,Peterhead,peterhead,125,0
2026-09-27T08:00Z,Race Bank,racebank,160,0
2026-09-27T08:00Z,Rampion,rampion,160,0
2026-09-27T08:00Z,Seagreen,seagreen,1010,980
2026-09-27T08:00Z,Sizewell B,sizewellb,1190,0
2026-09-27T08:00Z,Staythorpe,staythorpe,0,0
2026-09-27T08:00Z,Torness,torness,1290,0
2026-09-27T08:00Z,Triton Knoll,triton,260,0
2026-09-27T08:00Z,Viking Link,viking,435,0
2026-09-27T08:00Z,Walney 1 & 2,walney,330,0
2026-09-27T08:00Z,Walney Extension,walneyx,570,0
2026-09-27T08:00Z,West Burton B,westburton,0,0
2026-09-27T08:00Z,Whitelee,whitelee,185,0
2026-09-27T09:00Z,Beatrice,beatrice,560,140
2026-09-27T09:00Z,Burbo Bank Extension,burbo,225,0
2026-09-27T09:00Z,Clyde,clyde,280,0
2026-09-27T09:00Z,Cruachan,cruachan,0,0
2026-09-27T09:00Z,Didcot B,didcot,0,0
2026-09-27T09:00Z,Dinorwig,dinorwig,0,0
2026-09-27T09:00Z,Dogger Bank A,doggerA,510,0
2026-09-27T09:00Z,Dogger Bank B,doggerB,430,0
2026-09-27T09:00Z,Drax,drax,860,0
2026-09-27T09:00Z,East Anglia ONE,ea1,105,0
2026-09-27T09:00Z,Ffestiniog,ffestiniog,0,0
2026-09-27T09:00Z,Foyers,foyers,0,0
2026-09-27T09:00Z,Galloper,galloper,60,0
2026-09-27T09:00Z,Greater Gabbard,gabbard,75,0
2026-09-27T09:00Z,Gwynt y Môr,gym,430,0
2026-09-27T09:00Z,Hartlepool,hartlepool,580,0
2026-09-27T09:00Z,Heysham 1,heysham1,395,0
2026-09-27T09:00Z,Heysham 2,heysham2,545,0
2026-09-27T09:00Z,Hornsea One,hornsea1,795,0
2026-09-27T09:00Z,Hornsea Two,hornsea2,865,0
2026-09-27T09:00Z,Moray East,morayeast,560,560
2026-09-27T09:00Z,Moray West,moraywest,810,785
2026-09-27T09:00Z,Neart na Gaoithe,nng,425,190
2026-09-27T09:00Z,Pembroke,pembroke,0,0
2026-09-27T09:00Z,Pen y Cymoedd,penycymoedd,180,0
2026-09-27T09:00Z,Peterhead,peterhead,125,0
2026-09-27T09:00Z,Race Bank,racebank,180,0
2026-09-27T09:00Z,Rampion,rampion,170,0
2026-09-27T09:00Z,Seagreen,seagreen,1020,990
2026-09-27T09:00Z,Sizewell B,sizewellb,1190,0
2026-09-27T09:00Z,Staythorpe,staythorpe,0,0
2026-09-27T09:00Z,Torness,torness,1290,0
2026-09-27T09:00Z,Triton Knoll,triton,320,0
2026-09-27T09:00Z,Viking Link,viking,440,0
2026-09-27T09:00Z,Walney 1 & 2,walney,335,0
2026-09-27T09:00Z,Walney Extension,walneyx,580,0
2026-09-27T09:00Z,West Burton B,westburton,0,0
2026-09-27T09:00Z,Whitelee,whitelee,175,0
2026-09-27T10:00Z,Beatrice,beatrice,560,25
2026-09-27T10:00Z,Burbo Bank Extension,burbo,225,0
2026-09-27T10:00Z,Clyde,clyde,295,0
2026-09-27T10:00Z,Cruachan,cruachan,0,0
2026-09-27T10:00Z,Didcot B,didcot,0,0
2026-09-27T10:00Z,Dinorwig,dinorwig,0,0
2026-09-27T10:00Z,Dogger Bank A,doggerA,510,0
2026-09-27T10:00Z,Dogger Bank B,doggerB,425,0
2026-09-27T10:00Z,Drax,drax,580,0
2026-09-27T10:00Z,East Anglia ONE,ea1,105,0
2026-09-27T10:00Z,Ffestiniog,ffestiniog,0,0
2026-09-27T10:00Z,Foyers,foyers,0,0
2026-09-27T10:00Z,Galloper,galloper,65,0
2026-09-27T10:00Z,Greater Gabbard,gabbard,80,0
2026-09-27T10:00Z,Gwynt y Môr,gym,465,0
2026-09-27T10:00Z,Hartlepool,hartlepool,580,0
2026-09-27T10:00Z,Heysham 1,heysham1,395,0
2026-09-27T10:00Z,Heysham 2,heysham2,545,0
2026-09-27T10:00Z,Hornsea One,hornsea1,795,0
2026-09-27T10:00Z,Hornsea Two,hornsea2,870,0
2026-09-27T10:00Z,Moray East,morayeast,550,550
2026-09-27T10:00Z,Moray West,moraywest,810,785
2026-09-27T10:00Z,Neart na Gaoithe,nng,410,205
2026-09-27T10:00Z,Pembroke,pembroke,0,0
2026-09-27T10:00Z,Pen y Cymoedd,penycymoedd,180,0
2026-09-27T10:00Z,Peterhead,peterhead,125,0
2026-09-27T10:00Z,Race Bank,racebank,195,0
2026-09-27T10:00Z,Rampion,rampion,170,0
2026-09-27T10:00Z,Seagreen,seagreen,1040,825
2026-09-27T10:00Z,Sizewell B,sizewellb,1190,0
2026-09-27T10:00Z,Staythorpe,staythorpe,0,0
2026-09-27T10:00Z,Torness,torness,1290,0
2026-09-27T10:00Z,Triton Knoll,triton,325,0
2026-09-27T10:00Z,Viking Link,viking,0,0
2026-09-27T10:00Z,Walney 1 & 2,walney,335,0
2026-09-27T10:00Z,Walney Extension,walneyx,585,0
2026-09-27T10:00Z,West Burton B,westburton,0,0
2026-09-27T10:00Z,Whitelee,whitelee,155,0
2026-09-27T11:00Z,Beatrice,beatrice,560,0
2026-09-27T11:00Z,Burbo Bank Extension,burbo,225,0
2026-09-27T11:00Z,Clyde,clyde,290,0
2026-09-27T11:00Z,Cruachan,cruachan,0,0
2026-09-27T11:00Z,Didcot B,didcot,0,0
2026-09-27T11:00Z,Dinorwig,dinorwig,0,0
2026-09-27T11:00Z,Dogger Bank A,doggerA,520,0
2026-09-27T11:00Z,Dogger Bank B,doggerB,425,0
2026-09-27T11:00Z,Drax,drax,415,0
2026-09-27T11:00Z,East Anglia ONE,ea1,105,0
2026-09-27T11:00Z,Ffestiniog,ffestiniog,0,0
2026-09-27T11:00Z,Foyers,foyers,0,0
2026-09-27T11:00Z,Galloper,galloper,70,0
2026-09-27T11:00Z,Greater Gabbard,gabbard,90,0
2026-09-27T11:00Z,Gwynt y Môr,gym,495,0
2026-09-27T11:00Z,Hartlepool,hartlepool,580,0
2026-09-27T11:00Z,Heysham 1,heysham1,395,0
2026-09-27T11:00Z,Heysham 2,heysham2,545,0
2026-09-27T11:00Z,Hornsea One,hornsea1,790,0
2026-09-27T11:00Z,Hornsea Two,hornsea2,955,0
2026-09-27T11:00Z,Moray East,morayeast,540,530
2026-09-27T11:00Z,Moray West,moraywest,810,780
2026-09-27T11:00Z,Neart na Gaoithe,nng,380,160
2026-09-27T11:00Z,Pembroke,pembroke,0,0
2026-09-27T11:00Z,Pen y Cymoedd,penycymoedd,175,0
2026-09-27T11:00Z,Peterhead,peterhead,125,0
2026-09-27T11:00Z,Race Bank,racebank,220,0
2026-09-27T11:00Z,Rampion,rampion,165,0
2026-09-27T11:00Z,Seagreen,seagreen,1040,815
2026-09-27T11:00Z,Sizewell B,sizewellb,1190,0
2026-09-27T11:00Z,Staythorpe,staythorpe,0,0
2026-09-27T11:00Z,Torness,torness,1290,0
2026-09-27T11:00Z,Triton Knoll,triton,300,0
2026-09-27T11:00Z,Viking Link,viking,0,0
2026-09-27T11:00Z,Walney 1 & 2,walney,325,0
2026-09-27T11:00Z,Walney Extension,walneyx,585,0
2026-09-27T11:00Z,West Burton B,westburton,0,0
2026-09-27T11:00Z,Whitelee,whitelee,190,0
2026-09-27T12:00Z,Beatrice,beatrice,560,0
2026-09-27T12:00Z,Burbo Bank Extension,burbo,225,0
2026-09-27T12:00Z,Clyde,clyde,280,0
2026-09-27T12:00Z,Cruachan,cruachan,0,0
2026-09-27T12:00Z,Didcot B,didcot,0,0
2026-09-27T12:00Z,Dinorwig,dinorwig,0,0
2026-09-27T12:00Z,Dogger Bank A,doggerA,515,0
2026-09-27T12:00Z,Dogger Bank B,doggerB,420,0
2026-09-27T12:00Z,Drax,drax,415,0
2026-09-27T12:00Z,East Anglia ONE,ea1,135,0
2026-09-27T12:00Z,Ffestiniog,ffestiniog,0,0
2026-09-27T12:00Z,Foyers,foyers,0,0
2026-09-27T12:00Z,Galloper,galloper,85,0
2026-09-27T12:00Z,Greater Gabbard,gabbard,110,0
2026-09-27T12:00Z,Gwynt y Môr,gym,480,0
2026-09-27T12:00Z,Hartlepool,hartlepool,580,0
2026-09-27T12:00Z,Heysham 1,heysham1,395,0
2026-09-27T12:00Z,Heysham 2,heysham2,545,0
2026-09-27T12:00Z,Hornsea One,hornsea1,870,0
2026-09-27T12:00Z,Hornsea Two,hornsea2,1075,0
2026-09-27T12:00Z,Moray East,morayeast,550,500
2026-09-27T12:00Z,Moray West,moraywest,805,780
2026-09-27T12:00Z,Neart na Gaoithe,nng,380,120
2026-09-27T12:00Z,Pembroke,pembroke,0,0
2026-09-27T12:00Z,Pen y Cymoedd,penycymoedd,175,0
2026-09-27T12:00Z,Peterhead,peterhead,125,0
2026-09-27T12:00Z,Race Bank,racebank,290,0
2026-09-27T12:00Z,Rampion,rampion,165,0
2026-09-27T12:00Z,Seagreen,seagreen,1040,760
2026-09-27T12:00Z,Sizewell B,sizewellb,1190,0
2026-09-27T12:00Z,Staythorpe,staythorpe,0,0
2026-09-27T12:00Z,Torness,torness,1290,0
2026-09-27T12:00Z,Triton Knoll,triton,340,0
2026-09-27T12:00Z,Viking Link,viking,440,0
2026-09-27T12:00Z,Walney 1 & 2,walney,325,0
2026-09-27T12:00Z,Walney Extension,walneyx,590,0
2026-09-27T12:00Z,West Burton B,westburton,0,0
2026-09-27T12:00Z,Whitelee,whitelee,130,0
2026-09-27T13:00Z,Beatrice,beatrice,560,0
2026-09-27T13:00Z,Burbo Bank Extension,burbo,220,0
2026-09-27T13:00Z,Clyde,clyde,280,0
2026-09-27T13:00Z,Cruachan,cruachan,0,0
2026-09-27T13:00Z,Didcot B,didcot,0,0
2026-09-27T13:00Z,Dinorwig,dinorwig,0,0
2026-09-27T13:00Z,Dogger Bank A,doggerA,515,0
2026-09-27T13:00Z,Dogger Bank B,doggerB,415,0
2026-09-27T13:00Z,Drax,drax,415,0
2026-09-27T13:00Z,East Anglia ONE,ea1,205,0
2026-09-27T13:00Z,Ffestiniog,ffestiniog,0,0
2026-09-27T13:00Z,Foyers,foyers,0,0
2026-09-27T13:00Z,Galloper,galloper,105,0
2026-09-27T13:00Z,Greater Gabbard,gabbard,125,0
2026-09-27T13:00Z,Gwynt y Môr,gym,455,0
2026-09-27T13:00Z,Hartlepool,hartlepool,580,0
2026-09-27T13:00Z,Heysham 1,heysham1,395,0
2026-09-27T13:00Z,Heysham 2,heysham2,545,0
2026-09-27T13:00Z,Hornsea One,hornsea1,1040,0
2026-09-27T13:00Z,Hornsea Two,hornsea2,1180,0
2026-09-27T13:00Z,Moray East,morayeast,520,275
2026-09-27T13:00Z,Moray West,moraywest,790,760
2026-09-27T13:00Z,Neart na Gaoithe,nng,420,145
2026-09-27T13:00Z,Pembroke,pembroke,0,0
2026-09-27T13:00Z,Pen y Cymoedd,penycymoedd,170,0
2026-09-27T13:00Z,Peterhead,peterhead,125,0
2026-09-27T13:00Z,Race Bank,racebank,365,0
2026-09-27T13:00Z,Rampion,rampion,180,0
2026-09-27T13:00Z,Seagreen,seagreen,1040,665
2026-09-27T13:00Z,Sizewell B,sizewellb,1190,0
2026-09-27T13:00Z,Staythorpe,staythorpe,0,0
2026-09-27T13:00Z,Torness,torness,1290,0
2026-09-27T13:00Z,Triton Knoll,triton,410,0
2026-09-27T13:00Z,Viking Link,viking,440,0
2026-09-27T13:00Z,Walney 1 & 2,walney,320,0
2026-09-27T13:00Z,Walney Extension,walneyx,590,0
2026-09-27T13:00Z,West Burton B,westburton,0,0
2026-09-27T13:00Z,Whitelee,whitelee,70,0
2026-09-27T14:00Z,Beatrice,beatrice,560,0
2026-09-27T14:00Z,Burbo Bank Extension,burbo,220,0
2026-09-27T14:00Z,Clyde,clyde,305,0
2026-09-27T14:00Z,Cruachan,cruachan,0,0
2026-09-27T14:00Z,Didcot B,didcot,0,0
2026-09-27T14:00Z,Dinorwig,dinorwig,0,0
2026-09-27T14:00Z,Dogger Bank A,doggerA,520,0
2026-09-27T14:00Z,Dogger Bank B,doggerB,415,0
2026-09-27T14:00Z,Drax,drax,500,0
2026-09-27T14:00Z,East Anglia ONE,ea1,225,0
2026-09-27T14:00Z,Ffestiniog,ffestiniog,0,0
2026-09-27T14:00Z,Foyers,foyers,0,0
2026-09-27T14:00Z,Galloper,galloper,135,0
2026-09-27T14:00Z,Greater Gabbard,gabbard,160,0
2026-09-27T14:00Z,Gwynt y Môr,gym,455,0
2026-09-27T14:00Z,Hartlepool,hartlepool,580,0
2026-09-27T14:00Z,Heysham 1,heysham1,395,0
2026-09-27T14:00Z,Heysham 2,heysham2,545,0
2026-09-27T14:00Z,Hornsea One,hornsea1,1135,0
2026-09-27T14:00Z,Hornsea Two,hornsea2,1215,0
2026-09-27T14:00Z,Moray East,morayeast,510,170
2026-09-27T14:00Z,Moray West,moraywest,760,735
2026-09-27T14:00Z,Neart na Gaoithe,nng,440,205
2026-09-27T14:00Z,Pembroke,pembroke,15,0
2026-09-27T14:00Z,Pen y Cymoedd,penycymoedd,125,0
2026-09-27T14:00Z,Peterhead,peterhead,125,0
2026-09-27T14:00Z,Race Bank,racebank,395,0
2026-09-27T14:00Z,Rampion,rampion,215,0
2026-09-27T14:00Z,Seagreen,seagreen,1045,685
2026-09-27T14:00Z,Sizewell B,sizewellb,1190,0
2026-09-27T14:00Z,Staythorpe,staythorpe,0,0
2026-09-27T14:00Z,Torness,torness,1290,0
2026-09-27T14:00Z,Triton Knoll,triton,480,0
2026-09-27T14:00Z,Viking Link,viking,440,0
2026-09-27T14:00Z,Walney 1 & 2,walney,310,0
2026-09-27T14:00Z,Walney Extension,walneyx,560,0
2026-09-27T14:00Z,West Burton B,westburton,0,0
2026-09-27T14:00Z,Whitelee,whitelee,110,0
2026-09-27T15:00Z,Beatrice,beatrice,555,0
2026-09-27T15:00Z,Burbo Bank Extension,burbo,220,0
2026-09-27T15:00Z,Clyde,clyde,440,115
2026-09-27T15:00Z,Cruachan,cruachan,0,0
2026-09-27T15:00Z,Didcot B,didcot,0,0
2026-09-27T15:00Z,Dinorwig,dinorwig,0,0
2026-09-27T15:00Z,Dogger Bank A,doggerA,530,0
2026-09-27T15:00Z,Dogger Bank B,doggerB,415,0
2026-09-27T15:00Z,Drax,drax,1590,0
2026-09-27T15:00Z,East Anglia ONE,ea1,355,0
2026-09-27T15:00Z,Ffestiniog,ffestiniog,0,0
2026-09-27T15:00Z,Foyers,foyers,0,0
2026-09-27T15:00Z,Galloper,galloper,190,0
2026-09-27T15:00Z,Greater Gabbard,gabbard,205,0
2026-09-27T15:00Z,Gwynt y Môr,gym,440,0
2026-09-27T15:00Z,Hartlepool,hartlepool,580,0
2026-09-27T15:00Z,Heysham 1,heysham1,395,0
2026-09-27T15:00Z,Heysham 2,heysham2,545,0
2026-09-27T15:00Z,Hornsea One,hornsea1,1180,0
2026-09-27T15:00Z,Hornsea Two,hornsea2,1270,0
2026-09-27T15:00Z,Moray East,morayeast,480,360
2026-09-27T15:00Z,Moray West,moraywest,720,690
2026-09-27T15:00Z,Neart na Gaoithe,nng,440,295
2026-09-27T15:00Z,Pembroke,pembroke,315,0
2026-09-27T15:00Z,Pen y Cymoedd,penycymoedd,115,0
2026-09-27T15:00Z,Peterhead,peterhead,125,0
2026-09-27T15:00Z,Race Bank,racebank,460,0
2026-09-27T15:00Z,Rampion,rampion,250,0
2026-09-27T15:00Z,Seagreen,seagreen,1050,930
2026-09-27T15:00Z,Sizewell B,sizewellb,1190,0
2026-09-27T15:00Z,Staythorpe,staythorpe,0,0
2026-09-27T15:00Z,Torness,torness,1290,0
2026-09-27T15:00Z,Triton Knoll,triton,490,0
2026-09-27T15:00Z,Viking Link,viking,440,0
2026-09-27T15:00Z,Walney 1 & 2,walney,280,0
2026-09-27T15:00Z,Walney Extension,walneyx,505,0
2026-09-27T15:00Z,West Burton B,westburton,0,0
2026-09-27T15:00Z,Whitelee,whitelee,100,0
2026-09-27T16:00Z,Beatrice,beatrice,520,0
2026-09-27T16:00Z,Burbo Bank Extension,burbo,215,0
2026-09-27T16:00Z,Clyde,clyde,430,0
2026-09-27T16:00Z,Cruachan,cruachan,120,0
2026-09-27T16:00Z,Didcot B,didcot,0,0
2026-09-27T16:00Z,Dinorwig,dinorwig,0,0
2026-09-27T16:00Z,Dogger Bank A,doggerA,540,0
2026-09-27T16:00Z,Dogger Bank B,doggerB,415,0
2026-09-27T16:00Z,Drax,drax,2410,0
2026-09-27T16:00Z,East Anglia ONE,ea1,475,0
2026-09-27T16:00Z,Ffestiniog,ffestiniog,0,0
2026-09-27T16:00Z,Foyers,foyers,0,0
2026-09-27T16:00Z,Galloper,galloper,250,0
2026-09-27T16:00Z,Greater Gabbard,gabbard,275,0
2026-09-27T16:00Z,Gwynt y Môr,gym,385,0
2026-09-27T16:00Z,Hartlepool,hartlepool,580,0
2026-09-27T16:00Z,Heysham 1,heysham1,395,0
2026-09-27T16:00Z,Heysham 2,heysham2,545,0
2026-09-27T16:00Z,Hornsea One,hornsea1,1190,0
2026-09-27T16:00Z,Hornsea Two,hornsea2,1295,0
2026-09-27T16:00Z,Moray East,morayeast,500,500
2026-09-27T16:00Z,Moray West,moraywest,720,690
2026-09-27T16:00Z,Neart na Gaoithe,nng,450,290
2026-09-27T16:00Z,Pembroke,pembroke,1365,0
2026-09-27T16:00Z,Pen y Cymoedd,penycymoedd,100,0
2026-09-27T16:00Z,Peterhead,peterhead,125,0
2026-09-27T16:00Z,Race Bank,racebank,445,0
2026-09-27T16:00Z,Rampion,rampion,275,0
2026-09-27T16:00Z,Seagreen,seagreen,1050,975
2026-09-27T16:00Z,Sizewell B,sizewellb,1190,0
2026-09-27T16:00Z,Staythorpe,staythorpe,0,0
2026-09-27T16:00Z,Torness,torness,1290,0
2026-09-27T16:00Z,Triton Knoll,triton,555,0
2026-09-27T16:00Z,Viking Link,viking,440,0
2026-09-27T16:00Z,Walney 1 & 2,walney,215,0
2026-09-27T16:00Z,Walney Extension,walneyx,410,0
2026-09-27T16:00Z,West Burton B,westburton,0,0
2026-09-27T16:00Z,Whitelee,whitelee,135,0
2026-09-27T17:00Z,Beatrice,beatrice,450,0
2026-09-27T17:00Z,Burbo Bank Extension,burbo,180,0
2026-09-27T17:00Z,Clyde,clyde,400,0
2026-09-27T17:00Z,Cruachan,cruachan,240,0
2026-09-27T17:00Z,Didcot B,didcot,0,0
2026-09-27T17:00Z,Dinorwig,dinorwig,300,0
2026-09-27T17:00Z,Dogger Bank A,doggerA,530,0
2026-09-27T17:00Z,Dogger Bank B,doggerB,425,0
2026-09-27T17:00Z,Drax,drax,2490,0
2026-09-27T17:00Z,East Anglia ONE,ea1,580,0
2026-09-27T17:00Z,Ffestiniog,ffestiniog,45,0
2026-09-27T17:00Z,Foyers,foyers,0,0
2026-09-27T17:00Z,Galloper,galloper,280,0
2026-09-27T17:00Z,Greater Gabbard,gabbard,310,0
2026-09-27T17:00Z,Gwynt y Môr,gym,310,0
2026-09-27T17:00Z,Hartlepool,hartlepool,580,0
2026-09-27T17:00Z,Heysham 1,heysham1,395,0
2026-09-27T17:00Z,Heysham 2,heysham2,545,0
2026-09-27T17:00Z,Hornsea One,hornsea1,1195,0
2026-09-27T17:00Z,Hornsea Two,hornsea2,1300,0
2026-09-27T17:00Z,Moray East,morayeast,450,450
2026-09-27T17:00Z,Moray West,moraywest,730,705
2026-09-27T17:00Z,Neart na Gaoithe,nng,450,310
2026-09-27T17:00Z,Pembroke,pembroke,1675,0
2026-09-27T17:00Z,Pen y Cymoedd,penycymoedd,85,0
2026-09-27T17:00Z,Peterhead,peterhead,125,0
2026-09-27T17:00Z,Race Bank,racebank,495,0
2026-09-27T17:00Z,Rampion,rampion,290,0
2026-09-27T17:00Z,Seagreen,seagreen,1035,855
2026-09-27T17:00Z,Sizewell B,sizewellb,1190,0
2026-09-27T17:00Z,Staythorpe,staythorpe,0,0
2026-09-27T17:00Z,Torness,torness,1290,0
2026-09-27T17:00Z,Triton Knoll,triton,600,0
2026-09-27T17:00Z,Viking Link,viking,440,0
2026-09-27T17:00Z,Walney 1 & 2,walney,145,0
2026-09-27T17:00Z,Walney Extension,walneyx,285,0
2026-09-27T17:00Z,West Burton B,westburton,5,0
2026-09-27T17:00Z,Whitelee,whitelee,155,0
2026-09-27T18:00Z,Beatrice,beatrice,425,0
2026-09-27T18:00Z,Burbo Bank Extension,burbo,145,0
2026-09-27T18:00Z,Clyde,clyde,325,0
2026-09-27T18:00Z,Cruachan,cruachan,240,0
2026-09-27T18:00Z,Didcot B,didcot,0,0
2026-09-27T18:00Z,Dinorwig,dinorwig,300,0
2026-09-27T18:00Z,Dogger Bank A,doggerA,530,0
2026-09-27T18:00Z,Dogger Bank B,doggerB,425,0
2026-09-27T18:00Z,Drax,drax,2490,0
2026-09-27T18:00Z,East Anglia ONE,ea1,605,0
2026-09-27T18:00Z,Ffestiniog,ffestiniog,90,0
2026-09-27T18:00Z,Foyers,foyers,70,0
2026-09-27T18:00Z,Galloper,galloper,275,0
2026-09-27T18:00Z,Greater Gabbard,gabbard,325,0
2026-09-27T18:00Z,Gwynt y Môr,gym,235,0
2026-09-27T18:00Z,Hartlepool,hartlepool,580,0
2026-09-27T18:00Z,Heysham 1,heysham1,395,0
2026-09-27T18:00Z,Heysham 2,heysham2,545,0
2026-09-27T18:00Z,Hornsea One,hornsea1,1180,0
2026-09-27T18:00Z,Hornsea Two,hornsea2,1270,0
2026-09-27T18:00Z,Moray East,morayeast,410,410
2026-09-27T18:00Z,Moray West,moraywest,730,700
2026-09-27T18:00Z,Neart na Gaoithe,nng,445,295
2026-09-27T18:00Z,Pembroke,pembroke,1690,0
2026-09-27T18:00Z,Pen y Cymoedd,penycymoedd,60,0
2026-09-27T18:00Z,Peterhead,peterhead,125,0
2026-09-27T18:00Z,Race Bank,racebank,465,0
2026-09-27T18:00Z,Rampion,rampion,270,0
2026-09-27T18:00Z,Seagreen,seagreen,995,700
2026-09-27T18:00Z,Sizewell B,sizewellb,1190,0
2026-09-27T18:00Z,Staythorpe,staythorpe,0,0
2026-09-27T18:00Z,Torness,torness,1290,0
2026-09-27T18:00Z,Triton Knoll,triton,600,0
2026-09-27T18:00Z,Viking Link,viking,435,0
2026-09-27T18:00Z,Walney 1 & 2,walney,110,0
2026-09-27T18:00Z,Walney Extension,walneyx,215,0
2026-09-27T18:00Z,West Burton B,westburton,10,0
2026-09-27T18:00Z,Whitelee,whitelee,100,0
2026-09-27T19:00Z,Beatrice,beatrice,340,55
2026-09-27T19:00Z,Burbo Bank Extension,burbo,110,0
2026-09-27T19:00Z,Clyde,clyde,255,0
2026-09-27T19:00Z,Cruachan,cruachan,240,0
2026-09-27T19:00Z,Didcot B,didcot,0,0
2026-09-27T19:00Z,Dinorwig,dinorwig,300,0
2026-09-27T19:00Z,Dogger Bank A,doggerA,535,0
2026-09-27T19:00Z,Dogger Bank B,doggerB,425,0
2026-09-27T19:00Z,Drax,drax,2490,0
2026-09-27T19:00Z,East Anglia ONE,ea1,570,0
2026-09-27T19:00Z,Ffestiniog,ffestiniog,0,0
2026-09-27T19:00Z,Foyers,foyers,150,0
2026-09-27T19:00Z,Galloper,galloper,255,0
2026-09-27T19:00Z,Greater Gabbard,gabbard,275,0
2026-09-27T19:00Z,Gwynt y Môr,gym,185,0
2026-09-27T19:00Z,Hartlepool,hartlepool,580,0
2026-09-27T19:00Z,Heysham 1,heysham1,395,0
2026-09-27T19:00Z,Heysham 2,heysham2,545,0
2026-09-27T19:00Z,Hornsea One,hornsea1,1145,0
2026-09-27T19:00Z,Hornsea Two,hornsea2,1220,0
2026-09-27T19:00Z,Moray East,morayeast,440,440
2026-09-27T19:00Z,Moray West,moraywest,680,655
2026-09-27T19:00Z,Neart na Gaoithe,nng,415,255
2026-09-27T19:00Z,Pembroke,pembroke,1700,0
2026-09-27T19:00Z,Pen y Cymoedd,penycymoedd,40,0
2026-09-27T19:00Z,Peterhead,peterhead,170,0
2026-09-27T19:00Z,Race Bank,racebank,440,0
2026-09-27T19:00Z,Rampion,rampion,225,0
2026-09-27T19:00Z,Seagreen,seagreen,945,875
2026-09-27T19:00Z,Sizewell B,sizewellb,1190,0
2026-09-27T19:00Z,Staythorpe,staythorpe,0,0
2026-09-27T19:00Z,Torness,torness,1290,0
2026-09-27T19:00Z,Triton Knoll,triton,495,0
2026-09-27T19:00Z,Viking Link,viking,415,0
2026-09-27T19:00Z,Walney 1 & 2,walney,90,0
2026-09-27T19:00Z,Walney Extension,walneyx,220,0
2026-09-27T19:00Z,West Burton B,westburton,0,0
2026-09-27T19:00Z,Whitelee,whitelee,120,0
2026-09-27T20:00Z,Beatrice,beatrice,385,260
2026-09-27T20:00Z,Burbo Bank Extension,burbo,90,0
2026-09-27T20:00Z,Clyde,clyde,205,0
2026-09-27T20:00Z,Cruachan,cruachan,120,0
2026-09-27T20:00Z,Didcot B,didcot,0,0
2026-09-27T20:00Z,Dinorwig,dinorwig,150,0
2026-09-27T20:00Z,Dogger Bank A,doggerA,540,0
2026-09-27T20:00Z,Dogger Bank B,doggerB,425,0
2026-09-27T20:00Z,Drax,drax,2490,0
2026-09-27T20:00Z,East Anglia ONE,ea1,505,0
2026-09-27T20:00Z,Ffestiniog,ffestiniog,0,0
2026-09-27T20:00Z,Foyers,foyers,150,0
2026-09-27T20:00Z,Galloper,galloper,235,0
2026-09-27T20:00Z,Greater Gabbard,gabbard,265,0
2026-09-27T20:00Z,Gwynt y Môr,gym,175,0
2026-09-27T20:00Z,Hartlepool,hartlepool,580,0
2026-09-27T20:00Z,Heysham 1,heysham1,395,0
2026-09-27T20:00Z,Heysham 2,heysham2,545,0
2026-09-27T20:00Z,Hornsea One,hornsea1,1025,0
2026-09-27T20:00Z,Hornsea Two,hornsea2,1065,0
2026-09-27T20:00Z,Moray East,morayeast,400,400
2026-09-27T20:00Z,Moray West,moraywest,640,615
2026-09-27T20:00Z,Neart na Gaoithe,nng,360,165
2026-09-27T20:00Z,Pembroke,pembroke,1715,0
2026-09-27T20:00Z,Pen y Cymoedd,penycymoedd,30,0
2026-09-27T20:00Z,Peterhead,peterhead,300,0
2026-09-27T20:00Z,Race Bank,racebank,305,0
2026-09-27T20:00Z,Rampion,rampion,180,0
2026-09-27T20:00Z,Seagreen,seagreen,865,795
2026-09-27T20:00Z,Sizewell B,sizewellb,1190,0
2026-09-27T20:00Z,Staythorpe,staythorpe,0,0
2026-09-27T20:00Z,Torness,torness,1290,0
2026-09-27T20:00Z,Triton Knoll,triton,325,0
2026-09-27T20:00Z,Viking Link,viking,400,0
2026-09-27T20:00Z,Walney 1 & 2,walney,110,0
2026-09-27T20:00Z,Walney Extension,walneyx,265,0
2026-09-27T20:00Z,West Burton B,westburton,0,0
2026-09-27T20:00Z,Whitelee,whitelee,125,0
2026-09-27T21:00Z,Beatrice,beatrice,440,250
2026-09-27T21:00Z,Burbo Bank Extension,burbo,60,0
2026-09-27T21:00Z,Clyde,clyde,170,0
2026-09-27T21:00Z,Cruachan,cruachan,0,0
2026-09-27T21:00Z,Didcot B,didcot,0,0
2026-09-27T21:00Z,Dinorwig,dinorwig,0,0
2026-09-27T21:00Z,Dogger Bank A,doggerA,550,0
2026-09-27T21:00Z,Dogger Bank B,doggerB,420,0
2026-09-27T21:00Z,Drax,drax,2490,0
2026-09-27T21:00Z,East Anglia ONE,ea1,400,0
2026-09-27T21:00Z,Ffestiniog,ffestiniog,0,0
2026-09-27T21:00Z,Foyers,foyers,75,0
2026-09-27T21:00Z,Galloper,galloper,195,0
2026-09-27T21:00Z,Greater Gabbard,gabbard,255,0
2026-09-27T21:00Z,Gwynt y Môr,gym,175,0
2026-09-27T21:00Z,Hartlepool,hartlepool,580,0
2026-09-27T21:00Z,Heysham 1,heysham1,395,0
2026-09-27T21:00Z,Heysham 2,heysham2,545,0
2026-09-27T21:00Z,Hornsea One,hornsea1,755,0
2026-09-27T21:00Z,Hornsea Two,hornsea2,835,0
2026-09-27T21:00Z,Moray East,morayeast,415,415
2026-09-27T21:00Z,Moray West,moraywest,685,655
2026-09-27T21:00Z,Neart na Gaoithe,nng,390,35
2026-09-27T21:00Z,Pembroke,pembroke,1780,0
2026-09-27T21:00Z,Pen y Cymoedd,penycymoedd,20,0
2026-09-27T21:00Z,Peterhead,peterhead,300,0
2026-09-27T21:00Z,Race Bank,racebank,250,0
2026-09-27T21:00Z,Rampion,rampion,140,0
2026-09-27T21:00Z,Seagreen,seagreen,800,730
2026-09-27T21:00Z,Sizewell B,sizewellb,1190,0
2026-09-27T21:00Z,Staythorpe,staythorpe,40,0
2026-09-27T21:00Z,Torness,torness,1290,0
2026-09-27T21:00Z,Triton Knoll,triton,210,0
2026-09-27T21:00Z,Viking Link,viking,390,0
2026-09-27T21:00Z,Walney 1 & 2,walney,115,0
2026-09-27T21:00Z,Walney Extension,walneyx,290,0
2026-09-27T21:00Z,West Burton B,westburton,0,0
2026-09-27T21:00Z,Whitelee,whitelee,115,0
2026-09-27T22:00Z,Beatrice,beatrice,420,185
2026-09-27T22:00Z,Burbo Bank Extension,burbo,75,0
2026-09-27T22:00Z,Clyde,clyde,135,0
2026-09-27T22:00Z,Cruachan,cruachan,120,0
2026-09-27T22:00Z,Didcot B,didcot,105,0
2026-09-27T22:00Z,Dinorwig,dinorwig,0,0
2026-09-27T22:00Z,Dogger Bank A,doggerA,505,0
2026-09-27T22:00Z,Dogger Bank B,doggerB,390,0
2026-09-27T22:00Z,Drax,drax,2490,0
2026-09-27T22:00Z,East Anglia ONE,ea1,375,0
2026-09-27T22:00Z,Ffestiniog,ffestiniog,0,0
2026-09-27T22:00Z,Foyers,foyers,75,0
2026-09-27T22:00Z,Galloper,galloper,145,0
2026-09-27T22:00Z,Greater Gabbard,gabbard,230,0
2026-09-27T22:00Z,Gwynt y Môr,gym,160,0
2026-09-27T22:00Z,Hartlepool,hartlepool,580,0
2026-09-27T22:00Z,Heysham 1,heysham1,395,0
2026-09-27T22:00Z,Heysham 2,heysham2,545,0
2026-09-27T22:00Z,Hornsea One,hornsea1,440,0
2026-09-27T22:00Z,Hornsea Two,hornsea2,570,0
2026-09-27T22:00Z,Moray East,morayeast,360,360
2026-09-27T22:00Z,Moray West,moraywest,620,590
2026-09-27T22:00Z,Neart na Gaoithe,nng,405,0
2026-09-27T22:00Z,Pembroke,pembroke,2045,0
2026-09-27T22:00Z,Pen y Cymoedd,penycymoedd,15,0
2026-09-27T22:00Z,Peterhead,peterhead,310,0
2026-09-27T22:00Z,Race Bank,racebank,185,0
2026-09-27T22:00Z,Rampion,rampion,100,0
2026-09-27T22:00Z,Seagreen,seagreen,770,700
2026-09-27T22:00Z,Sizewell B,sizewellb,1190,0
2026-09-27T22:00Z,Staythorpe,staythorpe,315,0
2026-09-27T22:00Z,Torness,torness,1290,0
2026-09-27T22:00Z,Triton Knoll,triton,200,0
2026-09-27T22:00Z,Viking Link,viking,335,0
2026-09-27T22:00Z,Walney 1 & 2,walney,100,0
2026-09-27T22:00Z,Walney Extension,walneyx,230,0
2026-09-27T22:00Z,West Burton B,westburton,0,0
2026-09-27T22:00Z,Whitelee,whitelee,115,0
2026-09-27T23:00Z,Beatrice,beatrice,335,30
2026-09-27T23:00Z,Burbo Bank Extension,burbo,70,0
2026-09-27T23:00Z,Carrington,carrington,0,0
2026-09-27T23:00Z,Clyde,clyde,100,0
2026-09-27T23:00Z,Cruachan,cruachan,240,0
2026-09-27T23:00Z,Didcot B,didcot,420,0
2026-09-27T23:00Z,Dinorwig,dinorwig,0,0
2026-09-27T23:00Z,Dogger Bank A,doggerA,445,0
2026-09-27T23:00Z,Dogger Bank B,doggerB,330,0
2026-09-27T23:00Z,Drax,drax,2490,0
2026-09-27T23:00Z,East Anglia ONE,ea1,315,0
2026-09-27T23:00Z,Ffestiniog,ffestiniog,0,0
2026-09-27T23:00Z,Foyers,foyers,75,0
2026-09-27T23:00Z,Galloper,galloper,125,0
2026-09-27T23:00Z,Grain,grainpp,50,0
2026-09-27T23:00Z,Greater Gabbard,gabbard,190,0
2026-09-27T23:00Z,Gwynt y Môr,gym,125,0
2026-09-27T23:00Z,Hartlepool,hartlepool,580,0
2026-09-27T23:00Z,Heysham 1,heysham1,395,0
2026-09-27T23:00Z,Heysham 2,heysham2,545,0
2026-09-27T23:00Z,Hornsea One,hornsea1,300,0
2026-09-27T23:00Z,Hornsea Two,hornsea2,395,0
2026-09-27T23:00Z,Keadby 2,keadby2,200,0
2026-09-27T23:00Z,Moray East,morayeast,320,320
2026-09-27T23:00Z,Moray West,moraywest,525,500
2026-09-27T23:00Z,Neart na Gaoithe,nng,310,75
2026-09-27T23:00Z,Pembroke,pembroke,2120,0
2026-09-27T23:00Z,Pen y Cymoedd,penycymoedd,5,0
2026-09-27T23:00Z,Peterhead,peterhead,670,0
2026-09-27T23:00Z,Race Bank,racebank,155,0
2026-09-27T23:00Z,Rampion,rampion,70,0
2026-09-27T23:00Z,Seagreen,seagreen,765,700
2026-09-27T23:00Z,Sizewell B,sizewellb,1190,0
2026-09-27T23:00Z,Staythorpe,staythorpe,410,0
2026-09-27T23:00Z,Torness,torness,1290,0
2026-09-27T23:00Z,Triton Knoll,triton,190,0
2026-09-27T23:00Z,Viking Link,viking,335,0
2026-09-27T23:00Z,Walney 1 & 2,walney,75,0
2026-09-27T23:00Z,Walney Extension,walneyx,210,0
2026-09-27T23:00Z,West Burton B,westburton,0,0
2026-09-27T23:00Z,Whitelee,whitelee,85,0
2026-09-27T23:00Z,connahsquay,connahsquay,0,0
2026-09-28T00:00Z,Beatrice,beatrice,310,0
2026-09-28T00:00Z,Burbo Bank Extension,burbo,50,0
2026-09-28T00:00Z,Carrington,carrington,0,0
2026-09-28T00:00Z,Clyde,clyde,65,0
2026-09-28T00:00Z,Cruachan,cruachan,0,0
2026-09-28T00:00Z,Didcot B,didcot,730,0
2026-09-28T00:00Z,Dinorwig,dinorwig,0,0
2026-09-28T00:00Z,Dogger Bank A,doggerA,375,0
2026-09-28T00:00Z,Dogger Bank B,doggerB,275,0
2026-09-28T00:00Z,Drax,drax,2490,0
2026-09-28T00:00Z,East Anglia ONE,ea1,235,0
2026-09-28T00:00Z,Ffestiniog,ffestiniog,0,0
2026-09-28T00:00Z,Foyers,foyers,75,0
2026-09-28T00:00Z,Galloper,galloper,100,0
2026-09-28T00:00Z,Grain,grainpp,435,0
2026-09-28T00:00Z,Greater Gabbard,gabbard,155,0
2026-09-28T00:00Z,Gwynt y Môr,gym,90,0
2026-09-28T00:00Z,Hartlepool,hartlepool,580,0
2026-09-28T00:00Z,Heysham 1,heysham1,395,0
2026-09-28T00:00Z,Heysham 2,heysham2,545,0
2026-09-28T00:00Z,Hornsea One,hornsea1,245,0
2026-09-28T00:00Z,Hornsea Two,hornsea2,340,0
2026-09-28T00:00Z,Keadby 2,keadby2,435,0
2026-09-28T00:00Z,Moray East,morayeast,275,275
2026-09-28T00:00Z,Moray West,moraywest,445,255
2026-09-28T00:00Z,Neart na Gaoithe,nng,370,175
2026-09-28T00:00Z,Pembroke,pembroke,2120,0
2026-09-28T00:00Z,Pen y Cymoedd,penycymoedd,5,0
2026-09-28T00:00Z,Peterhead,peterhead,780,0
2026-09-28T00:00Z,Race Bank,racebank,115,0
2026-09-28T00:00Z,Rampion,rampion,50,0
2026-09-28T00:00Z,Seagreen,seagreen,710,645
2026-09-28T00:00Z,Sizewell B,sizewellb,1190,0
2026-09-28T00:00Z,Staythorpe,staythorpe,420,0
2026-09-28T00:00Z,Torness,torness,1290,0
2026-09-28T00:00Z,Triton Knoll,triton,155,0
2026-09-28T00:00Z,Viking Link,viking,395,0
2026-09-28T00:00Z,Walney 1 & 2,walney,65,0
2026-09-28T00:00Z,Walney Extension,walneyx,185,0
2026-09-28T00:00Z,West Burton B,westburton,0,0
2026-09-28T00:00Z,Whitelee,whitelee,60,0
2026-09-28T00:00Z,connahsquay,connahsquay,5,0
2026-09-28T01:00Z,Beatrice,beatrice,305,0
2026-09-28T01:00Z,Burbo Bank Extension,burbo,45,0
2026-09-28T01:00Z,Carrington,carrington,0,0
2026-09-28T01:00Z,Clyde,clyde,50,0
2026-09-28T01:00Z,Cruachan,cruachan,0,0
2026-09-28T01:00Z,Didcot B,didcot,735,0
2026-09-28T01:00Z,Dinorwig,dinorwig,0,0
2026-09-28T01:00Z,Dogger Bank A,doggerA,300,0
2026-09-28T01:00Z,Dogger Bank B,doggerB,205,0
2026-09-28T01:00Z,Drax,drax,2490,0
2026-09-28T01:00Z,East Anglia ONE,ea1,145,0
2026-09-28T01:00Z,Ffestiniog,ffestiniog,0,0
2026-09-28T01:00Z,Foyers,foyers,0,0
2026-09-28T01:00Z,Galloper,galloper,70,0
2026-09-28T01:00Z,Grain,grainpp,800,0
2026-09-28T01:00Z,Greater Gabbard,gabbard,120,0
2026-09-28T01:00Z,Gwynt y Môr,gym,70,0
2026-09-28T01:00Z,Hartlepool,hartlepool,580,0
2026-09-28T01:00Z,Heysham 1,heysham1,395,0
2026-09-28T01:00Z,Heysham 2,heysham2,545,0
2026-09-28T01:00Z,Hornsea One,hornsea1,230,0
2026-09-28T01:00Z,Hornsea Two,hornsea2,290,0
2026-09-28T01:00Z,Keadby 2,keadby2,835,0
2026-09-28T01:00Z,Moray East,morayeast,220,220
2026-09-28T01:00Z,Moray West,moraywest,390,35
2026-09-28T01:00Z,Neart na Gaoithe,nng,385,195
2026-09-28T01:00Z,Pembroke,pembroke,2125,0
2026-09-28T01:00Z,Pen y Cymoedd,penycymoedd,5,0
2026-09-28T01:00Z,Peterhead,peterhead,780,0
2026-09-28T01:00Z,Race Bank,racebank,100,0
2026-09-28T01:00Z,Rampion,rampion,30,0
2026-09-28T01:00Z,Seagreen,seagreen,550,485
2026-09-28T01:00Z,Sizewell B,sizewellb,1190,0
2026-09-28T01:00Z,Staythorpe,staythorpe,565,0
2026-09-28T01:00Z,Torness,torness,1290,0
2026-09-28T01:00Z,Triton Knoll,triton,90,0
2026-09-28T01:00Z,Viking Link,viking,375,0
2026-09-28T01:00Z,Walney 1 & 2,walney,60,0
2026-09-28T01:00Z,Walney Extension,walneyx,140,0
2026-09-28T01:00Z,West Burton B,westburton,0,0
2026-09-28T01:00Z,Whitelee,whitelee,35,0
2026-09-28T01:00Z,connahsquay,connahsquay,95,0
2026-09-28T02:00Z,Beatrice,beatrice,290,5
2026-09-28T02:00Z,Burbo Bank Extension,burbo,30,0
2026-09-28T02:00Z,Carrington,carrington,0,0
2026-09-28T02:00Z,Clyde,clyde,40,0
2026-09-28T02:00Z,Cruachan,cruachan,0,0
2026-09-28T02:00Z,Didcot B,didcot,735,0
2026-09-28T02:00Z,Dinorwig,dinorwig,0,0
2026-09-28T02:00Z,Dogger Bank A,doggerA,205,0
2026-09-28T02:00Z,Dogger Bank B,doggerB,135,0
2026-09-28T02:00Z,Drax,drax,2490,0
2026-09-28T02:00Z,East Anglia ONE,ea1,115,0
2026-09-28T02:00Z,Ffestiniog,ffestiniog,0,0
2026-09-28T02:00Z,Foyers,foyers,75,0
2026-09-28T02:00Z,Galloper,galloper,50,0
2026-09-28T02:00Z,Grain,grainpp,805,0
2026-09-28T02:00Z,Greater Gabbard,gabbard,95,0
2026-09-28T02:00Z,Gwynt y Môr,gym,45,0
2026-09-28T02:00Z,Hartlepool,hartlepool,580,0
2026-09-28T02:00Z,Heysham 1,heysham1,395,0
2026-09-28T02:00Z,Heysham 2,heysham2,545,0
2026-09-28T02:00Z,Hornsea One,hornsea1,205,0
2026-09-28T02:00Z,Hornsea Two,hornsea2,265,0
2026-09-28T02:00Z,Keadby 2,keadby2,835,0
2026-09-28T02:00Z,Moray East,morayeast,230,230
2026-09-28T02:00Z,Moray West,moraywest,365,95
2026-09-28T02:00Z,Neart na Gaoithe,nng,360,170
2026-09-28T02:00Z,Pembroke,pembroke,2130,0
2026-09-28T02:00Z,Pen y Cymoedd,penycymoedd,0,0
2026-09-28T02:00Z,Peterhead,peterhead,780,0
2026-09-28T02:00Z,Race Bank,racebank,75,0
2026-09-28T02:00Z,Rampion,rampion,15,0
2026-09-28T02:00Z,Seagreen,seagreen,405,335
2026-09-28T02:00Z,Sizewell B,sizewellb,1190,0
2026-09-28T02:00Z,Staythorpe,staythorpe,845,0
2026-09-28T02:00Z,Torness,torness,1290,0
2026-09-28T02:00Z,Triton Knoll,triton,45,0
2026-09-28T02:00Z,Viking Link,viking,330,0
2026-09-28T02:00Z,Walney 1 & 2,walney,40,0
2026-09-28T02:00Z,Walney Extension,walneyx,100,0
2026-09-28T02:00Z,West Burton B,westburton,35,0
2026-09-28T02:00Z,Whitelee,whitelee,40,0
2026-09-28T02:00Z,connahsquay,connahsquay,245,0
2026-09-28T03:00Z,Beatrice,beatrice,285,60
2026-09-28T03:00Z,Burbo Bank Extension,burbo,20,0
2026-09-28T03:00Z,Carrington,carrington,0,0
2026-09-28T03:00Z,Clyde,clyde,35,0
2026-09-28T03:00Z,Cruachan,cruachan,0,0
2026-09-28T03:00Z,Didcot B,didcot,730,0
2026-09-28T03:00Z,Dinorwig,dinorwig,0,0
2026-09-28T03:00Z,Dogger Bank A,doggerA,160,0
2026-09-28T03:00Z,Dogger Bank B,doggerB,100,0
2026-09-28T03:00Z,Drax,drax,2490,0
2026-09-28T03:00Z,East Anglia ONE,ea1,90,0
2026-09-28T03:00Z,Ffestiniog,ffestiniog,0,0
2026-09-28T03:00Z,Foyers,foyers,0,0
2026-09-28T03:00Z,Galloper,galloper,35,0
2026-09-28T03:00Z,Grain,grainpp,805,0
2026-09-28T03:00Z,Greater Gabbard,gabbard,65,0
2026-09-28T03:00Z,Gwynt y Môr,gym,30,0
2026-09-28T03:00Z,Hartlepool,hartlepool,580,0
2026-09-28T03:00Z,Heysham 1,heysham1,395,0
2026-09-28T03:00Z,Heysham 2,heysham2,545,0
2026-09-28T03:00Z,Hornsea One,hornsea1,160,0
2026-09-28T03:00Z,Hornsea Two,hornsea2,185,0
2026-09-28T03:00Z,Keadby 2,keadby2,835,0
2026-09-28T03:00Z,Moray East,morayeast,205,205
2026-09-28T03:00Z,Moray West,moraywest,430,310
2026-09-28T03:00Z,Neart na Gaoithe,nng,335,145
2026-09-28T03:00Z,Pembroke,pembroke,2130,0
2026-09-28T03:00Z,Pen y Cymoedd,penycymoedd,0,0
2026-09-28T03:00Z,Peterhead,peterhead,380,0
2026-09-28T03:00Z,Race Bank,racebank,35,0
2026-09-28T03:00Z,Rampion,rampion,10,0
2026-09-28T03:00Z,Seagreen,seagreen,290,215
2026-09-28T03:00Z,Sizewell B,sizewellb,1190,0
2026-09-28T03:00Z,Staythorpe,staythorpe,905,0
2026-09-28T03:00Z,Torness,torness,1290,0
2026-09-28T03:00Z,Triton Knoll,triton,25,0
2026-09-28T03:00Z,Viking Link,viking,285,0
2026-09-28T03:00Z,Walney 1 & 2,walney,30,0
2026-09-28T03:00Z,Walney Extension,walneyx,80,0
2026-09-28T03:00Z,West Burton B,westburton,290,0
2026-09-28T03:00Z,Whitelee,whitelee,40,0
2026-09-28T03:00Z,connahsquay,connahsquay,445,0
2026-09-28T04:00Z,Beatrice,beatrice,305,30
2026-09-28T04:00Z,Burbo Bank Extension,burbo,10,0
2026-09-28T04:00Z,Carrington,carrington,0,0
2026-09-28T04:00Z,Clyde,clyde,35,0
2026-09-28T04:00Z,Cruachan,cruachan,240,0
2026-09-28T04:00Z,Didcot B,didcot,730,0
2026-09-28T04:00Z,Dinorwig,dinorwig,0,0
2026-09-28T04:00Z,Dogger Bank A,doggerA,110,0
2026-09-28T04:00Z,Dogger Bank B,doggerB,70,0
2026-09-28T04:00Z,Drax,drax,2490,0
2026-09-28T04:00Z,East Anglia ONE,ea1,60,0
2026-09-28T04:00Z,Ffestiniog,ffestiniog,0,0
2026-09-28T04:00Z,Foyers,foyers,20,0
2026-09-28T04:00Z,Galloper,galloper,20,0
2026-09-28T04:00Z,Grain,grainpp,805,0
2026-09-28T04:00Z,Greater Gabbard,gabbard,40,0
2026-09-28T04:00Z,Gwynt y Môr,gym,20,0
2026-09-28T04:00Z,Hartlepool,hartlepool,580,0
2026-09-28T04:00Z,Heysham 1,heysham1,395,0
2026-09-28T04:00Z,Heysham 2,heysham2,545,0
2026-09-28T04:00Z,Hornsea One,hornsea1,115,0
2026-09-28T04:00Z,Hornsea Two,hornsea2,130,0
2026-09-28T04:00Z,Keadby 2,keadby2,840,0
2026-09-28T04:00Z,Moray East,morayeast,220,220
2026-09-28T04:00Z,Moray West,moraywest,445,360
2026-09-28T04:00Z,Neart na Gaoithe,nng,235,55
2026-09-28T04:00Z,Pembroke,pembroke,2135,0
2026-09-28T04:00Z,Pen y Cymoedd,penycymoedd,0,0
2026-09-28T04:00Z,Peterhead,peterhead,380,0
2026-09-28T04:00Z,Race Bank,racebank,15,0
2026-09-28T04:00Z,Rampion,rampion,0,0
2026-09-28T04:00Z,Seagreen,seagreen,275,195
2026-09-28T04:00Z,Sizewell B,sizewellb,1190,0
2026-09-28T04:00Z,Staythorpe,staythorpe,1160,0
2026-09-28T04:00Z,Torness,torness,1290,0
2026-09-28T04:00Z,Triton Knoll,triton,15,0
2026-09-28T04:00Z,Viking Link,viking,260,0
2026-09-28T04:00Z,Walney 1 & 2,walney,20,0
2026-09-28T04:00Z,Walney Extension,walneyx,50,0
2026-09-28T04:00Z,West Burton B,westburton,1055,0
2026-09-28T04:00Z,Whitelee,whitelee,55,0
2026-09-28T04:00Z,connahsquay,connahsquay,605,0
2026-09-28T05:00Z,Beatrice,beatrice,310,65
2026-09-28T05:00Z,Burbo Bank Extension,burbo,5,0
2026-09-28T05:00Z,Carrington,carrington,0,0
2026-09-28T05:00Z,Clyde,clyde,35,0
2026-09-28T05:00Z,Cruachan,cruachan,240,0
2026-09-28T05:00Z,Didcot B,didcot,730,0
2026-09-28T05:00Z,Dinorwig,dinorwig,375,0
2026-09-28T05:00Z,Dogger Bank A,doggerA,70,0
2026-09-28T05:00Z,Dogger Bank B,doggerB,55,0
2026-09-28T05:00Z,Drax,drax,2490,0
2026-09-28T05:00Z,East Anglia ONE,ea1,60,0
2026-09-28T05:00Z,Ffestiniog,ffestiniog,45,0
2026-09-28T05:00Z,Foyers,foyers,150,0
2026-09-28T05:00Z,Galloper,galloper,15,0
2026-09-28T05:00Z,Grain,grainpp,805,0
2026-09-28T05:00Z,Greater Gabbard,gabbard,30,0
2026-09-28T05:00Z,Gwynt y Môr,gym,10,0
2026-09-28T05:00Z,Hartlepool,hartlepool,580,0
2026-09-28T05:00Z,Heysham 1,heysham1,395,0
2026-09-28T05:00Z,Heysham 2,heysham2,545,0
2026-09-28T05:00Z,Hornsea One,hornsea1,95,0
2026-09-28T05:00Z,Hornsea Two,hornsea2,90,0
2026-09-28T05:00Z,Keadby 2,keadby2,835,0
2026-09-28T05:00Z,Moray East,morayeast,225,225
2026-09-28T05:00Z,Moray West,moraywest,380,295
2026-09-28T05:00Z,Neart na Gaoithe,nng,100,0
2026-09-28T05:00Z,Pembroke,pembroke,2150,0
2026-09-28T05:00Z,Pen y Cymoedd,penycymoedd,0,0
2026-09-28T05:00Z,Peterhead,peterhead,380,0
2026-09-28T05:00Z,Race Bank,racebank,10,0
2026-09-28T05:00Z,Rampion,rampion,5,0
2026-09-28T05:00Z,Seagreen,seagreen,275,195
2026-09-28T05:00Z,Sizewell B,sizewellb,1190,0
2026-09-28T05:00Z,Staythorpe,staythorpe,1275,0
2026-09-28T05:00Z,Torness,torness,1290,0
2026-09-28T05:00Z,Triton Knoll,triton,5,0
2026-09-28T05:00Z,Viking Link,viking,255,0
2026-09-28T05:00Z,Walney 1 & 2,walney,20,0
2026-09-28T05:00Z,Walney Extension,walneyx,50,0
2026-09-28T05:00Z,West Burton B,westburton,1230,0
2026-09-28T05:00Z,Whitelee,whitelee,60,0
2026-09-28T05:00Z,connahsquay,connahsquay,650,0
2026-09-28T06:00Z,Beatrice,beatrice,335,5
2026-09-28T06:00Z,Burbo Bank Extension,burbo,5,0
2026-09-28T06:00Z,Carrington,carrington,0,0
2026-09-28T06:00Z,Clyde,clyde,45,0
2026-09-28T06:00Z,Cruachan,cruachan,240,0
2026-09-28T06:00Z,Didcot B,didcot,735,0
2026-09-28T06:00Z,Dinorwig,dinorwig,820,0
2026-09-28T06:00Z,Dogger Bank A,doggerA,45,0
2026-09-28T06:00Z,Dogger Bank B,doggerB,45,0
2026-09-28T06:00Z,Drax,drax,2490,0
2026-09-28T06:00Z,East Anglia ONE,ea1,60,0
2026-09-28T06:00Z,Ffestiniog,ffestiniog,90,0
2026-09-28T06:00Z,Foyers,foyers,150,0
2026-09-28T06:00Z,Galloper,galloper,15,0
2026-09-28T06:00Z,Grain,grainpp,805,0
2026-09-28T06:00Z,Greater Gabbard,gabbard,20,0
2026-09-28T06:00Z,Gwynt y Môr,gym,5,0
2026-09-28T06:00Z,Hartlepool,hartlepool,580,0
2026-09-28T06:00Z,Heysham 1,heysham1,395,0
2026-09-28T06:00Z,Heysham 2,heysham2,545,0
2026-09-28T06:00Z,Hornsea One,hornsea1,75,0
2026-09-28T06:00Z,Hornsea Two,hornsea2,60,0
2026-09-28T06:00Z,Keadby 2,keadby2,840,0
2026-09-28T06:00Z,Moray East,morayeast,240,240
2026-09-28T06:00Z,Moray West,moraywest,380,260
2026-09-28T06:00Z,Neart na Gaoithe,nng,70,0
2026-09-28T06:00Z,Pembroke,pembroke,2150,0
2026-09-28T06:00Z,Pen y Cymoedd,penycymoedd,0,0
2026-09-28T06:00Z,Peterhead,peterhead,380,0
2026-09-28T06:00Z,Race Bank,racebank,5,0
2026-09-28T06:00Z,Rampion,rampion,5,0
2026-09-28T06:00Z,Seagreen,seagreen,280,200
2026-09-28T06:00Z,Sizewell B,sizewellb,1190,0
2026-09-28T06:00Z,Staythorpe,staythorpe,1275,0
2026-09-28T06:00Z,Torness,torness,1290,0
2026-09-28T06:00Z,Triton Knoll,triton,0,0
2026-09-28T06:00Z,Viking Link,viking,255,0
2026-09-28T06:00Z,Walney 1 & 2,walney,15,0
2026-09-28T06:00Z,Walney Extension,walneyx,40,0
2026-09-28T06:00Z,West Burton B,westburton,1240,0
2026-09-28T06:00Z,Whitelee,whitelee,65,0
2026-09-28T06:00Z,connahsquay,connahsquay,650,0
2026-09-28T07:00Z,Beatrice,beatrice,340,0
2026-09-28T07:00Z,Burbo Bank Extension,burbo,5,0
2026-09-28T07:00Z,Carrington,carrington,0,0
2026-09-28T07:00Z,Clyde,clyde,50,0
2026-09-28T07:00Z,Cruachan,cruachan,240,0
2026-09-28T07:00Z,Didcot B,didcot,735,0
2026-09-28T07:00Z,Dinorwig,dinorwig,380,0
2026-09-28T07:00Z,Dogger Bank A,doggerA,40,0
2026-09-28T07:00Z,Dogger Bank B,doggerB,50,0
2026-09-28T07:00Z,Drax,drax,2490,0
2026-09-28T07:00Z,East Anglia ONE,ea1,65,0
2026-09-28T07:00Z,Ffestiniog,ffestiniog,60,0
2026-09-28T07:00Z,Foyers,foyers,150,0
2026-09-28T07:00Z,Galloper,galloper,15,0
2026-09-28T07:00Z,Grain,grainpp,805,0
2026-09-28T07:00Z,Greater Gabbard,gabbard,25,0
2026-09-28T07:00Z,Gwynt y Môr,gym,5,0
2026-09-28T07:00Z,Hartlepool,hartlepool,580,0
2026-09-28T07:00Z,Heysham 1,heysham1,395,0
2026-09-28T07:00Z,Heysham 2,heysham2,545,0
2026-09-28T07:00Z,Hornsea One,hornsea1,50,0
2026-09-28T07:00Z,Hornsea Two,hornsea2,25,0
2026-09-28T07:00Z,Keadby 2,keadby2,830,0
2026-09-28T07:00Z,Moray East,morayeast,250,250
2026-09-28T07:00Z,Moray West,moraywest,445,280
2026-09-28T07:00Z,Neart na Gaoithe,nng,60,0
2026-09-28T07:00Z,Pembroke,pembroke,2145,0
2026-09-28T07:00Z,Pen y Cymoedd,penycymoedd,0,0
2026-09-28T07:00Z,Peterhead,peterhead,380,0
2026-09-28T07:00Z,Race Bank,racebank,0,0
2026-09-28T07:00Z,Rampion,rampion,10,0
2026-09-28T07:00Z,Seagreen,seagreen,320,235
2026-09-28T07:00Z,Sizewell B,sizewellb,1190,0
2026-09-28T07:00Z,Staythorpe,staythorpe,1275,0
2026-09-28T07:00Z,Torness,torness,1290,0
2026-09-28T07:00Z,Triton Knoll,triton,0,0
2026-09-28T07:00Z,Viking Link,viking,275,0
2026-09-28T07:00Z,Walney 1 & 2,walney,10,0
2026-09-28T07:00Z,Walney Extension,walneyx,30,0
2026-09-28T07:00Z,West Burton B,westburton,1225,0
2026-09-28T07:00Z,Whitelee,whitelee,80,0
2026-09-28T07:00Z,connahsquay,connahsquay,650,0
2026-09-28T08:00Z,Beatrice,beatrice,340,0
2026-09-28T08:00Z,Burbo Bank Extension,burbo,0,0
2026-09-28T08:00Z,Carrington,carrington,0,0
2026-09-28T08:00Z,Clyde,clyde,45,0
2026-09-28T08:00Z,Cruachan,cruachan,0,0
2026-09-28T08:00Z,Didcot B,didcot,730,0
2026-09-28T08:00Z,Dinorwig,dinorwig,0,0
2026-09-28T08:00Z,Dogger Bank A,doggerA,40,0
2026-09-28T08:00Z,Dogger Bank B,doggerB,45,0
2026-09-28T08:00Z,Drax,drax,2490,0
2026-09-28T08:00Z,East Anglia ONE,ea1,65,0
2026-09-28T08:00Z,Ffestiniog,ffestiniog,0,0
2026-09-28T08:00Z,Foyers,foyers,150,0
2026-09-28T08:00Z,Galloper,galloper,20,0
2026-09-28T08:00Z,Grain,grainpp,805,0
2026-09-28T08:00Z,Greater Gabbard,gabbard,20,0
2026-09-28T08:00Z,Gwynt y Môr,gym,5,0
2026-09-28T08:00Z,Hartlepool,hartlepool,580,0
2026-09-28T08:00Z,Heysham 1,heysham1,395,0
2026-09-28T08:00Z,Heysham 2,heysham2,545,0
2026-09-28T08:00Z,Hornsea One,hornsea1,25,0
2026-09-28T08:00Z,Hornsea Two,hornsea2,5,0
2026-09-28T08:00Z,Keadby 2,keadby2,825,0
2026-09-28T08:00Z,Moray East,morayeast,255,255
2026-09-28T08:00Z,Moray West,moraywest,405,260
2026-09-28T08:00Z,Neart na Gaoithe,nng,50,0
2026-09-28T08:00Z,Pembroke,pembroke,2140,0
2026-09-28T08:00Z,Pen y Cymoedd,penycymoedd,0,0
2026-09-28T08:00Z,Peterhead,peterhead,380,0
2026-09-28T08:00Z,Race Bank,racebank,0,0
2026-09-28T08:00Z,Rampion,rampion,5,0
2026-09-28T08:00Z,Seagreen,seagreen,355,270
2026-09-28T08:00Z,Sizewell B,sizewellb,1190,0
2026-09-28T08:00Z,Staythorpe,staythorpe,1265,0
2026-09-28T08:00Z,Torness,torness,1290,0
2026-09-28T08:00Z,Triton Knoll,triton,0,0
2026-09-28T08:00Z,Viking Link,viking,315,0
2026-09-28T08:00Z,Walney 1 & 2,walney,5,0
2026-09-28T08:00Z,Walney Extension,walneyx,15,0
2026-09-28T08:00Z,West Burton B,westburton,1125,0
2026-09-28T08:00Z,Whitelee,whitelee,70,0
2026-09-28T08:00Z,connahsquay,connahsquay,650,0
2026-09-28T09:00Z,Beatrice,beatrice,345,0
2026-09-28T09:00Z,Burbo Bank Extension,burbo,0,0
2026-09-28T09:00Z,Carrington,carrington,0,0
2026-09-28T09:00Z,Clyde,clyde,45,0
2026-09-28T09:00Z,Cruachan,cruachan,0,0
2026-09-28T09:00Z,Didcot B,didcot,725,0
2026-09-28T09:00Z,Dinorwig,dinorwig,0,0
2026-09-28T09:00Z,Dogger Bank A,doggerA,35,0
2026-09-28T09:00Z,Dogger Bank B,doggerB,35,0
2026-09-28T09:00Z,Drax,drax,2490,0
2026-09-28T09:00Z,East Anglia ONE,ea1,50,0
2026-09-28T09:00Z,Ffestiniog,ffestiniog,0,0
2026-09-28T09:00Z,Foyers,foyers,150,0
2026-09-28T09:00Z,Galloper,galloper,15,0
2026-09-28T09:00Z,Grain,grainpp,805,0
2026-09-28T09:00Z,Greater Gabbard,gabbard,20,0
2026-09-28T09:00Z,Gwynt y Môr,gym,5,0
2026-09-28T09:00Z,Hartlepool,hartlepool,580,0
2026-09-28T09:00Z,Heysham 1,heysham1,395,0
2026-09-28T09:00Z,Heysham 2,heysham2,545,0
2026-09-28T09:00Z,Hornsea One,hornsea1,15,0
2026-09-28T09:00Z,Hornsea Two,hornsea2,0,0
2026-09-28T09:00Z,Keadby 2,keadby2,825,0
2026-09-28T09:00Z,Moray East,morayeast,230,230
2026-09-28T09:00Z,Moray West,moraywest,365,265
2026-09-28T09:00Z,Neart na Gaoithe,nng,60,0
2026-09-28T09:00Z,Pembroke,pembroke,2130,0
2026-09-28T09:00Z,Pen y Cymoedd,penycymoedd,0,0
2026-09-28T09:00Z,Peterhead,peterhead,380,0
2026-09-28T09:00Z,Race Bank,racebank,0,0
2026-09-28T09:00Z,Rampion,rampion,5,0
2026-09-28T09:00Z,Seagreen,seagreen,375,230
2026-09-28T09:00Z,Sizewell B,sizewellb,1190,0
2026-09-28T09:00Z,Staythorpe,staythorpe,1255,0
2026-09-28T09:00Z,Torness,torness,1290,0
2026-09-28T09:00Z,Triton Knoll,triton,0,0
2026-09-28T09:00Z,Viking Link,viking,345,0
2026-09-28T09:00Z,Walney 1 & 2,walney,5,0
2026-09-28T09:00Z,Walney Extension,walneyx,5,0
2026-09-28T09:00Z,West Burton B,westburton,795,0
2026-09-28T09:00Z,Whitelee,whitelee,65,0
2026-09-28T09:00Z,connahsquay,connahsquay,665,0
2026-09-28T10:00Z,Beatrice,beatrice,330,0
2026-09-28T10:00Z,Burbo Bank Extension,burbo,0,0
2026-09-28T10:00Z,Carrington,carrington,0,0
2026-09-28T10:00Z,Clyde,clyde,60,0
2026-09-28T10:00Z,Cruachan,cruachan,0,0
2026-09-28T10:00Z,Didcot B,didcot,715,0
2026-09-28T10:00Z,Dinorwig,dinorwig,0,0
2026-09-28T10:00Z,Dogger Bank A,doggerA,20,0
2026-09-28T10:00Z,Dogger Bank B,doggerB,25,0
2026-09-28T10:00Z,Drax,drax,2490,0
2026-09-28T10:00Z,East Anglia ONE,ea1,50,0
2026-09-28T10:00Z,Ffestiniog,ffestiniog,0,0
2026-09-28T10:00Z,Foyers,foyers,300,0
2026-09-28T10:00Z,Galloper,galloper,15,0
2026-09-28T10:00Z,Grain,grainpp,590,0
2026-09-28T10:00Z,Greater Gabbard,gabbard,20,0
2026-09-28T10:00Z,Gwynt y Môr,gym,5,0
2026-09-28T10:00Z,Hartlepool,hartlepool,580,0
2026-09-28T10:00Z,Heysham 1,heysham1,395,0
2026-09-28T10:00Z,Heysham 2,heysham2,545,0
2026-09-28T10:00Z,Hornsea One,hornsea1,5,0
2026-09-28T10:00Z,Hornsea Two,hornsea2,0,0
2026-09-28T10:00Z,Keadby 2,keadby2,820,0
2026-09-28T10:00Z,Moray East,morayeast,220,220
2026-09-28T10:00Z,Moray West,moraywest,410,355
2026-09-28T10:00Z,Neart na Gaoithe,nng,95,0
2026-09-28T10:00Z,Pembroke,pembroke,1750,0
2026-09-28T10:00Z,Pen y Cymoedd,penycymoedd,0,0
2026-09-28T10:00Z,Peterhead,peterhead,380,0
2026-09-28T10:00Z,Race Bank,racebank,0,0
2026-09-28T10:00Z,Rampion,rampion,0,0
2026-09-28T10:00Z,Seagreen,seagreen,325,165
2026-09-28T10:00Z,Sizewell B,sizewellb,1190,0
2026-09-28T10:00Z,Staythorpe,staythorpe,670,0
2026-09-28T10:00Z,Torness,torness,1290,0
2026-09-28T10:00Z,Triton Knoll,triton,0,0
2026-09-28T10:00Z,Viking Link,viking,365,0
2026-09-28T10:00Z,Walney 1 & 2,walney,0,0
2026-09-28T10:00Z,Walney Extension,walneyx,5,0
2026-09-28T10:00Z,West Burton B,westburton,710,0
2026-09-28T10:00Z,Whitelee,whitelee,60,0
2026-09-28T10:00Z,connahsquay,connahsquay,555,0
2026-09-28T11:00Z,Beatrice,beatrice,355,0
2026-09-28T11:00Z,Burbo Bank Extension,burbo,0,0
2026-09-28T11:00Z,Carrington,carrington,0,0
2026-09-28T11:00Z,Clyde,clyde,80,0
2026-09-28T11:00Z,Cruachan,cruachan,0,0
2026-09-28T11:00Z,Didcot B,didcot,710,0
2026-09-28T11:00Z,Dinorwig,dinorwig,0,0
2026-09-28T11:00Z,Dogger Bank A,doggerA,15,0
2026-09-28T11:00Z,Dogger Bank B,doggerB,20,0
2026-09-28T11:00Z,Drax,drax,2490,0
2026-09-28T11:00Z,East Anglia ONE,ea1,45,0
2026-09-28T11:00Z,Ffestiniog,ffestiniog,0,0
2026-09-28T11:00Z,Foyers,foyers,225,0
2026-09-28T11:00Z,Galloper,galloper,10,0
2026-09-28T11:00Z,Grain,grainpp,460,0
2026-09-28T11:00Z,Greater Gabbard,gabbard,15,0
2026-09-28T11:00Z,Gwynt y Môr,gym,5,0
2026-09-28T11:00Z,Hartlepool,hartlepool,580,0
2026-09-28T11:00Z,Heysham 1,heysham1,395,0
2026-09-28T11:00Z,Heysham 2,heysham2,545,0
2026-09-28T11:00Z,Hornsea One,hornsea1,0,0
2026-09-28T11:00Z,Hornsea Two,hornsea2,0,0
2026-09-28T11:00Z,Keadby 2,keadby2,815,0
2026-09-28T11:00Z,Moray East,morayeast,205,205
2026-09-28T11:00Z,Moray West,moraywest,370,295
2026-09-28T11:00Z,Neart na Gaoithe,nng,80,0
2026-09-28T11:00Z,Pembroke,pembroke,1540,0
2026-09-28T11:00Z,Pen y Cymoedd,penycymoedd,0,0
2026-09-28T11:00Z,Peterhead,peterhead,450,0
2026-09-28T11:00Z,Race Bank,racebank,0,0
2026-09-28T11:00Z,Rampion,rampion,0,0
2026-09-28T11:00Z,Seagreen,seagreen,290,135
2026-09-28T11:00Z,Sizewell B,sizewellb,1190,0
2026-09-28T11:00Z,Staythorpe,staythorpe,600,0
2026-09-28T11:00Z,Torness,torness,1290,0
2026-09-28T11:00Z,Triton Knoll,triton,0,0
2026-09-28T11:00Z,Viking Link,viking,375,0
2026-09-28T11:00Z,Walney 1 & 2,walney,0,0
2026-09-28T11:00Z,Walney Extension,walneyx,10,0
2026-09-28T11:00Z,West Burton B,westburton,600,0
2026-09-28T11:00Z,Whitelee,whitelee,70,0
2026-09-28T11:00Z,connahsquay,connahsquay,460,0
2026-09-28T12:00Z,Beatrice,beatrice,335,0
2026-09-28T12:00Z,Burbo Bank Extension,burbo,0,0
2026-09-28T12:00Z,Carrington,carrington,15,0
2026-09-28T12:00Z,Clyde,clyde,85,0
2026-09-28T12:00Z,Cruachan,cruachan,0,0
2026-09-28T12:00Z,Didcot B,didcot,705,0
2026-09-28T12:00Z,Dinorwig,dinorwig,0,0
2026-09-28T12:00Z,Dogger Bank A,doggerA,10,0
2026-09-28T12:00Z,Dogger Bank B,doggerB,15,0
2026-09-28T12:00Z,Drax,drax,2490,0
2026-09-28T12:00Z,East Anglia ONE,ea1,35,0
2026-09-28T12:00Z,Ffestiniog,ffestiniog,0,0
2026-09-28T12:00Z,Foyers,foyers,150,0
2026-09-28T12:00Z,Galloper,galloper,10,0
2026-09-28T12:00Z,Grain,grainpp,630,0
2026-09-28T12:00Z,Greater Gabbard,gabbard,15,0
2026-09-28T12:00Z,Gwynt y Môr,gym,5,0
2026-09-28T12:00Z,Hartlepool,hartlepool,580,0
2026-09-28T12:00Z,Heysham 1,heysham1,395,0
2026-09-28T12:00Z,Heysham 2,heysham2,545,0
2026-09-28T12:00Z,Hornsea One,hornsea1,0,0
2026-09-28T12:00Z,Hornsea Two,hornsea2,0,0
2026-09-28T12:00Z,Keadby 2,keadby2,815,0
2026-09-28T12:00Z,Moray East,morayeast,195,195
2026-09-28T12:00Z,Moray West,moraywest,320,320
2026-09-28T12:00Z,Neart na Gaoithe,nng,75,0
2026-09-28T12:00Z,Pembroke,pembroke,1415,0
2026-09-28T12:00Z,Pen y Cymoedd,penycymoedd,0,0
2026-09-28T12:00Z,Peterhead,peterhead,595,0
2026-09-28T12:00Z,Race Bank,racebank,0,0
2026-09-28T12:00Z,Rampion,rampion,5,0
2026-09-28T12:00Z,Seagreen,seagreen,320,150
2026-09-28T12:00Z,Sizewell B,sizewellb,1190,0
2026-09-28T12:00Z,Staythorpe,staythorpe,795,0
2026-09-28T12:00Z,Torness,torness,1290,0
2026-09-28T12:00Z,Triton Knoll,triton,0,0
2026-09-28T12:00Z,Viking Link,viking,380,0
2026-09-28T12:00Z,Walney 1 & 2,walney,5,0
2026-09-28T12:00Z,Walney Extension,walneyx,15,0
2026-09-28T12:00Z,West Burton B,westburton,600,0
2026-09-28T12:00Z,Whitelee,whitelee,80,0
2026-09-28T12:00Z,connahsquay,connahsquay,575,0
2026-09-28T13:00Z,Beatrice,beatrice,265,105
2026-09-28T13:00Z,Burbo Bank Extension,burbo,0,0
2026-09-28T13:00Z,Carrington,carrington,165,0
2026-09-28T13:00Z,Clyde,clyde,80,0
2026-09-28T13:00Z,Cruachan,cruachan,0,0
2026-09-28T13:00Z,Didcot B,didcot,700,0
2026-09-28T13:00Z,Dinorwig,dinorwig,0,0
2026-09-28T13:00Z,Dogger Bank A,doggerA,5,0
2026-09-28T13:00Z,Dogger Bank B,doggerB,5,0
2026-09-28T13:00Z,Drax,drax,2490,0
2026-09-28T13:00Z,East Anglia ONE,ea1,80,0
2026-09-28T13:00Z,Ffestiniog,ffestiniog,0,0
2026-09-28T13:00Z,Foyers,foyers,0,0
2026-09-28T13:00Z,Galloper,galloper,15,0
2026-09-28T13:00Z,Grain,grainpp,765,0
2026-09-28T13:00Z,Greater Gabbard,gabbard,20,0
2026-09-28T13:00Z,Gwynt y Môr,gym,5,0
2026-09-28T13:00Z,Hartlepool,hartlepool,580,0
2026-09-28T13:00Z,Heysham 1,heysham1,395,0
2026-09-28T13:00Z,Heysham 2,heysham2,545,0
2026-09-28T13:00Z,Hornsea One,hornsea1,0,0
2026-09-28T13:00Z,Hornsea Two,hornsea2,0,0
2026-09-28T13:00Z,Keadby 2,keadby2,815,0
2026-09-28T13:00Z,Moray East,morayeast,190,190
2026-09-28T13:00Z,Moray West,moraywest,285,285
2026-09-28T13:00Z,Neart na Gaoithe,nng,50,0
2026-09-28T13:00Z,Pembroke,pembroke,2005,0
2026-09-28T13:00Z,Pen y Cymoedd,penycymoedd,5,0
2026-09-28T13:00Z,Peterhead,peterhead,825,0
2026-09-28T13:00Z,Race Bank,racebank,0,0
2026-09-28T13:00Z,Rampion,rampion,10,0
2026-09-28T13:00Z,Seagreen,seagreen,310,215
2026-09-28T13:00Z,Sizewell B,sizewellb,1190,0
2026-09-28T13:00Z,Staythorpe,staythorpe,895,0
2026-09-28T13:00Z,Torness,torness,1290,0
2026-09-28T13:00Z,Triton Knoll,triton,0,0
2026-09-28T13:00Z,Viking Link,viking,365,0
2026-09-28T13:00Z,Walney 1 & 2,walney,5,0
2026-09-28T13:00Z,Walney Extension,walneyx,20,0
2026-09-28T13:00Z,West Burton B,westburton,775,0
2026-09-28T13:00Z,Whitelee,whitelee,80,0
2026-09-28T13:00Z,connahsquay,connahsquay,665,0
2026-09-28T14:00Z,Beatrice,beatrice,200,105
2026-09-28T14:00Z,Burbo Bank Extension,burbo,0,0
2026-09-28T14:00Z,Carrington,carrington,410,0
2026-09-28T14:00Z,Clyde,clyde,70,0
2026-09-28T14:00Z,Cruachan,cruachan,0,0
2026-09-28T14:00Z,Didcot B,didcot,700,0
2026-09-28T14:00Z,Dinorwig,dinorwig,0,0
2026-09-28T14:00Z,Dogger Bank A,doggerA,0,0
2026-09-28T14:00Z,Dogger Bank B,doggerB,0,0
2026-09-28T14:00Z,Drax,drax,2490,0
2026-09-28T14:00Z,East Anglia ONE,ea1,100,0
2026-09-28T14:00Z,Ffestiniog,ffestiniog,0,0
2026-09-28T14:00Z,Foyers,foyers,0,0
2026-09-28T14:00Z,Galloper,galloper,25,0
2026-09-28T14:00Z,Grain,grainpp,805,0
2026-09-28T14:00Z,Greater Gabbard,gabbard,25,0
2026-09-28T14:00Z,Gwynt y Môr,gym,5,0
2026-09-28T14:00Z,Hartlepool,hartlepool,580,0
2026-09-28T14:00Z,Heysham 1,heysham1,395,0
2026-09-28T14:00Z,Heysham 2,heysham2,545,0
2026-09-28T14:00Z,Hornsea One,hornsea1,0,0
2026-09-28T14:00Z,Hornsea Two,hornsea2,0,0
2026-09-28T14:00Z,Keadby 2,keadby2,815,0
2026-09-28T14:00Z,Moray East,morayeast,200,200
2026-09-28T14:00Z,Moray West,moraywest,260,260
2026-09-28T14:00Z,Neart na Gaoithe,nng,20,0
2026-09-28T14:00Z,Pembroke,pembroke,2110,0
2026-09-28T14:00Z,Pen y Cymoedd,penycymoedd,5,0
2026-09-28T14:00Z,Peterhead,peterhead,725,0
2026-09-28T14:00Z,Race Bank,racebank,0,0
2026-09-28T14:00Z,Rampion,rampion,15,0
2026-09-28T14:00Z,Seagreen,seagreen,280,215
2026-09-28T14:00Z,Sizewell B,sizewellb,1190,0
2026-09-28T14:00Z,Staythorpe,staythorpe,1055,0
2026-09-28T14:00Z,Torness,torness,1290,0
2026-09-28T14:00Z,Triton Knoll,triton,0,0
2026-09-28T14:00Z,Viking Link,viking,345,0
2026-09-28T14:00Z,Walney 1 & 2,walney,5,0
2026-09-28T14:00Z,Walney Extension,walneyx,10,0
2026-09-28T14:00Z,West Burton B,westburton,790,0
2026-09-28T14:00Z,Whitelee,whitelee,60,0
2026-09-28T14:00Z,connahsquay,connahsquay,675,0
2026-09-28T15:00Z,Beatrice,beatrice,150,20
2026-09-28T15:00Z,Burbo Bank Extension,burbo,5,0
2026-09-28T15:00Z,Carrington,carrington,425,0
2026-09-28T15:00Z,Clyde,clyde,70,0
2026-09-28T15:00Z,Cruachan,cruachan,240,0
2026-09-28T15:00Z,Didcot B,didcot,695,0
2026-09-28T15:00Z,Dinorwig,dinorwig,420,0
2026-09-28T15:00Z,Dogger Bank A,doggerA,10,0
2026-09-28T15:00Z,Dogger Bank B,doggerB,5,0
2026-09-28T15:00Z,Drax,drax,2490,0
2026-09-28T15:00Z,East Anglia ONE,ea1,105,0
2026-09-28T15:00Z,Ffestiniog,ffestiniog,105,0
2026-09-28T15:00Z,Foyers,foyers,0,0
2026-09-28T15:00Z,Galloper,galloper,40,0
2026-09-28T15:00Z,Grain,grainpp,805,0
2026-09-28T15:00Z,Greater Gabbard,gabbard,30,0
2026-09-28T15:00Z,Gwynt y Môr,gym,10,0
2026-09-28T15:00Z,Hartlepool,hartlepool,580,0
2026-09-28T15:00Z,Heysham 1,heysham1,395,0
2026-09-28T15:00Z,Heysham 2,heysham2,545,0
2026-09-28T15:00Z,Hornsea One,hornsea1,0,0
2026-09-28T15:00Z,Hornsea Two,hornsea2,0,0
2026-09-28T15:00Z,Keadby 2,keadby2,815,0
2026-09-28T15:00Z,Moray East,morayeast,225,225
2026-09-28T15:00Z,Moray West,moraywest,240,200
2026-09-28T15:00Z,Neart na Gaoithe,nng,15,0
2026-09-28T15:00Z,Pembroke,pembroke,2110,0
2026-09-28T15:00Z,Pen y Cymoedd,penycymoedd,10,0
2026-09-28T15:00Z,Peterhead,peterhead,780,0
2026-09-28T15:00Z,Race Bank,racebank,5,0
2026-09-28T15:00Z,Rampion,rampion,30,0
2026-09-28T15:00Z,Seagreen,seagreen,265,195
2026-09-28T15:00Z,Sizewell B,sizewellb,1190,0
2026-09-28T15:00Z,Staythorpe,staythorpe,1235,0
2026-09-28T15:00Z,Torness,torness,1290,0
2026-09-28T15:00Z,Triton Knoll,triton,0,0
2026-09-28T15:00Z,Viking Link,viking,335,0
2026-09-28T15:00Z,Walney 1 & 2,walney,5,0
2026-09-28T15:00Z,Walney Extension,walneyx,10,0
2026-09-28T15:00Z,West Burton B,westburton,1180,0
2026-09-28T15:00Z,Whitelee,whitelee,55,0
2026-09-28T15:00Z,connahsquay,connahsquay,655,0
2026-09-28T16:00Z,Beatrice,beatrice,90,0
2026-09-28T16:00Z,Burbo Bank Extension,burbo,10,0
2026-09-28T16:00Z,Carrington,carrington,425,0
2026-09-28T16:00Z,Clyde,clyde,60,0
2026-09-28T16:00Z,Cruachan,cruachan,240,0
2026-09-28T16:00Z,Didcot B,didcot,695,0
2026-09-28T16:00Z,Dinorwig,dinorwig,600,0
2026-09-28T16:00Z,Dogger Bank A,doggerA,10,0
2026-09-28T16:00Z,Dogger Bank B,doggerB,5,0
2026-09-28T16:00Z,Drax,drax,2490,0
2026-09-28T16:00Z,East Anglia ONE,ea1,135,0
2026-09-28T16:00Z,Ffestiniog,ffestiniog,270,0
2026-09-28T16:00Z,Foyers,foyers,220,0
2026-09-28T16:00Z,Galloper,galloper,55,0
2026-09-28T16:00Z,Grain,grainpp,805,0
2026-09-28T16:00Z,Greater Gabbard,gabbard,50,0
2026-09-28T16:00Z,Gwynt y Môr,gym,30,0
2026-09-28T16:00Z,Hartlepool,hartlepool,580,0
2026-09-28T16:00Z,Heysham 1,heysham1,395,0
2026-09-28T16:00Z,Heysham 2,heysham2,545,0
2026-09-28T16:00Z,Hornsea One,hornsea1,10,0
2026-09-28T16:00Z,Hornsea Two,hornsea2,0,0
2026-09-28T16:00Z,Keadby 2,keadby2,820,0
2026-09-28T16:00Z,Moray East,morayeast,210,210
2026-09-28T16:00Z,Moray West,moraywest,220,150
2026-09-28T16:00Z,Neart na Gaoithe,nng,15,0
2026-09-28T16:00Z,Pembroke,pembroke,2110,0
2026-09-28T16:00Z,Pen y Cymoedd,penycymoedd,10,0
2026-09-28T16:00Z,Peterhead,peterhead,780,0
2026-09-28T16:00Z,Race Bank,racebank,10,0
2026-09-28T16:00Z,Rampion,rampion,55,0
2026-09-28T16:00Z,Seagreen,seagreen,135,60
2026-09-28T16:00Z,Sizewell B,sizewellb,1190,0
2026-09-28T16:00Z,Staythorpe,staythorpe,1240,0
2026-09-28T16:00Z,Torness,torness,1290,0
2026-09-28T16:00Z,Triton Knoll,triton,5,0
2026-09-28T16:00Z,Viking Link,viking,290,0
2026-09-28T16:00Z,Walney 1 & 2,walney,10,0
2026-09-28T16:00Z,Walney Extension,walneyx,15,0
2026-09-28T16:00Z,West Burton B,westburton,1205,0
2026-09-28T16:00Z,Whitelee,whitelee,30,0
2026-09-28T16:00Z,connahsquay,connahsquay,1260,0
2026-09-28T17:00Z,Beatrice,beatrice,55,0
2026-09-28T17:00Z,Burbo Bank Extension,burbo,20,0
2026-09-28T17:00Z,Carrington,carrington,425,0
2026-09-28T17:00Z,Clyde,clyde,55,0
2026-09-28T17:00Z,Cruachan,cruachan,240,0
2026-09-28T17:00Z,Didcot B,didcot,700,0
2026-09-28T17:00Z,Dinorwig,dinorwig,600,0
2026-09-28T17:00Z,Dogger Bank A,doggerA,0,0
2026-09-28T17:00Z,Dogger Bank B,doggerB,0,0
2026-09-28T17:00Z,Drax,drax,2490,0
2026-09-28T17:00Z,East Anglia ONE,ea1,160,0
2026-09-28T17:00Z,Ffestiniog,ffestiniog,270,0
2026-09-28T17:00Z,Foyers,foyers,300,0
2026-09-28T17:00Z,Galloper,galloper,70,0
2026-09-28T17:00Z,Grain,grainpp,805,0
2026-09-28T17:00Z,Greater Gabbard,gabbard,70,0
2026-09-28T17:00Z,Gwynt y Môr,gym,60,0
2026-09-28T17:00Z,Hartlepool,hartlepool,580,0
2026-09-28T17:00Z,Heysham 1,heysham1,395,0
2026-09-28T17:00Z,Heysham 2,heysham2,545,0
2026-09-28T17:00Z,Hornsea One,hornsea1,20,0
2026-09-28T17:00Z,Hornsea Two,hornsea2,10,0
2026-09-28T17:00Z,Keadby 2,keadby2,825,0
2026-09-28T17:00Z,Moray East,morayeast,200,200
2026-09-28T17:00Z,Moray West,moraywest,165,120
2026-09-28T17:00Z,Neart na Gaoithe,nng,15,0
2026-09-28T17:00Z,Pembroke,pembroke,2115,0
2026-09-28T17:00Z,Pen y Cymoedd,penycymoedd,15,0
2026-09-28T17:00Z,Peterhead,peterhead,780,0
2026-09-28T17:00Z,Race Bank,racebank,30,0
2026-09-28T17:00Z,Rampion,rampion,85,0
2026-09-28T17:00Z,Seagreen,seagreen,100,15
2026-09-28T17:00Z,Sizewell B,sizewellb,1190,0
2026-09-28T17:00Z,Staythorpe,staythorpe,1245,0
2026-09-28T17:00Z,Torness,torness,1290,0
2026-09-28T17:00Z,Triton Knoll,triton,10,0
2026-09-28T17:00Z,Viking Link,viking,245,0
2026-09-28T17:00Z,Walney 1 & 2,walney,20,0
2026-09-28T17:00Z,Walney Extension,walneyx,30,0
2026-09-28T17:00Z,West Burton B,westburton,1220,0
2026-09-28T17:00Z,Whitelee,whitelee,20,0
2026-09-28T17:00Z,connahsquay,connahsquay,1325,0
2026-09-28T18:00Z,Beatrice,beatrice,35,0
2026-09-28T18:00Z,Burbo Bank Extension,burbo,45,0
2026-09-28T18:00Z,Carrington,carrington,430,0
2026-09-28T18:00Z,Clyde,clyde,50,0
2026-09-28T18:00Z,Cruachan,cruachan,240,0
2026-09-28T18:00Z,Didcot B,didcot,710,0
2026-09-28T18:00Z,Dinorwig,dinorwig,600,0
2026-09-28T18:00Z,Dogger Bank A,doggerA,0,0
2026-09-28T18:00Z,Dogger Bank B,doggerB,0,0
2026-09-28T18:00Z,Drax,drax,2490,0
2026-09-28T18:00Z,East Anglia ONE,ea1,220,0
2026-09-28T18:00Z,Ffestiniog,ffestiniog,270,0
2026-09-28T18:00Z,Foyers,foyers,300,0
2026-09-28T18:00Z,Galloper,galloper,85,0
2026-09-28T18:00Z,Grain,grainpp,805,0
2026-09-28T18:00Z,Greater Gabbard,gabbard,85,0
2026-09-28T18:00Z,Gwynt y Môr,gym,95,0
2026-09-28T18:00Z,Hartlepool,hartlepool,580,0
2026-09-28T18:00Z,Heysham 1,heysham1,395,0
2026-09-28T18:00Z,Heysham 2,heysham2,545,0
2026-09-28T18:00Z,Hornsea One,hornsea1,45,0
2026-09-28T18:00Z,Hornsea Two,hornsea2,30,0
2026-09-28T18:00Z,Keadby 2,keadby2,825,0
2026-09-28T18:00Z,Moray East,morayeast,175,175
2026-09-28T18:00Z,Moray West,moraywest,135,95
2026-09-28T18:00Z,Neart na Gaoithe,nng,25,0
2026-09-28T18:00Z,Pembroke,pembroke,2125,0
2026-09-28T18:00Z,Pen y Cymoedd,penycymoedd,25,0
2026-09-28T18:00Z,Peterhead,peterhead,780,0
2026-09-28T18:00Z,Race Bank,racebank,60,0
2026-09-28T18:00Z,Rampion,rampion,100,0
2026-09-28T18:00Z,Seagreen,seagreen,95,0
2026-09-28T18:00Z,Sizewell B,sizewellb,1190,0
2026-09-28T18:00Z,Staythorpe,staythorpe,1255,0
2026-09-28T18:00Z,Torness,torness,1290,0
2026-09-28T18:00Z,Triton Knoll,triton,20,0
2026-09-28T18:00Z,Viking Link,viking,210,0
2026-09-28T18:00Z,Walney 1 & 2,walney,55,0
2026-09-28T18:00Z,Walney Extension,walneyx,80,0
2026-09-28T18:00Z,West Burton B,westburton,1210,0
2026-09-28T18:00Z,Whitelee,whitelee,30,0
2026-09-28T18:00Z,connahsquay,connahsquay,1330,0
2026-09-28T19:00Z,Beatrice,beatrice,30,0
2026-09-28T19:00Z,Burbo Bank Extension,burbo,65,0
2026-09-28T19:00Z,Carrington,carrington,430,0
2026-09-28T19:00Z,Clyde,clyde,45,0
2026-09-28T19:00Z,Cruachan,cruachan,240,0
2026-09-28T19:00Z,Didcot B,didcot,715,0
2026-09-28T19:00Z,Dinorwig,dinorwig,450,0
2026-09-28T19:00Z,Dogger Bank A,doggerA,5,0
2026-09-28T19:00Z,Dogger Bank B,doggerB,0,0
2026-09-28T19:00Z,Drax,drax,2490,0
2026-09-28T19:00Z,East Anglia ONE,ea1,260,0
2026-09-28T19:00Z,Ffestiniog,ffestiniog,270,0
2026-09-28T19:00Z,Foyers,foyers,300,0
2026-09-28T19:00Z,Galloper,galloper,105,0
2026-09-28T19:00Z,Grain,grainpp,805,0
2026-09-28T19:00Z,Greater Gabbard,gabbard,105,0
2026-09-28T19:00Z,Gwynt y Môr,gym,130,0
2026-09-28T19:00Z,Hartlepool,hartlepool,580,0
2026-09-28T19:00Z,Heysham 1,heysham1,395,0
2026-09-28T19:00Z,Heysham 2,heysham2,545,0
2026-09-28T19:00Z,Hornsea One,hornsea1,80,0
2026-09-28T19:00Z,Hornsea Two,hornsea2,70,0
2026-09-28T19:00Z,Keadby 2,keadby2,830,0
2026-09-28T19:00Z,Moray East,morayeast,185,185
2026-09-28T19:00Z,Moray West,moraywest,135,20
2026-09-28T19:00Z,Neart na Gaoithe,nng,35,0
2026-09-28T19:00Z,Pembroke,pembroke,2130,0
2026-09-28T19:00Z,Pen y Cymoedd,penycymoedd,40,0
2026-09-28T19:00Z,Peterhead,peterhead,645,0
2026-09-28T19:00Z,Race Bank,racebank,100,0
2026-09-28T19:00Z,Rampion,rampion,115,0
2026-09-28T19:00Z,Seagreen,seagreen,160,0
2026-09-28T19:00Z,Sizewell B,sizewellb,1190,0
2026-09-28T19:00Z,Staythorpe,staythorpe,1255,0
2026-09-28T19:00Z,Torness,torness,1290,0
2026-09-28T19:00Z,Triton Knoll,triton,45,0
2026-09-28T19:00Z,Viking Link,viking,185,0
2026-09-28T19:00Z,Walney 1 & 2,walney,95,0
2026-09-28T19:00Z,Walney Extension,walneyx,160,0
2026-09-28T19:00Z,West Burton B,westburton,1215,0
2026-09-28T19:00Z,Whitelee,whitelee,30,0
2026-09-28T19:00Z,connahsquay,connahsquay,1230,0
2026-09-28T20:00Z,Beatrice,beatrice,30,0
2026-09-28T20:00Z,Burbo Bank Extension,burbo,80,0
2026-09-28T20:00Z,Carrington,carrington,430,0
2026-09-28T20:00Z,Clyde,clyde,45,0
2026-09-28T20:00Z,Cruachan,cruachan,120,0
2026-09-28T20:00Z,Didcot B,didcot,720,0
2026-09-28T20:00Z,Dinorwig,dinorwig,0,0
2026-09-28T20:00Z,Dogger Bank A,doggerA,15,0
2026-09-28T20:00Z,Dogger Bank B,doggerB,5,0
2026-09-28T20:00Z,Drax,drax,2490,0
2026-09-28T20:00Z,East Anglia ONE,ea1,320,0
2026-09-28T20:00Z,Ffestiniog,ffestiniog,100,0
2026-09-28T20:00Z,Foyers,foyers,300,0
2026-09-28T20:00Z,Galloper,galloper,125,0
2026-09-28T20:00Z,Grain,grainpp,805,0
2026-09-28T20:00Z,Greater Gabbard,gabbard,110,0
2026-09-28T20:00Z,Gwynt y Môr,gym,160,0
2026-09-28T20:00Z,Hartlepool,hartlepool,580,0
2026-09-28T20:00Z,Heysham 1,heysham1,395,0
2026-09-28T20:00Z,Heysham 2,heysham2,545,0
2026-09-28T20:00Z,Hornsea One,hornsea1,110,0
2026-09-28T20:00Z,Hornsea Two,hornsea2,105,0
2026-09-28T20:00Z,Keadby 2,keadby2,830,0
2026-09-28T20:00Z,Moray East,morayeast,190,185
2026-09-28T20:00Z,Moray West,moraywest,90,0
2026-09-28T20:00Z,Neart na Gaoithe,nng,40,0
2026-09-28T20:00Z,Pembroke,pembroke,2125,0
2026-09-28T20:00Z,Pen y Cymoedd,penycymoedd,80,0
2026-09-28T20:00Z,Peterhead,peterhead,65,0
2026-09-28T20:00Z,Race Bank,racebank,130,0
2026-09-28T20:00Z,Rampion,rampion,135,0
2026-09-28T20:00Z,Seagreen,seagreen,295,0
2026-09-28T20:00Z,Sizewell B,sizewellb,1190,0
2026-09-28T20:00Z,Staythorpe,staythorpe,1260,0
2026-09-28T20:00Z,Torness,torness,1290,0
2026-09-28T20:00Z,Triton Knoll,triton,75,0
2026-09-28T20:00Z,Viking Link,viking,160,0
2026-09-28T20:00Z,Walney 1 & 2,walney,120,0
2026-09-28T20:00Z,Walney Extension,walneyx,220,0
2026-09-28T20:00Z,West Burton B,westburton,1220,0
2026-09-28T20:00Z,Whitelee,whitelee,45,0
2026-09-28T20:00Z,connahsquay,connahsquay,655,0
2026-09-28T21:00Z,Beatrice,beatrice,35,0
2026-09-28T21:00Z,Burbo Bank Extension,burbo,80,0
2026-09-28T21:00Z,Carrington,carrington,430,0
2026-09-28T21:00Z,Clyde,clyde,55,0
2026-09-28T21:00Z,Cruachan,cruachan,0,0
2026-09-28T21:00Z,Didcot B,didcot,720,0
2026-09-28T21:00Z,Dinorwig,dinorwig,0,0
2026-09-28T21:00Z,Dogger Bank A,doggerA,30,0
2026-09-28T21:00Z,Dogger Bank B,doggerB,20,0
2026-09-28T21:00Z,Drax,drax,2380,0
2026-09-28T21:00Z,East Anglia ONE,ea1,320,0
2026-09-28T21:00Z,Ffestiniog,ffestiniog,0,0
2026-09-28T21:00Z,Foyers,foyers,300,0
2026-09-28T21:00Z,Galloper,galloper,140,0
2026-09-28T21:00Z,Grain,grainpp,805,0
2026-09-28T21:00Z,Greater Gabbard,gabbard,120,0
2026-09-28T21:00Z,Gwynt y Môr,gym,160,0
2026-09-28T21:00Z,Hartlepool,hartlepool,580,0
2026-09-28T21:00Z,Heysham 1,heysham1,395,0
2026-09-28T21:00Z,Heysham 2,heysham2,545,0
2026-09-28T21:00Z,Hornsea One,hornsea1,175,0
2026-09-28T21:00Z,Hornsea Two,hornsea2,155,0
2026-09-28T21:00Z,Keadby 2,keadby2,830,0
2026-09-28T21:00Z,Moray East,morayeast,205,110
2026-09-28T21:00Z,Moray West,moraywest,85,0
2026-09-28T21:00Z,Neart na Gaoithe,nng,40,0
2026-09-28T21:00Z,Pembroke,pembroke,2125,0
2026-09-28T21:00Z,Pen y Cymoedd,penycymoedd,115,0
2026-09-28T21:00Z,Peterhead,peterhead,0,0
2026-09-28T21:00Z,Race Bank,racebank,160,0
2026-09-28T21:00Z,Rampion,rampion,160,0
2026-09-28T21:00Z,Seagreen,seagreen,395,0
2026-09-28T21:00Z,Sizewell B,sizewellb,1190,0
2026-09-28T21:00Z,Staythorpe,staythorpe,1170,0
2026-09-28T21:00Z,Torness,torness,1290,0
2026-09-28T21:00Z,Triton Knoll,triton,130,0
2026-09-28T21:00Z,Viking Link,viking,135,0
2026-09-28T21:00Z,Walney 1 & 2,walney,125,0
2026-09-28T21:00Z,Walney Extension,walneyx,240,0
2026-09-28T21:00Z,West Burton B,westburton,1225,0
2026-09-28T21:00Z,Whitelee,whitelee,35,0
2026-09-28T21:00Z,connahsquay,connahsquay,85,0
2026-09-28T22:00Z,Beatrice,beatrice,55,0
2026-09-28T22:00Z,Burbo Bank Extension,burbo,85,0
2026-09-28T22:00Z,Carrington,carrington,430,0
2026-09-28T22:00Z,Clyde,clyde,60,0
2026-09-28T22:00Z,Cruachan,cruachan,0,0
2026-09-28T22:00Z,Didcot B,didcot,275,0
2026-09-28T22:00Z,Dinorwig,dinorwig,0,0
2026-09-28T22:00Z,Dogger Bank A,doggerA,70,0
2026-09-28T22:00Z,Dogger Bank B,doggerB,50,0
2026-09-28T22:00Z,Drax,drax,1950,0
2026-09-28T22:00Z,East Anglia ONE,ea1,375,0
2026-09-28T22:00Z,Ffestiniog,ffestiniog,0,0
2026-09-28T22:00Z,Foyers,foyers,300,0
2026-09-28T22:00Z,Galloper,galloper,155,0
2026-09-28T22:00Z,Grain,grainpp,805,0
2026-09-28T22:00Z,Greater Gabbard,gabbard,120,0
2026-09-28T22:00Z,Gwynt y Môr,gym,150,0
2026-09-28T22:00Z,Hartlepool,hartlepool,580,0
2026-09-28T22:00Z,Heysham 1,heysham1,395,0
2026-09-28T22:00Z,Heysham 2,heysham2,545,0
2026-09-28T22:00Z,Hornsea One,hornsea1,260,0
2026-09-28T22:00Z,Hornsea Two,hornsea2,235,0
2026-09-28T22:00Z,Keadby 2,keadby2,830,0
2026-09-28T22:00Z,Moray East,morayeast,240,145
2026-09-28T22:00Z,Moray West,moraywest,135,0
2026-09-28T22:00Z,Neart na Gaoithe,nng,65,0
2026-09-28T22:00Z,Pembroke,pembroke,1445,0
2026-09-28T22:00Z,Pen y Cymoedd,penycymoedd,135,0
2026-09-28T22:00Z,Peterhead,peterhead,0,0
2026-09-28T22:00Z,Race Bank,racebank,195,0
2026-09-28T22:00Z,Rampion,rampion,185,0
2026-09-28T22:00Z,Seagreen,seagreen,455,30
2026-09-28T22:00Z,Sizewell B,sizewellb,1190,0
2026-09-28T22:00Z,Staythorpe,staythorpe,490,0
2026-09-28T22:00Z,Torness,torness,1290,0
2026-09-28T22:00Z,Triton Knoll,triton,200,0
2026-09-28T22:00Z,Viking Link,viking,110,0
2026-09-28T22:00Z,Walney 1 & 2,walney,135,0
2026-09-28T22:00Z,Walney Extension,walneyx,265,0
2026-09-28T22:00Z,West Burton B,westburton,905,0
2026-09-28T22:00Z,Whitelee,whitelee,55,0
2026-09-28T22:00Z,connahsquay,connahsquay,0,0
2026-09-28T23:00Z,Beatrice,beatrice,95,0
2026-09-28T23:00Z,Burbo Bank Extension,burbo,75,0
2026-09-28T23:00Z,Carrington,carrington,415,0
2026-09-28T23:00Z,Clyde,clyde,70,0
2026-09-28T23:00Z,Cruachan,cruachan,0,0
2026-09-28T23:00Z,Dinorwig,dinorwig,0,0
2026-09-28T23:00Z,Dogger Bank A,doggerA,140,0
2026-09-28T23:00Z,Dogger Bank B,doggerB,85,0
2026-09-28T23:00Z,Drax,drax,1950,0
2026-09-28T23:00Z,East Anglia ONE,ea1,500,0
2026-09-28T23:00Z,Ffestiniog,ffestiniog,0,0
2026-09-28T23:00Z,Foyers,foyers,150,0
2026-09-28T23:00Z,Galloper,galloper,190,0
2026-09-28T23:00Z,Grain,grainpp,805,0
2026-09-28T23:00Z,Greater Gabbard,gabbard,120,0
2026-09-28T23:00Z,Gwynt y Môr,gym,175,0
2026-09-28T23:00Z,Hartlepool,hartlepool,580,0
2026-09-28T23:00Z,Heysham 1,heysham1,395,0
2026-09-28T23:00Z,Heysham 2,heysham2,545,0
2026-09-28T23:00Z,Hornsea One,hornsea1,340,0
2026-09-28T23:00Z,Hornsea Two,hornsea2,310,0
2026-09-28T23:00Z,Keadby 2,keadby2,840,0
2026-09-28T23:00Z,Moray East,morayeast,265,165
2026-09-28T23:00Z,Moray West,moraywest,215,0
2026-09-28T23:00Z,Neart na Gaoithe,nng,120,0
2026-09-28T23:00Z,Pembroke,pembroke,795,0
2026-09-28T23:00Z,Pen y Cymoedd,penycymoedd,125,0
2026-09-28T23:00Z,Race Bank,racebank,240,0
2026-09-28T23:00Z,Rampion,rampion,210,0
2026-09-28T23:00Z,Seagreen,seagreen,410,25
2026-09-28T23:00Z,Sizewell B,sizewellb,1190,0
2026-09-28T23:00Z,Staythorpe,staythorpe,285,0
2026-09-28T23:00Z,Torness,torness,1290,0
2026-09-28T23:00Z,Triton Knoll,triton,245,0
2026-09-28T23:00Z,Viking Link,viking,85,0
2026-09-28T23:00Z,Walney 1 & 2,walney,150,0
2026-09-28T23:00Z,Walney Extension,walneyx,315,0
2026-09-28T23:00Z,West Burton B,westburton,845,0
2026-09-28T23:00Z,Whitelee,whitelee,80,0
2026-09-29T00:00Z,Beatrice,beatrice,190,0
2026-09-29T00:00Z,Burbo Bank Extension,burbo,80,0
2026-09-29T00:00Z,Carrington,carrington,415,0
2026-09-29T00:00Z,Clyde,clyde,80,0
2026-09-29T00:00Z,Cruachan,cruachan,0,0
2026-09-29T00:00Z,Dinorwig,dinorwig,0,0
2026-09-29T00:00Z,Dogger Bank A,doggerA,215,0
2026-09-29T00:00Z,Dogger Bank B,doggerB,120,0
2026-09-29T00:00Z,Drax,drax,1950,0
2026-09-29T00:00Z,East Anglia ONE,ea1,520,0
2026-09-29T00:00Z,Ffestiniog,ffestiniog,0,0
2026-09-29T00:00Z,Foyers,foyers,15,0
2026-09-29T00:00Z,Galloper,galloper,205,0
2026-09-29T00:00Z,Grain,grainpp,805,0
2026-09-29T00:00Z,Greater Gabbard,gabbard,145,0
2026-09-29T00:00Z,Gwynt y Môr,gym,230,0
2026-09-29T00:00Z,Hartlepool,hartlepool,580,0
2026-09-29T00:00Z,Heysham 1,heysham1,395,0
2026-09-29T00:00Z,Heysham 2,heysham2,545,0
2026-09-29T00:00Z,Hornsea One,hornsea1,425,0
2026-09-29T00:00Z,Hornsea Two,hornsea2,380,0
2026-09-29T00:00Z,Keadby 2,keadby2,835,0
2026-09-29T00:00Z,Moray East,morayeast,270,170
2026-09-29T00:00Z,Moray West,moraywest,260,0
2026-09-29T00:00Z,Neart na Gaoithe,nng,155,0
2026-09-29T00:00Z,Pembroke,pembroke,0,0
2026-09-29T00:00Z,Pen y Cymoedd,penycymoedd,115,0
2026-09-29T00:00Z,Race Bank,racebank,270,0
2026-09-29T00:00Z,Rampion,rampion,215,0
2026-09-29T00:00Z,Seagreen,seagreen,380,10
2026-09-29T00:00Z,Sizewell B,sizewellb,1190,0
2026-09-29T00:00Z,Staythorpe,staythorpe,0,0
2026-09-29T00:00Z,Torness,torness,1290,0
2026-09-29T00:00Z,Triton Knoll,triton,285,0
2026-09-29T00:00Z,Viking Link,viking,60,0
2026-09-29T00:00Z,Walney 1 & 2,walney,175,0
2026-09-29T00:00Z,Walney Extension,walneyx,370,0
2026-09-29T00:00Z,West Burton B,westburton,845,0
2026-09-29T00:00Z,Whitelee,whitelee,105,0
2026-09-29T01:00Z,Beatrice,beatrice,230,0
2026-09-29T01:00Z,Burbo Bank Extension,burbo,85,0
2026-09-29T01:00Z,Carrington,carrington,415,0
2026-09-29T01:00Z,Clyde,clyde,95,0
2026-09-29T01:00Z,Cruachan,cruachan,0,0
2026-09-29T01:00Z,Dinorwig,dinorwig,0,0
2026-09-29T01:00Z,Dogger Bank A,doggerA,290,0
2026-09-29T01:00Z,Dogger Bank B,doggerB,170,0
2026-09-29T01:00Z,Drax,drax,1950,0
2026-09-29T01:00Z,East Anglia ONE,ea1,445,0
2026-09-29T01:00Z,Ffestiniog,ffestiniog,0,0
2026-09-29T01:00Z,Foyers,foyers,75,0
2026-09-29T01:00Z,Galloper,galloper,190,0
2026-09-29T01:00Z,Grain,grainpp,805,0
2026-09-29T01:00Z,Greater Gabbard,gabbard,140,0
2026-09-29T01:00Z,Gwynt y Môr,gym,270,0
2026-09-29T01:00Z,Hartlepool,hartlepool,580,0
2026-09-29T01:00Z,Heysham 1,heysham1,395,0
2026-09-29T01:00Z,Heysham 2,heysham2,545,0
2026-09-29T01:00Z,Hornsea One,hornsea1,510,0
2026-09-29T01:00Z,Hornsea Two,hornsea2,470,0
2026-09-29T01:00Z,Keadby 2,keadby2,830,0
2026-09-29T01:00Z,Moray East,morayeast,320,220
2026-09-29T01:00Z,Moray West,moraywest,340,100
2026-09-29T01:00Z,Neart na Gaoithe,nng,270,0
2026-09-29T01:00Z,Pembroke,pembroke,0,0
2026-09-29T01:00Z,Pen y Cymoedd,penycymoedd,125,0
2026-09-29T01:00Z,Race Bank,racebank,285,0
2026-09-29T01:00Z,Rampion,rampion,190,0
2026-09-29T01:00Z,Seagreen,seagreen,410,30
2026-09-29T01:00Z,Sizewell B,sizewellb,1190,0
2026-09-29T01:00Z,Staythorpe,staythorpe,0,0
2026-09-29T01:00Z,Torness,torness,1290,0
2026-09-29T01:00Z,Triton Knoll,triton,330,0
2026-09-29T01:00Z,Viking Link,viking,65,0
2026-09-29T01:00Z,Walney 1 & 2,walney,195,0
2026-09-29T01:00Z,Walney Extension,walneyx,420,0
2026-09-29T01:00Z,West Burton B,westburton,845,0
2026-09-29T01:00Z,Whitelee,whitelee,100,0
2026-09-29T02:00Z,Beatrice,beatrice,280,0
2026-09-29T02:00Z,Burbo Bank Extension,burbo,85,0
2026-09-29T02:00Z,Carrington,carrington,415,0
2026-09-29T02:00Z,Clyde,clyde,120,0
2026-09-29T02:00Z,Cruachan,cruachan,0,0
2026-09-29T02:00Z,Dinorwig,dinorwig,0,0
2026-09-29T02:00Z,Dogger Bank A,doggerA,375,0
2026-09-29T02:00Z,Dogger Bank B,doggerB,230,0
2026-09-29T02:00Z,Drax,drax,1950,0
2026-09-29T02:00Z,East Anglia ONE,ea1,320,0
2026-09-29T02:00Z,Ffestiniog,ffestiniog,0,0
2026-09-29T02:00Z,Foyers,foyers,0,0
2026-09-29T02:00Z,Galloper,galloper,155,0
2026-09-29T02:00Z,Grain,grainpp,805,0
2026-09-29T02:00Z,Greater Gabbard,gabbard,135,0
2026-09-29T02:00Z,Gwynt y Môr,gym,305,0
2026-09-29T02:00Z,Hartlepool,hartlepool,580,0
2026-09-29T02:00Z,Heysham 1,heysham1,395,0
2026-09-29T02:00Z,Heysham 2,heysham2,545,0
2026-09-29T02:00Z,Hornsea One,hornsea1,565,0
2026-09-29T02:00Z,Hornsea Two,hornsea2,540,0
2026-09-29T02:00Z,Keadby 2,keadby2,830,0
2026-09-29T02:00Z,Moray East,morayeast,490,390
2026-09-29T02:00Z,Moray West,moraywest,420,285
2026-09-29T02:00Z,Neart na Gaoithe,nng,180,0
2026-09-29T02:00Z,Pembroke,pembroke,0,0
2026-09-29T02:00Z,Pen y Cymoedd,penycymoedd,145,0
2026-09-29T02:00Z,Race Bank,racebank,310,0
2026-09-29T02:00Z,Rampion,rampion,160,0
2026-09-29T02:00Z,Seagreen,seagreen,465,170
2026-09-29T02:00Z,Sizewell B,sizewellb,1190,0
2026-09-29T02:00Z,Staythorpe,staythorpe,0,0
2026-09-29T02:00Z,Torness,torness,1290,0
2026-09-29T02:00Z,Triton Knoll,triton,335,0
2026-09-29T02:00Z,Viking Link,viking,75,0
2026-09-29T02:00Z,Walney 1 & 2,walney,235,0
2026-09-29T02:00Z,Walney Extension,walneyx,490,0
2026-09-29T02:00Z,West Burton B,westburton,845,0
2026-09-29T02:00Z,Whitelee,whitelee,115,0
2026-09-29T03:00Z,Beatrice,beatrice,365,0
2026-09-29T03:00Z,Burbo Bank Extension,burbo,110,0
2026-09-29T03:00Z,Carrington,carrington,415,0
2026-09-29T03:00Z,Clyde,clyde,135,0
2026-09-29T03:00Z,Cruachan,cruachan,0,0
2026-09-29T03:00Z,Dinorwig,dinorwig,0,0
2026-09-29T03:00Z,Dogger Bank A,doggerA,445,0
2026-09-29T03:00Z,Dogger Bank B,doggerB,290,0
2026-09-29T03:00Z,Drax,drax,1950,0
2026-09-29T03:00Z,East Anglia ONE,ea1,225,0
2026-09-29T03:00Z,Ffestiniog,ffestiniog,0,0
2026-09-29T03:00Z,Foyers,foyers,0,0
2026-09-29T03:00Z,Galloper,galloper,120,0
2026-09-29T03:00Z,Grain,grainpp,805,0
2026-09-29T03:00Z,Greater Gabbard,gabbard,115,0
2026-09-29T03:00Z,Gwynt y Môr,gym,325,0
2026-09-29T03:00Z,Hartlepool,hartlepool,580,0
2026-09-29T03:00Z,Heysham 1,heysham1,395,0
2026-09-29T03:00Z,Heysham 2,heysham2,545,0
2026-09-29T03:00Z,Hornsea One,hornsea1,645,0
2026-09-29T03:00Z,Hornsea Two,hornsea2,615,0
2026-09-29T03:00Z,Keadby 2,keadby2,830,0
2026-09-29T03:00Z,Moray East,morayeast,535,435
2026-09-29T03:00Z,Moray West,moraywest,470,385
2026-09-29T03:00Z,Neart na Gaoithe,nng,170,0
2026-09-29T03:00Z,Pembroke,pembroke,0,0
2026-09-29T03:00Z,Pen y Cymoedd,penycymoedd,155,0
2026-09-29T03:00Z,Race Bank,racebank,325,0
2026-09-29T03:00Z,Rampion,rampion,135,0
2026-09-29T03:00Z,Seagreen,seagreen,520,380
2026-09-29T03:00Z,Sizewell B,sizewellb,1190,0
2026-09-29T03:00Z,Staythorpe,staythorpe,0,0
2026-09-29T03:00Z,Torness,torness,1290,0
2026-09-29T03:00Z,Triton Knoll,triton,345,0
2026-09-29T03:00Z,Viking Link,viking,115,0
2026-09-29T03:00Z,Walney 1 & 2,walney,255,0
2026-09-29T03:00Z,Walney Extension,walneyx,535,0
2026-09-29T03:00Z,West Burton B,westburton,845,0
2026-09-29T03:00Z,Whitelee,whitelee,135,0
2026-09-29T04:00Z,Beatrice,beatrice,415,265
2026-09-29T04:00Z,Burbo Bank Extension,burbo,140,0
2026-09-29T04:00Z,Carrington,carrington,415,0
2026-09-29T04:00Z,Clyde,clyde,170,0
2026-09-29T04:00Z,Cruachan,cruachan,0,0
2026-09-29T04:00Z,Dinorwig,dinorwig,0,0
2026-09-29T04:00Z,Dogger Bank A,doggerA,500,0
2026-09-29T04:00Z,Dogger Bank B,doggerB,340,0
2026-09-29T04:00Z,Drax,drax,1950,0
2026-09-29T04:00Z,East Anglia ONE,ea1,170,0
2026-09-29T04:00Z,Ffestiniog,ffestiniog,0,0
2026-09-29T04:00Z,Foyers,foyers,295,0
2026-09-29T04:00Z,Galloper,galloper,85,0
2026-09-29T04:00Z,Grain,grainpp,805,0
2026-09-29T04:00Z,Greater Gabbard,gabbard,105,0
2026-09-29T04:00Z,Gwynt y Môr,gym,330,0
2026-09-29T04:00Z,Hartlepool,hartlepool,580,0
2026-09-29T04:00Z,Heysham 1,heysham1,395,0
2026-09-29T04:00Z,Heysham 2,heysham2,545,0
2026-09-29T04:00Z,Hornsea One,hornsea1,790,0
2026-09-29T04:00Z,Hornsea Two,hornsea2,705,0
2026-09-29T04:00Z,Keadby 2,keadby2,830,0
2026-09-29T04:00Z,Moray East,morayeast,655,560
2026-09-29T04:00Z,Moray West,moraywest,590,510
2026-09-29T04:00Z,Neart na Gaoithe,nng,150,0
2026-09-29T04:00Z,Pembroke,pembroke,0,0
2026-09-29T04:00Z,Pen y Cymoedd,penycymoedd,145,0
2026-09-29T04:00Z,Race Bank,racebank,325,0
2026-09-29T04:00Z,Rampion,rampion,125,0
2026-09-29T04:00Z,Seagreen,seagreen,595,480
2026-09-29T04:00Z,Sizewell B,sizewellb,1190,0
2026-09-29T04:00Z,Staythorpe,staythorpe,0,0
2026-09-29T04:00Z,Torness,torness,1290,0
2026-09-29T04:00Z,Triton Knoll,triton,360,0
2026-09-29T04:00Z,Viking Link,viking,140,0
2026-09-29T04:00Z,Walney 1 & 2,walney,280,0
2026-09-29T04:00Z,Walney Extension,walneyx,560,15
2026-09-29T04:00Z,West Burton B,westburton,845,0
2026-09-29T04:00Z,Whitelee,whitelee,125,0
2026-09-29T05:00Z,Beatrice,beatrice,475,415
2026-09-29T05:00Z,Burbo Bank Extension,burbo,160,0
2026-09-29T05:00Z,Carrington,carrington,430,0
2026-09-29T05:00Z,Clyde,clyde,200,0
2026-09-29T05:00Z,Cruachan,cruachan,60,0
2026-09-29T05:00Z,Dinorwig,dinorwig,0,0
2026-09-29T05:00Z,Dogger Bank A,doggerA,570,0
2026-09-29T05:00Z,Dogger Bank B,doggerB,405,0
2026-09-29T05:00Z,Drax,drax,1950,0
2026-09-29T05:00Z,East Anglia ONE,ea1,160,0
2026-09-29T05:00Z,Ffestiniog,ffestiniog,0,0
2026-09-29T05:00Z,Foyers,foyers,300,0
2026-09-29T05:00Z,Galloper,galloper,60,0
2026-09-29T05:00Z,Grain,grainpp,220,0
2026-09-29T05:00Z,Greater Gabbard,gabbard,85,0
2026-09-29T05:00Z,Gwynt y Môr,gym,350,0
2026-09-29T05:00Z,Hartlepool,hartlepool,580,0
2026-09-29T05:00Z,Heysham 1,heysham1,395,0
2026-09-29T05:00Z,Heysham 2,heysham2,545,0
2026-09-29T05:00Z,Hornsea One,hornsea1,830,0
2026-09-29T05:00Z,Hornsea Two,hornsea2,740,0
2026-09-29T05:00Z,Keadby 2,keadby2,835,0
2026-09-29T05:00Z,Moray East,morayeast,695,595
2026-09-29T05:00Z,Moray West,moraywest,695,610
2026-09-29T05:00Z,Neart na Gaoithe,nng,170,0
2026-09-29T05:00Z,Pembroke,pembroke,0,0
2026-09-29T05:00Z,Pen y Cymoedd,penycymoedd,140,0
2026-09-29T05:00Z,Race Bank,racebank,315,0
2026-09-29T05:00Z,Rampion,rampion,130,0
2026-09-29T05:00Z,Seagreen,seagreen,680,565
2026-09-29T05:00Z,Sizewell B,sizewellb,1190,0
2026-09-29T05:00Z,Staythorpe,staythorpe,0,0
2026-09-29T05:00Z,Torness,torness,1290,0
2026-09-29T05:00Z,Triton Knoll,triton,395,0
2026-09-29T05:00Z,Viking Link,viking,150,0
2026-09-29T05:00Z,Walney 1 & 2,walney,320,0
2026-09-29T05:00Z,Walney Extension,walneyx,585,290
2026-09-29T05:00Z,West Burton B,westburton,840,0
2026-09-29T05:00Z,Whitelee,whitelee,130,0
2026-09-29T06:00Z,Beatrice,beatrice,505,445
2026-09-29T06:00Z,Burbo Bank Extension,burbo,165,0
2026-09-29T06:00Z,Carrington,carrington,430,0
2026-09-29T06:00Z,Clyde,clyde,230,0
2026-09-29T06:00Z,Cruachan,cruachan,120,0
2026-09-29T06:00Z,Dinorwig,dinorwig,300,0
2026-09-29T06:00Z,Dogger Bank A,doggerA,610,0
2026-09-29T06:00Z,Dogger Bank B,doggerB,440,0
2026-09-29T06:00Z,Drax,drax,1950,0
2026-09-29T06:00Z,East Anglia ONE,ea1,120,0
2026-09-29T06:00Z,Ffestiniog,ffestiniog,0,0
2026-09-29T06:00Z,Foyers,foyers,300,0
2026-09-29T06:00Z,Galloper,galloper,45,0
2026-09-29T06:00Z,Grain,grainpp,0,0
2026-09-29T06:00Z,Greater Gabbard,gabbard,70,0
2026-09-29T06:00Z,Gwynt y Môr,gym,415,0
2026-09-29T06:00Z,Hartlepool,hartlepool,580,0
2026-09-29T06:00Z,Heysham 1,heysham1,395,0
2026-09-29T06:00Z,Heysham 2,heysham2,545,0
2026-09-29T06:00Z,Hornsea One,hornsea1,850,0
2026-09-29T06:00Z,Hornsea Two,hornsea2,810,0
2026-09-29T06:00Z,Keadby 2,keadby2,830,0
2026-09-29T06:00Z,Moray East,morayeast,760,660
2026-09-29T06:00Z,Moray West,moraywest,755,670
2026-09-29T06:00Z,Neart na Gaoithe,nng,250,80
2026-09-29T06:00Z,Pembroke,pembroke,0,0
2026-09-29T06:00Z,Pen y Cymoedd,penycymoedd,140,0
2026-09-29T06:00Z,Race Bank,racebank,320,0
2026-09-29T06:00Z,Rampion,rampion,150,0
2026-09-29T06:00Z,Seagreen,seagreen,740,630
2026-09-29T06:00Z,Sizewell B,sizewellb,1190,0
2026-09-29T06:00Z,Staythorpe,staythorpe,0,0
2026-09-29T06:00Z,Torness,torness,1290,0
2026-09-29T06:00Z,Triton Knoll,triton,410,0
2026-09-29T06:00Z,Viking Link,viking,165,0
2026-09-29T06:00Z,Walney 1 & 2,walney,335,0
2026-09-29T06:00Z,Walney Extension,walneyx,575,235
2026-09-29T06:00Z,West Burton B,westburton,835,0
2026-09-29T06:00Z,Whitelee,whitelee,150,0
2026-09-29T07:00Z,Beatrice,beatrice,525,465
2026-09-29T07:00Z,Burbo Bank Extension,burbo,180,0
2026-09-29T07:00Z,Carrington,carrington,415,0
2026-09-29T07:00Z,Clyde,clyde,285,0
2026-09-29T07:00Z,Cruachan,cruachan,120,0
2026-09-29T07:00Z,Dinorwig,dinorwig,80,0
2026-09-29T07:00Z,Dogger Bank A,doggerA,610,0
2026-09-29T07:00Z,Dogger Bank B,doggerB,450,0
2026-09-29T07:00Z,Drax,drax,1950,0
2026-09-29T07:00Z,East Anglia ONE,ea1,115,0
2026-09-29T07:00Z,Ffestiniog,ffestiniog,0,0
2026-09-29T07:00Z,Foyers,foyers,300,0
2026-09-29T07:00Z,Galloper,galloper,30,0
2026-09-29T07:00Z,Grain,grainpp,0,0
2026-09-29T07:00Z,Greater Gabbard,gabbard,65,0
2026-09-29T07:00Z,Gwynt y Môr,gym,460,0
2026-09-29T07:00Z,Hartlepool,hartlepool,580,0
2026-09-29T07:00Z,Heysham 1,heysham1,395,0
2026-09-29T07:00Z,Heysham 2,heysham2,545,0
2026-09-29T07:00Z,Hornsea One,hornsea1,910,0
2026-09-29T07:00Z,Hornsea Two,hornsea2,905,0
2026-09-29T07:00Z,Keadby 2,keadby2,825,0
2026-09-29T07:00Z,Moray East,morayeast,790,690
2026-09-29T07:00Z,Moray West,moraywest,770,685
2026-09-29T07:00Z,Neart na Gaoithe,nng,345,180
2026-09-29T07:00Z,Pembroke,pembroke,0,0
2026-09-29T07:00Z,Pen y Cymoedd,penycymoedd,145,0
2026-09-29T07:00Z,Race Bank,racebank,325,0
2026-09-29T07:00Z,Rampion,rampion,185,0
2026-09-29T07:00Z,Seagreen,seagreen,790,675
2026-09-29T07:00Z,Sizewell B,sizewellb,1190,0
2026-09-29T07:00Z,Staythorpe,staythorpe,0,0
2026-09-29T07:00Z,Torness,torness,1290,0
2026-09-29T07:00Z,Triton Knoll,triton,445,0
2026-09-29T07:00Z,Viking Link,viking,190,0
2026-09-29T07:00Z,Walney 1 & 2,walney,340,0
2026-09-29T07:00Z,Walney Extension,walneyx,580,155
2026-09-29T07:00Z,West Burton B,westburton,455,0
2026-09-29T07:00Z,Whitelee,whitelee,165,0
2026-09-29T08:00Z,Beatrice,beatrice,530,470
2026-09-29T08:00Z,Burbo Bank Extension,burbo,200,0
2026-09-29T08:00Z,Carrington,carrington,60,0
2026-09-29T08:00Z,Clyde,clyde,415,0
2026-09-29T08:00Z,Cruachan,cruachan,120,0
2026-09-29T08:00Z,Dinorwig,dinorwig,0,0
2026-09-29T08:00Z,Dogger Bank A,doggerA,620,0
2026-09-29T08:00Z,Dogger Bank B,doggerB,455,0
2026-09-29T08:00Z,Drax,drax,1950,0
2026-09-29T08:00Z,East Anglia ONE,ea1,160,0
2026-09-29T08:00Z,Ffestiniog,ffestiniog,0,0
2026-09-29T08:00Z,Foyers,foyers,300,0
2026-09-29T08:00Z,Galloper,galloper,20,0
2026-09-29T08:00Z,Grain,grainpp,0,0
2026-09-29T08:00Z,Greater Gabbard,gabbard,45,0
2026-09-29T08:00Z,Gwynt y Môr,gym,485,0
2026-09-29T08:00Z,Hartlepool,hartlepool,580,0
2026-09-29T08:00Z,Heysham 1,heysham1,395,0
2026-09-29T08:00Z,Heysham 2,heysham2,545,0
2026-09-29T08:00Z,Hornsea One,hornsea1,910,0
2026-09-29T08:00Z,Hornsea Two,hornsea2,885,0
2026-09-29T08:00Z,Keadby 2,keadby2,600,0
2026-09-29T08:00Z,Moray East,morayeast,800,700
2026-09-29T08:00Z,Moray West,moraywest,785,575
2026-09-29T08:00Z,Neart na Gaoithe,nng,390,280
2026-09-29T08:00Z,Pembroke,pembroke,0,0
2026-09-29T08:00Z,Pen y Cymoedd,penycymoedd,150,0
2026-09-29T08:00Z,Race Bank,racebank,265,0
2026-09-29T08:00Z,Rampion,rampion,210,0
2026-09-29T08:00Z,Seagreen,seagreen,830,715
2026-09-29T08:00Z,Sizewell B,sizewellb,1190,0
2026-09-29T08:00Z,Staythorpe,staythorpe,0,0
2026-09-29T08:00Z,Torness,torness,1290,0
2026-09-29T08:00Z,Triton Knoll,triton,470,0
2026-09-29T08:00Z,Viking Link,viking,205,0
2026-09-29T08:00Z,Walney 1 & 2,walney,340,0
2026-09-29T08:00Z,Walney Extension,walneyx,600,0
2026-09-29T08:00Z,West Burton B,westburton,50,0
2026-09-29T08:00Z,Whitelee,whitelee,180,0
2026-09-29T09:00Z,Beatrice,beatrice,535,475
2026-09-29T09:00Z,Burbo Bank Extension,burbo,205,0
2026-09-29T09:00Z,Carrington,carrington,0,0
2026-09-29T09:00Z,Clyde,clyde,465,0
2026-09-29T09:00Z,Cruachan,cruachan,120,0
2026-09-29T09:00Z,Dinorwig,dinorwig,0,0
2026-09-29T09:00Z,Dogger Bank A,doggerA,615,0
2026-09-29T09:00Z,Dogger Bank B,doggerB,440,0
2026-09-29T09:00Z,Drax,drax,1800,0
2026-09-29T09:00Z,East Anglia ONE,ea1,135,0
2026-09-29T09:00Z,Ffestiniog,ffestiniog,0,0
2026-09-29T09:00Z,Foyers,foyers,300,0
2026-09-29T09:00Z,Galloper,galloper,25,0
2026-09-29T09:00Z,Grain,grainpp,0,0
2026-09-29T09:00Z,Greater Gabbard,gabbard,30,0
2026-09-29T09:00Z,Gwynt y Môr,gym,480,0
2026-09-29T09:00Z,Hartlepool,hartlepool,580,0
2026-09-29T09:00Z,Heysham 1,heysham1,395,0
2026-09-29T09:00Z,Heysham 2,heysham2,545,0
2026-09-29T09:00Z,Hornsea One,hornsea1,950,0
2026-09-29T09:00Z,Hornsea Two,hornsea2,890,0
2026-09-29T09:00Z,Keadby 2,keadby2,0,0
2026-09-29T09:00Z,Moray East,morayeast,835,740
2026-09-29T09:00Z,Moray West,moraywest,810,375
2026-09-29T09:00Z,Neart na Gaoithe,nng,365,325
2026-09-29T09:00Z,Pembroke,pembroke,0,0
2026-09-29T09:00Z,Pen y Cymoedd,penycymoedd,175,0
2026-09-29T09:00Z,Race Bank,racebank,195,0
2026-09-29T09:00Z,Rampion,rampion,210,0
2026-09-29T09:00Z,Seagreen,seagreen,840,725
2026-09-29T09:00Z,Sizewell B,sizewellb,1190,0
2026-09-29T09:00Z,Staythorpe,staythorpe,0,0
2026-09-29T09:00Z,Torness,torness,1290,0
2026-09-29T09:00Z,Triton Knoll,triton,485,0
2026-09-29T09:00Z,Viking Link,viking,220,0
2026-09-29T09:00Z,Walney 1 & 2,walney,345,0
2026-09-29T09:00Z,Walney Extension,walneyx,620,0
2026-09-29T09:00Z,West Burton B,westburton,0,0
2026-09-29T09:00Z,Whitelee,whitelee,210,0
2026-09-29T10:00Z,Beatrice,beatrice,550,485
2026-09-29T10:00Z,Burbo Bank Extension,burbo,205,0
2026-09-29T10:00Z,Carrington,carrington,0,0
2026-09-29T10:00Z,Clyde,clyde,470,0
2026-09-29T10:00Z,Cruachan,cruachan,120,0
2026-09-29T10:00Z,Dinorwig,dinorwig,0,0
2026-09-29T10:00Z,Dogger Bank A,doggerA,620,0
2026-09-29T10:00Z,Dogger Bank B,doggerB,445,0
2026-09-29T10:00Z,Drax,drax,1180,0
2026-09-29T10:00Z,East Anglia ONE,ea1,80,0
2026-09-29T10:00Z,Ffestiniog,ffestiniog,0,0
2026-09-29T10:00Z,Foyers,foyers,0,0
2026-09-29T10:00Z,Galloper,galloper,35,0
2026-09-29T10:00Z,Grain,grainpp,0,0
2026-09-29T10:00Z,Greater Gabbard,gabbard,30,0
2026-09-29T10:00Z,Gwynt y Môr,gym,490,0
2026-09-29T10:00Z,Hartlepool,hartlepool,580,0
2026-09-29T10:00Z,Heysham 1,heysham1,395,0
2026-09-29T10:00Z,Heysham 2,heysham2,545,0
2026-09-29T10:00Z,Hornsea One,hornsea1,795,0
2026-09-29T10:00Z,Hornsea Two,hornsea2,800,0
2026-09-29T10:00Z,Keadby 2,keadby2,0,0
2026-09-29T10:00Z,Moray East,morayeast,845,745
2026-09-29T10:00Z,Moray West,moraywest,825,375
2026-09-29T10:00Z,Neart na Gaoithe,nng,380,345
2026-09-29T10:00Z,Pembroke,pembroke,0,0
2026-09-29T10:00Z,Pen y Cymoedd,penycymoedd,180,0
2026-09-29T10:00Z,Race Bank,racebank,170,0
2026-09-29T10:00Z,Rampion,rampion,205,0
2026-09-29T10:00Z,Seagreen,seagreen,915,800
2026-09-29T10:00Z,Sizewell B,sizewellb,1190,0
2026-09-29T10:00Z,Staythorpe,staythorpe,0,0
2026-09-29T10:00Z,Torness,torness,1290,0
2026-09-29T10:00Z,Triton Knoll,triton,465,0
2026-09-29T10:00Z,Viking Link,viking,235,0
2026-09-29T10:00Z,Walney 1 & 2,walney,345,0
2026-09-29T10:00Z,Walney Extension,walneyx,620,0
2026-09-29T10:00Z,West Burton B,westburton,0,0
2026-09-29T10:00Z,Whitelee,whitelee,220,0
2026-09-29T11:00Z,Beatrice,beatrice,560,305
2026-09-29T11:00Z,Burbo Bank Extension,burbo,205,0
2026-09-29T11:00Z,Carrington,carrington,0,0
2026-09-29T11:00Z,Clyde,clyde,470,0
2026-09-29T11:00Z,Cruachan,cruachan,120,0
2026-09-29T11:00Z,Dinorwig,dinorwig,0,0
2026-09-29T11:00Z,Dogger Bank A,doggerA,610,0
2026-09-29T11:00Z,Dogger Bank B,doggerB,445,0
2026-09-29T11:00Z,Drax,drax,1160,0
2026-09-29T11:00Z,East Anglia ONE,ea1,65,0
2026-09-29T11:00Z,Ffestiniog,ffestiniog,0,0
2026-09-29T11:00Z,Foyers,foyers,0,0
2026-09-29T11:00Z,Galloper,galloper,40,0
2026-09-29T11:00Z,Grain,grainpp,0,0
2026-09-29T11:00Z,Greater Gabbard,gabbard,35,0
2026-09-29T11:00Z,Gwynt y Môr,gym,510,0
2026-09-29T11:00Z,Hartlepool,hartlepool,580,0
2026-09-29T11:00Z,Heysham 1,heysham1,395,0
2026-09-29T11:00Z,Heysham 2,heysham2,545,0
2026-09-29T11:00Z,Hornsea One,hornsea1,530,0
2026-09-29T11:00Z,Hornsea Two,hornsea2,595,0
2026-09-29T11:00Z,Keadby 2,keadby2,0,0
2026-09-29T11:00Z,Moray East,morayeast,850,750
2026-09-29T11:00Z,Moray West,moraywest,630,380
2026-09-29T11:00Z,Neart na Gaoithe,nng,440,420
2026-09-29T11:00Z,Pembroke,pembroke,0,0
2026-09-29T11:00Z,Pen y Cymoedd,penycymoedd,185,0
2026-09-29T11:00Z,Race Bank,racebank,155,0
2026-09-29T11:00Z,Rampion,rampion,195,0
2026-09-29T11:00Z,Seagreen,seagreen,935,820
2026-09-29T11:00Z,Sizewell B,sizewellb,1190,0
2026-09-29T11:00Z,Staythorpe,staythorpe,0,0
2026-09-29T11:00Z,Torness,torness,1290,0
2026-09-29T11:00Z,Triton Knoll,triton,350,0
2026-09-29T11:00Z,Viking Link,viking,275,0
2026-09-29T11:00Z,Walney 1 & 2,walney,345,0
2026-09-29T11:00Z,Walney Extension,walneyx,615,0
2026-09-29T11:00Z,West Burton B,westburton,0,0
2026-09-29T11:00Z,Whitelee,whitelee,225,0
2026-09-29T12:00Z,Beatrice,beatrice,560,130
2026-09-29T12:00Z,Burbo Bank Extension,burbo,210,0
2026-09-29T12:00Z,Carrington,carrington,0,0
2026-09-29T12:00Z,Clyde,clyde,470,0
2026-09-29T12:00Z,Cruachan,cruachan,120,0
2026-09-29T12:00Z,Dinorwig,dinorwig,0,0
2026-09-29T12:00Z,Dogger Bank A,doggerA,615,0
2026-09-29T12:00Z,Dogger Bank B,doggerB,450,0
2026-09-29T12:00Z,Drax,drax,1160,0
2026-09-29T12:00Z,East Anglia ONE,ea1,50,0
2026-09-29T12:00Z,Ffestiniog,ffestiniog,0,0
2026-09-29T12:00Z,Foyers,foyers,295,0
2026-09-29T12:00Z,Galloper,galloper,50,0
2026-09-29T12:00Z,Grain,grainpp,0,0
2026-09-29T12:00Z,Greater Gabbard,gabbard,45,0
2026-09-29T12:00Z,Gwynt y Môr,gym,525,0
2026-09-29T12:00Z,Hartlepool,hartlepool,580,0
2026-09-29T12:00Z,Heysham 1,heysham1,395,0
2026-09-29T12:00Z,Heysham 2,heysham2,545,0
2026-09-29T12:00Z,Hornsea One,hornsea1,305,0
2026-09-29T12:00Z,Hornsea Two,hornsea2,430,0
2026-09-29T12:00Z,Keadby 2,keadby2,0,0
2026-09-29T12:00Z,Moray East,morayeast,850,750
2026-09-29T12:00Z,Moray West,moraywest,505,380
2026-09-29T12:00Z,Neart na Gaoithe,nng,450,435
2026-09-29T12:00Z,Pembroke,pembroke,0,0
2026-09-29T12:00Z,Pen y Cymoedd,penycymoedd,190,0
2026-09-29T12:00Z,Race Bank,racebank,140,0
2026-09-29T12:00Z,Rampion,rampion,160,0
2026-09-29T12:00Z,Seagreen,seagreen,955,845
2026-09-29T12:00Z,Sizewell B,sizewellb,1190,0
2026-09-29T12:00Z,Staythorpe,staythorpe,0,0
2026-09-29T12:00Z,Torness,torness,1290,0
2026-09-29T12:00Z,Triton Knoll,triton,245,0
2026-09-29T12:00Z,Viking Link,viking,315,0
2026-09-29T12:00Z,Walney 1 & 2,walney,345,0
2026-09-29T12:00Z,Walney Extension,walneyx,615,0
2026-09-29T12:00Z,West Burton B,westburton,0,0
2026-09-29T12:00Z,Whitelee,whitelee,275,0
2026-09-29T13:00Z,Beatrice,beatrice,560,150
2026-09-29T13:00Z,Burbo Bank Extension,burbo,220,0
2026-09-29T13:00Z,Carrington,carrington,0,0
2026-09-29T13:00Z,Clyde,clyde,470,0
2026-09-29T13:00Z,Cruachan,cruachan,120,0
2026-09-29T13:00Z,Dinorwig,dinorwig,0,0
2026-09-29T13:00Z,Dogger Bank A,doggerA,570,0
2026-09-29T13:00Z,Dogger Bank B,doggerB,470,0
2026-09-29T13:00Z,Drax,drax,1175,0
2026-09-29T13:00Z,East Anglia ONE,ea1,90,0
2026-09-29T13:00Z,Ffestiniog,ffestiniog,0,0
2026-09-29T13:00Z,Foyers,foyers,300,0
2026-09-29T13:00Z,Galloper,galloper,65,0
2026-09-29T13:00Z,Grain,grainpp,0,0
2026-09-29T13:00Z,Greater Gabbard,gabbard,60,0
2026-09-29T13:00Z,Gwynt y Môr,gym,530,0
2026-09-29T13:00Z,Hartlepool,hartlepool,580,0
2026-09-29T13:00Z,Heysham 1,heysham1,395,0
2026-09-29T13:00Z,Heysham 2,heysham2,545,0
2026-09-29T13:00Z,Hornsea One,hornsea1,280,0
2026-09-29T13:00Z,Hornsea Two,hornsea2,325,0
2026-09-29T13:00Z,Keadby 2,keadby2,0,0
2026-09-29T13:00Z,Moray East,morayeast,845,750
2026-09-29T13:00Z,Moray West,moraywest,460,380
2026-09-29T13:00Z,Neart na Gaoithe,nng,450,435
2026-09-29T13:00Z,Pembroke,pembroke,0,0
2026-09-29T13:00Z,Pen y Cymoedd,penycymoedd,195,0
2026-09-29T13:00Z,Race Bank,racebank,180,0
2026-09-29T13:00Z,Rampion,rampion,150,0
2026-09-29T13:00Z,Seagreen,seagreen,975,860
2026-09-29T13:00Z,Sizewell B,sizewellb,1190,0
2026-09-29T13:00Z,Staythorpe,staythorpe,0,0
2026-09-29T13:00Z,Torness,torness,1290,0
2026-09-29T13:00Z,Triton Knoll,triton,240,0
2026-09-29T13:00Z,Viking Link,viking,340,0
2026-09-29T13:00Z,Walney 1 & 2,walney,345,0
2026-09-29T13:00Z,Walney Extension,walneyx,610,0
2026-09-29T13:00Z,West Burton B,westburton,0,0
2026-09-29T13:00Z,Whitelee,whitelee,325,0
2026-09-29T14:00Z,Beatrice,beatrice,560,455
2026-09-29T14:00Z,Burbo Bank Extension,burbo,225,0
2026-09-29T14:00Z,Carrington,carrington,30,0
2026-09-29T14:00Z,Clyde,clyde,470,0
2026-09-29T14:00Z,Cruachan,cruachan,240,0
2026-09-29T14:00Z,Dinorwig,dinorwig,0,0
2026-09-29T14:00Z,Dogger Bank A,doggerA,560,0
2026-09-29T14:00Z,Dogger Bank B,doggerB,470,0
2026-09-29T14:00Z,Drax,drax,1800,0
2026-09-29T14:00Z,East Anglia ONE,ea1,125,0
2026-09-29T14:00Z,Ffestiniog,ffestiniog,0,0
2026-09-29T14:00Z,Foyers,foyers,300,0
2026-09-29T14:00Z,Galloper,galloper,80,0
2026-09-29T14:00Z,Grain,grainpp,210,0
2026-09-29T14:00Z,Greater Gabbard,gabbard,80,0
2026-09-29T14:00Z,Gwynt y Môr,gym,525,0
2026-09-29T14:00Z,Hartlepool,hartlepool,580,0
2026-09-29T14:00Z,Heysham 1,heysham1,395,0
2026-09-29T14:00Z,Heysham 2,heysham2,545,0
2026-09-29T14:00Z,Hornsea One,hornsea1,320,0
2026-09-29T14:00Z,Hornsea Two,hornsea2,305,0
2026-09-29T14:00Z,Keadby 2,keadby2,0,0
2026-09-29T14:00Z,Moray East,morayeast,850,750
2026-09-29T14:00Z,Moray West,moraywest,420,380
2026-09-29T14:00Z,Neart na Gaoithe,nng,450,435
2026-09-29T14:00Z,Pembroke,pembroke,0,0
2026-09-29T14:00Z,Pen y Cymoedd,penycymoedd,205,0
2026-09-29T14:00Z,Race Bank,racebank,240,0
2026-09-29T14:00Z,Rampion,rampion,155,0
2026-09-29T14:00Z,Seagreen,seagreen,995,880
2026-09-29T14:00Z,Sizewell B,sizewellb,1190,0
2026-09-29T14:00Z,Staythorpe,staythorpe,0,0
2026-09-29T14:00Z,Torness,torness,1290,0
2026-09-29T14:00Z,Triton Knoll,triton,280,0
2026-09-29T14:00Z,Viking Link,viking,375,0
2026-09-29T14:00Z,Walney 1 & 2,walney,345,0
2026-09-29T14:00Z,Walney Extension,walneyx,610,0
2026-09-29T14:00Z,West Burton B,westburton,0,0
2026-09-29T14:00Z,Whitelee,whitelee,345,0
2026-09-29T15:00Z,Beatrice,beatrice,560,500
2026-09-29T15:00Z,Burbo Bank Extension,burbo,240,0
2026-09-29T15:00Z,Carrington,carrington,320,0
2026-09-29T15:00Z,Clyde,clyde,475,0
2026-09-29T15:00Z,Cruachan,cruachan,240,0
2026-09-29T15:00Z,Dinorwig,dinorwig,0,0
2026-09-29T15:00Z,Dogger Bank A,doggerA,530,0
2026-09-29T15:00Z,Dogger Bank B,doggerB,465,0
2026-09-29T15:00Z,Drax,drax,1950,0
2026-09-29T15:00Z,East Anglia ONE,ea1,170,0
2026-09-29T15:00Z,Ffestiniog,ffestiniog,170,0
2026-09-29T15:00Z,Foyers,foyers,300,0
2026-09-29T15:00Z,Galloper,galloper,100,0
2026-09-29T15:00Z,Grain,grainpp,750,0
2026-09-29T15:00Z,Greater Gabbard,gabbard,85,0
2026-09-29T15:00Z,Gwynt y Môr,gym,530,0
2026-09-29T15:00Z,Hartlepool,hartlepool,580,0
2026-09-29T15:00Z,Heysham 1,heysham1,395,0
2026-09-29T15:00Z,Heysham 2,heysham2,545,0
2026-09-29T15:00Z,Hornsea One,hornsea1,345,0
2026-09-29T15:00Z,Hornsea Two,hornsea2,345,0
2026-09-29T15:00Z,Keadby 2,keadby2,0,0
2026-09-29T15:00Z,Moray East,morayeast,850,750
2026-09-29T15:00Z,Moray West,moraywest,465,380
2026-09-29T15:00Z,Neart na Gaoithe,nng,450,435
2026-09-29T15:00Z,Pembroke,pembroke,0,0
2026-09-29T15:00Z,Pen y Cymoedd,penycymoedd,205,0
2026-09-29T15:00Z,Race Bank,racebank,320,0
2026-09-29T15:00Z,Rampion,rampion,150,0
2026-09-29T15:00Z,Seagreen,seagreen,1010,895
2026-09-29T15:00Z,Sizewell B,sizewellb,1190,0
2026-09-29T15:00Z,Staythorpe,staythorpe,0,0
2026-09-29T15:00Z,Torness,torness,1290,0
2026-09-29T15:00Z,Triton Knoll,triton,380,0
2026-09-29T15:00Z,Viking Link,viking,410,0
2026-09-29T15:00Z,Walney 1 & 2,walney,345,0
2026-09-29T15:00Z,Walney Extension,walneyx,610,0
2026-09-29T15:00Z,West Burton B,westburton,0,0
2026-09-29T15:00Z,Whitelee,whitelee,355,0
2026-09-29T16:00Z,Beatrice,beatrice,560,500
2026-09-29T16:00Z,Burbo Bank Extension,burbo,235,0
2026-09-29T16:00Z,Carrington,carrington,400,0
2026-09-29T16:00Z,Clyde,clyde,475,190
2026-09-29T16:00Z,Cruachan,cruachan,240,0
2026-09-29T16:00Z,Dinorwig,dinorwig,300,0
2026-09-29T16:00Z,Dogger Bank A,doggerA,530,0
2026-09-29T16:00Z,Dogger Bank B,doggerB,455,0
2026-09-29T16:00Z,Drax,drax,1950,0
2026-09-29T16:00Z,East Anglia ONE,ea1,235,0
2026-09-29T16:00Z,Ffestiniog,ffestiniog,270,0
2026-09-29T16:00Z,Foyers,foyers,225,0
2026-09-29T16:00Z,Galloper,galloper,120,0
2026-09-29T16:00Z,Grain,grainpp,805,0
2026-09-29T16:00Z,Greater Gabbard,gabbard,95,0
2026-09-29T16:00Z,Gwynt y Môr,gym,520,0
2026-09-29T16:00Z,Hartlepool,hartlepool,580,0
2026-09-29T16:00Z,Heysham 1,heysham1,395,0
2026-09-29T16:00Z,Heysham 2,heysham2,545,0
2026-09-29T16:00Z,Hornsea One,hornsea1,395,0
2026-09-29T16:00Z,Hornsea Two,hornsea2,430,0
2026-09-29T16:00Z,Keadby 2,keadby2,810,0
2026-09-29T16:00Z,Moray East,morayeast,845,750
2026-09-29T16:00Z,Moray West,moraywest,505,380
2026-09-29T16:00Z,Neart na Gaoithe,nng,450,435
2026-09-29T16:00Z,Pembroke,pembroke,0,0
2026-09-29T16:00Z,Pen y Cymoedd,penycymoedd,200,0
2026-09-29T16:00Z,Race Bank,racebank,390,0
2026-09-29T16:00Z,Rampion,rampion,160,0
2026-09-29T16:00Z,Seagreen,seagreen,1025,910
2026-09-29T16:00Z,Sizewell B,sizewellb,1190,0
2026-09-29T16:00Z,Staythorpe,staythorpe,0,0
2026-09-29T16:00Z,Torness,torness,1290,0
2026-09-29T16:00Z,Triton Knoll,triton,485,0
2026-09-29T16:00Z,Viking Link,viking,420,0
2026-09-29T16:00Z,Walney 1 & 2,walney,340,0
2026-09-29T16:00Z,Walney Extension,walneyx,610,0
2026-09-29T16:00Z,West Burton B,westburton,0,0
2026-09-29T16:00Z,Whitelee,whitelee,350,180
2026-09-29T17:00Z,Beatrice,beatrice,560,500
2026-09-29T17:00Z,Burbo Bank Extension,burbo,225,0
2026-09-29T17:00Z,Carrington,carrington,400,0
2026-09-29T17:00Z,Clyde,clyde,475,70
2026-09-29T17:00Z,Cruachan,cruachan,240,0
2026-09-29T17:00Z,Dinorwig,dinorwig,300,0
2026-09-29T17:00Z,Dogger Bank A,doggerA,550,0
2026-09-29T17:00Z,Dogger Bank B,doggerB,480,0
2026-09-29T17:00Z,Drax,drax,1950,0
2026-09-29T17:00Z,East Anglia ONE,ea1,270,0
2026-09-29T17:00Z,Ffestiniog,ffestiniog,270,0
2026-09-29T17:00Z,Foyers,foyers,150,0
2026-09-29T17:00Z,Galloper,galloper,140,0
2026-09-29T17:00Z,Grain,grainpp,795,0
2026-09-29T17:00Z,Greater Gabbard,gabbard,105,0
2026-09-29T17:00Z,Gwynt y Môr,gym,515,0
2026-09-29T17:00Z,Hartlepool,hartlepool,580,0
2026-09-29T17:00Z,Heysham 1,heysham1,395,0
2026-09-29T17:00Z,Heysham 2,heysham2,545,0
2026-09-29T17:00Z,Hornsea One,hornsea1,470,0
2026-09-29T17:00Z,Hornsea Two,hornsea2,520,0
2026-09-29T17:00Z,Keadby 2,keadby2,585,0
2026-09-29T17:00Z,Moray East,morayeast,850,750
2026-09-29T17:00Z,Moray West,moraywest,590,380
2026-09-29T17:00Z,Neart na Gaoithe,nng,450,435
2026-09-29T17:00Z,Pembroke,pembroke,0,0
2026-09-29T17:00Z,Pen y Cymoedd,penycymoedd,195,0
2026-09-29T17:00Z,Race Bank,racebank,420,0
2026-09-29T17:00Z,Rampion,rampion,185,0
2026-09-29T17:00Z,Seagreen,seagreen,1045,930
2026-09-29T17:00Z,Sizewell B,sizewellb,1190,0
2026-09-29T17:00Z,Staythorpe,staythorpe,0,0
2026-09-29T17:00Z,Torness,torness,1290,0
2026-09-29T17:00Z,Triton Knoll,triton,555,0
2026-09-29T17:00Z,Viking Link,viking,425,0
2026-09-29T17:00Z,Walney 1 & 2,walney,340,0
2026-09-29T17:00Z,Walney Extension,walneyx,610,0
2026-09-29T17:00Z,West Burton B,westburton,0,0
2026-09-29T17:00Z,Whitelee,whitelee,350,210
2026-09-29T18:00Z,Beatrice,beatrice,560,500
2026-09-29T18:00Z,Burbo Bank Extension,burbo,225,0
2026-09-29T18:00Z,Carrington,carrington,400,0
2026-09-29T18:00Z,Clyde,clyde,470,0
2026-09-29T18:00Z,Cruachan,cruachan,240,0
2026-09-29T18:00Z,Dinorwig,dinorwig,150,0
2026-09-29T18:00Z,Dogger Bank A,doggerA,555,0
2026-09-29T18:00Z,Dogger Bank B,doggerB,485,0
2026-09-29T18:00Z,Drax,drax,1950,0
2026-09-29T18:00Z,East Anglia ONE,ea1,305,0
2026-09-29T18:00Z,Ffestiniog,ffestiniog,185,0
2026-09-29T18:00Z,Foyers,foyers,150,0
2026-09-29T18:00Z,Galloper,galloper,180,0
2026-09-29T18:00Z,Grain,grainpp,795,0
2026-09-29T18:00Z,Greater Gabbard,gabbard,125,0
2026-09-29T18:00Z,Gwynt y Môr,gym,495,0
2026-09-29T18:00Z,Hartlepool,hartlepool,580,0
2026-09-29T18:00Z,Heysham 1,heysham1,395,0
2026-09-29T18:00Z,Heysham 2,heysham2,545,0
2026-09-29T18:00Z,Hornsea One,hornsea1,565,0
2026-09-29T18:00Z,Hornsea Two,hornsea2,610,0
2026-09-29T18:00Z,Keadby 2,keadby2,0,0
2026-09-29T18:00Z,Moray East,morayeast,850,750
2026-09-29T18:00Z,Moray West,moraywest,785,455
2026-09-29T18:00Z,Neart na Gaoithe,nng,450,435
2026-09-29T18:00Z,Pembroke,pembroke,0,0
2026-09-29T18:00Z,Pen y Cymoedd,penycymoedd,200,0
2026-09-29T18:00Z,Race Bank,racebank,400,0
2026-09-29T18:00Z,Rampion,rampion,235,0
2026-09-29T18:00Z,Seagreen,seagreen,1050,935
2026-09-29T18:00Z,Sizewell B,sizewellb,1190,0
2026-09-29T18:00Z,Staythorpe,staythorpe,0,0
2026-09-29T18:00Z,Torness,torness,1290,0
2026-09-29T18:00Z,Triton Knoll,triton,600,0
2026-09-29T18:00Z,Viking Link,viking,430,0
2026-09-29T18:00Z,Walney 1 & 2,walney,340,0
2026-09-29T18:00Z,Walney Extension,walneyx,610,0
2026-09-29T18:00Z,West Burton B,westburton,0,0
2026-09-29T18:00Z,Whitelee,whitelee,380,225
2026-09-29T19:00Z,Beatrice,beatrice,560,500
2026-09-29T19:00Z,Burbo Bank Extension,burbo,220,0
2026-09-29T19:00Z,Carrington,carrington,400,0
2026-09-29T19:00Z,Clyde,clyde,465,0
2026-09-29T19:00Z,Cruachan,cruachan,240,0
2026-09-29T19:00Z,Dinorwig,dinorwig,0,0
2026-09-29T19:00Z,Dogger Bank A,doggerA,555,0
2026-09-29T19:00Z,Dogger Bank B,doggerB,460,0
2026-09-29T19:00Z,Drax,drax,1950,0
2026-09-29T19:00Z,East Anglia ONE,ea1,275,0
2026-09-29T19:00Z,Ffestiniog,ffestiniog,100,0
2026-09-29T19:00Z,Foyers,foyers,150,0
2026-09-29T19:00Z,Galloper,galloper,190,0
2026-09-29T19:00Z,Grain,grainpp,625,0
2026-09-29T19:00Z,Greater Gabbard,gabbard,155,0
2026-09-29T19:00Z,Gwynt y Môr,gym,475,0
2026-09-29T19:00Z,Hartlepool,hartlepool,580,0
2026-09-29T19:00Z,Heysham 1,heysham1,395,0
2026-09-29T19:00Z,Heysham 2,heysham2,545,0
2026-09-29T19:00Z,Hornsea One,hornsea1,655,0
2026-09-29T19:00Z,Hornsea Two,hornsea2,700,0
2026-09-29T19:00Z,Keadby 2,keadby2,0,0
2026-09-29T19:00Z,Moray East,morayeast,850,750
2026-09-29T19:00Z,Moray West,moraywest,815,430
2026-09-29T19:00Z,Neart na Gaoithe,nng,450,435
2026-09-29T19:00Z,Pembroke,pembroke,0,0
2026-09-29T19:00Z,Pen y Cymoedd,penycymoedd,195,0
2026-09-29T19:00Z,Race Bank,racebank,360,0
2026-09-29T19:00Z,Rampion,rampion,285,0
2026-09-29T19:00Z,Seagreen,seagreen,1050,935
2026-09-29T19:00Z,Sizewell B,sizewellb,1190,0
2026-09-29T19:00Z,Staythorpe,staythorpe,0,0
2026-09-29T19:00Z,Torness,torness,1290,0
2026-09-29T19:00Z,Triton Knoll,triton,605,0
2026-09-29T19:00Z,Viking Link,viking,435,0
2026-09-29T19:00Z,Walney 1 & 2,walney,340,0
2026-09-29T19:00Z,Walney Extension,walneyx,610,0
2026-09-29T19:00Z,West Burton B,westburton,0,0
2026-09-29T19:00Z,Whitelee,whitelee,345,230
2026-09-29T20:00Z,Beatrice,beatrice,560,500
2026-09-29T20:00Z,Burbo Bank Extension,burbo,225,0
2026-09-29T20:00Z,Carrington,carrington,400,0
2026-09-29T20:00Z,Clyde,clyde,460,0
2026-09-29T20:00Z,Cruachan,cruachan,240,0
2026-09-29T20:00Z,Dinorwig,dinorwig,0,0
2026-09-29T20:00Z,Dogger Bank A,doggerA,555,0
2026-09-29T20:00Z,Dogger Bank B,doggerB,460,0
2026-09-29T20:00Z,Drax,drax,1950,0
2026-09-29T20:00Z,East Anglia ONE,ea1,290,0
2026-09-29T20:00Z,Ffestiniog,ffestiniog,0,0
2026-09-29T20:00Z,Foyers,foyers,150,0
2026-09-29T20:00Z,Galloper,galloper,200,0
2026-09-29T20:00Z,Grain,grainpp,0,0
2026-09-29T20:00Z,Greater Gabbard,gabbard,180,0
2026-09-29T20:00Z,Gwynt y Môr,gym,480,0
2026-09-29T20:00Z,Hartlepool,hartlepool,580,0
2026-09-29T20:00Z,Heysham 1,heysham1,395,0
2026-09-29T20:00Z,Heysham 2,heysham2,545,0
2026-09-29T20:00Z,Hornsea One,hornsea1,685,0
2026-09-29T20:00Z,Hornsea Two,hornsea2,740,0
2026-09-29T20:00Z,Keadby 2,keadby2,0,0
2026-09-29T20:00Z,Moray East,morayeast,850,750
2026-09-29T20:00Z,Moray West,moraywest,840,445
2026-09-29T20:00Z,Neart na Gaoithe,nng,450,435
2026-09-29T20:00Z,Pembroke,pembroke,0,0
2026-09-29T20:00Z,Pen y Cymoedd,penycymoedd,195,0
2026-09-29T20:00Z,Race Bank,racebank,305,0
2026-09-29T20:00Z,Rampion,rampion,310,0
2026-09-29T20:00Z,Seagreen,seagreen,1050,935
2026-09-29T20:00Z,Sizewell B,sizewellb,1190,0
2026-09-29T20:00Z,Staythorpe,staythorpe,0,0
2026-09-29T20:00Z,Torness,torness,1290,0
2026-09-29T20:00Z,Triton Knoll,triton,580,0
2026-09-29T20:00Z,Viking Link,viking,435,0
2026-09-29T20:00Z,Walney 1 & 2,walney,340,0
2026-09-29T20:00Z,Walney Extension,walneyx,610,0
2026-09-29T20:00Z,West Burton B,westburton,0,0
2026-09-29T20:00Z,Whitelee,whitelee,285,185
2026-09-29T21:00Z,Beatrice,beatrice,560,370
2026-09-29T21:00Z,Burbo Bank Extension,burbo,230,0
2026-09-29T21:00Z,Carrington,carrington,260,0
2026-09-29T21:00Z,Clyde,clyde,450,0
2026-09-29T21:00Z,Cruachan,cruachan,240,0
2026-09-29T21:00Z,Dinorwig,dinorwig,0,0
2026-09-29T21:00Z,Dogger Bank A,doggerA,555,0
2026-09-29T21:00Z,Dogger Bank B,doggerB,230,0
2026-09-29T21:00Z,Drax,drax,1535,0
2026-09-29T21:00Z,East Anglia ONE,ea1,345,0
2026-09-29T21:00Z,Ffestiniog,ffestiniog,0,0
2026-09-29T21:00Z,Foyers,foyers,150,0
2026-09-29T21:00Z,Galloper,galloper,220,0
2026-09-29T21:00Z,Grain,grainpp,0,0
2026-09-29T21:00Z,Greater Gabbard,gabbard,200,0
2026-09-29T21:00Z,Gwynt y Môr,gym,490,0
2026-09-29T21:00Z,Hartlepool,hartlepool,580,0
2026-09-29T21:00Z,Heysham 1,heysham1,395,0
2026-09-29T21:00Z,Heysham 2,heysham2,545,0
2026-09-29T21:00Z,Hornsea One,hornsea1,760,0
2026-09-29T21:00Z,Hornsea Two,hornsea2,785,0
2026-09-29T21:00Z,Keadby 2,keadby2,0,0
2026-09-29T21:00Z,Moray East,morayeast,845,750
2026-09-29T21:00Z,Moray West,moraywest,840,555
2026-09-29T21:00Z,Neart na Gaoithe,nng,450,435
2026-09-29T21:00Z,Pembroke,pembroke,0,0
2026-09-29T21:00Z,Pen y Cymoedd,penycymoedd,185,0
2026-09-29T21:00Z,Race Bank,racebank,320,0
2026-09-29T21:00Z,Rampion,rampion,340,0
2026-09-29T21:00Z,Seagreen,seagreen,1050,935
2026-09-29T21:00Z,Sizewell B,sizewellb,1190,0
2026-09-29T21:00Z,Staythorpe,staythorpe,0,0
2026-09-29T21:00Z,Torness,torness,1290,0
2026-09-29T21:00Z,Triton Knoll,triton,540,0
2026-09-29T21:00Z,Viking Link,viking,440,0
2026-09-29T21:00Z,Walney 1 & 2,walney,335,0
2026-09-29T21:00Z,Walney Extension,walneyx,610,0
2026-09-29T21:00Z,West Burton B,westburton,0,0
2026-09-29T21:00Z,Whitelee,whitelee,305,195
2026-09-29T22:00Z,Beatrice,beatrice,560,145
2026-09-29T22:00Z,Burbo Bank Extension,burbo,230,0
2026-09-29T22:00Z,Carrington,carrington,0,0
2026-09-29T22:00Z,Clyde,clyde,450,0
2026-09-29T22:00Z,Cruachan,cruachan,240,0
2026-09-29T22:00Z,Dinorwig,dinorwig,0,0
2026-09-29T22:00Z,Dogger Bank A,doggerA,555,0
2026-09-29T22:00Z,Dogger Bank B,doggerB,0,0
2026-09-29T22:00Z,Drax,drax,660,0
2026-09-29T22:00Z,East Anglia ONE,ea1,395,0
2026-09-29T22:00Z,Ffestiniog,ffestiniog,0,0
2026-09-29T22:00Z,Foyers,foyers,0,0
2026-09-29T22:00Z,Galloper,galloper,250,0
2026-09-29T22:00Z,Grain,grainpp,0,0
2026-09-29T22:00Z,Greater Gabbard,gabbard,225,0
2026-09-29T22:00Z,Gwynt y Môr,gym,505,0
2026-09-29T22:00Z,Hartlepool,hartlepool,580,0
2026-09-29T22:00Z,Heysham 1,heysham1,395,0
2026-09-29T22:00Z,Heysham 2,heysham2,545,0
2026-09-29T22:00Z,Hornsea One,hornsea1,920,0
2026-09-29T22:00Z,Hornsea Two,hornsea2,975,0
2026-09-29T22:00Z,Keadby 2,keadby2,0,0
2026-09-29T22:00Z,Moray East,morayeast,845,750
2026-09-29T22:00Z,Moray West,moraywest,835,795
2026-09-29T22:00Z,Neart na Gaoithe,nng,450,420
2026-09-29T22:00Z,Pembroke,pembroke,0,0
2026-09-29T22:00Z,Pen y Cymoedd,penycymoedd,195,0
2026-09-29T22:00Z,Race Bank,racebank,330,0
2026-09-29T22:00Z,Rampion,rampion,355,0
2026-09-29T22:00Z,Seagreen,seagreen,1050,935
2026-09-29T22:00Z,Sizewell B,sizewellb,1190,0
2026-09-29T22:00Z,Staythorpe,staythorpe,0,0
2026-09-29T22:00Z,Torness,torness,1290,0
2026-09-29T22:00Z,Triton Knoll,triton,535,0
2026-09-29T22:00Z,Viking Link,viking,440,0
2026-09-29T22:00Z,Walney 1 & 2,walney,330,0
2026-09-29T22:00Z,Walney Extension,walneyx,610,0
2026-09-29T22:00Z,West Burton B,westburton,0,0
2026-09-29T22:00Z,Whitelee,whitelee,275,175
2026-09-29T23:00Z,Beatrice,beatrice,560,90
2026-09-29T23:00Z,Burbo Bank Extension,burbo,230,0
2026-09-29T23:00Z,Carrington,carrington,0,0
2026-09-29T23:00Z,Clyde,clyde,450,0
2026-09-29T23:00Z,Cruachan,cruachan,240,0
2026-09-29T23:00Z,Didcot B,didcot,0,0
2026-09-29T23:00Z,Dogger Bank A,doggerA,560,0
2026-09-29T23:00Z,Drax,drax,660,0
2026-09-29T23:00Z,East Anglia ONE,ea1,385,0
2026-09-29T23:00Z,Ffestiniog,ffestiniog,0,0
2026-09-29T23:00Z,Foyers,foyers,0,0
2026-09-29T23:00Z,Galloper,galloper,270,0
2026-09-29T23:00Z,Greater Gabbard,gabbard,275,0
2026-09-29T23:00Z,Gwynt y Môr,gym,510,0
2026-09-29T23:00Z,Hartlepool,hartlepool,580,0
2026-09-29T23:00Z,Heysham 1,heysham1,395,0
2026-09-29T23:00Z,Heysham 2,heysham2,545,0
2026-09-29T23:00Z,Hornsea One,hornsea1,1045,0
2026-09-29T23:00Z,Hornsea Two,hornsea2,1060,0
2026-09-29T23:00Z,Keadby 2,keadby2,0,0
2026-09-29T23:00Z,Moray East,morayeast,845,745
2026-09-29T23:00Z,Moray West,moraywest,835,795
2026-09-29T23:00Z,Neart na Gaoithe,nng,450,200
2026-09-29T23:00Z,Pembroke,pembroke,0,0
2026-09-29T23:00Z,Pen y Cymoedd,penycymoedd,200,0
2026-09-29T23:00Z,Peterhead,peterhead,0,0
2026-09-29T23:00Z,Race Bank,racebank,360,0
2026-09-29T23:00Z,Rampion,rampion,375,0
2026-09-29T23:00Z,Seagreen,seagreen,1050,935
2026-09-29T23:00Z,Sizewell B,sizewellb,1190,0
2026-09-29T23:00Z,Staythorpe,staythorpe,0,0
2026-09-29T23:00Z,Torness,torness,1290,0
2026-09-29T23:00Z,Triton Knoll,triton,585,0
2026-09-29T23:00Z,Viking Link,viking,440,0
2026-09-29T23:00Z,Walney 1 & 2,walney,330,0
2026-09-29T23:00Z,Walney Extension,walneyx,610,0
2026-09-29T23:00Z,West Burton B,westburton,0,0
2026-09-29T23:00Z,Whitelee,whitelee,270,110
2026-09-30T00:00Z,Beatrice,beatrice,560,75
2026-09-30T00:00Z,Burbo Bank Extension,burbo,230,0
2026-09-30T00:00Z,Carrington,carrington,0,0
2026-09-30T00:00Z,Clyde,clyde,445,0
2026-09-30T00:00Z,Cruachan,cruachan,240,0
2026-09-30T00:00Z,Didcot B,didcot,0,0
2026-09-30T00:00Z,Dogger Bank A,doggerA,560,0
2026-09-30T00:00Z,Drax,drax,660,0
2026-09-30T00:00Z,East Anglia ONE,ea1,385,0
2026-09-30T00:00Z,Ffestiniog,ffestiniog,0,0
2026-09-30T00:00Z,Foyers,foyers,0,0
2026-09-30T00:00Z,Galloper,galloper,285,0
2026-09-30T00:00Z,Greater Gabbard,gabbard,330,0
2026-09-30T00:00Z,Gwynt y Môr,gym,510,0
2026-09-30T00:00Z,Hartlepool,hartlepool,580,0
2026-09-30T00:00Z,Heysham 1,heysham1,395,0
2026-09-30T00:00Z,Heysham 2,heysham2,545,0
2026-09-30T00:00Z,Hornsea One,hornsea1,1090,0
2026-09-30T00:00Z,Hornsea Two,hornsea2,1125,0
2026-09-30T00:00Z,Keadby 2,keadby2,0,0
2026-09-30T00:00Z,Moray East,morayeast,845,745
2026-09-30T00:00Z,Moray West,moraywest,835,795
2026-09-30T00:00Z,Neart na Gaoithe,nng,450,125
2026-09-30T00:00Z,Pembroke,pembroke,0,0
2026-09-30T00:00Z,Pen y Cymoedd,penycymoedd,205,0
2026-09-30T00:00Z,Peterhead,peterhead,0,0
2026-09-30T00:00Z,Race Bank,racebank,385,0
2026-09-30T00:00Z,Rampion,rampion,375,0
2026-09-30T00:00Z,Seagreen,seagreen,1050,935
2026-09-30T00:00Z,Sizewell B,sizewellb,1190,0
2026-09-30T00:00Z,Staythorpe,staythorpe,0,0
2026-09-30T00:00Z,Torness,torness,1290,0
2026-09-30T00:00Z,Triton Knoll,triton,670,0
2026-09-30T00:00Z,Viking Link,viking,440,0
2026-09-30T00:00Z,Walney 1 & 2,walney,330,0
2026-09-30T00:00Z,Walney Extension,walneyx,610,0
2026-09-30T00:00Z,West Burton B,westburton,0,0
2026-09-30T00:00Z,Whitelee,whitelee,245,0
2026-09-30T01:00Z,Beatrice,beatrice,560,0
2026-09-30T01:00Z,Burbo Bank Extension,burbo,230,0
2026-09-30T01:00Z,Carrington,carrington,0,0
2026-09-30T01:00Z,Clyde,clyde,445,0
2026-09-30T01:00Z,Cruachan,cruachan,240,0
2026-09-30T01:00Z,Didcot B,didcot,0,0
2026-09-30T01:00Z,Dogger Bank A,doggerA,560,0
2026-09-30T01:00Z,Drax,drax,660,0
2026-09-30T01:00Z,East Anglia ONE,ea1,540,0
2026-09-30T01:00Z,Ffestiniog,ffestiniog,0,0
2026-09-30T01:00Z,Foyers,foyers,0,0
2026-09-30T01:00Z,Galloper,galloper,295,0
2026-09-30T01:00Z,Greater Gabbard,gabbard,360,0
2026-09-30T01:00Z,Gwynt y Môr,gym,505,0
2026-09-30T01:00Z,Hartlepool,hartlepool,580,0
2026-09-30T01:00Z,Heysham 1,heysham1,395,0
2026-09-30T01:00Z,Heysham 2,heysham2,545,0
2026-09-30T01:00Z,Hornsea One,hornsea1,1175,0
2026-09-30T01:00Z,Hornsea Two,hornsea2,1250,0
2026-09-30T01:00Z,Keadby 2,keadby2,0,0
2026-09-30T01:00Z,Moray East,morayeast,845,745
2026-09-30T01:00Z,Moray West,moraywest,835,795
2026-09-30T01:00Z,Neart na Gaoithe,nng,440,145
2026-09-30T01:00Z,Pembroke,pembroke,0,0
2026-09-30T01:00Z,Pen y Cymoedd,penycymoedd,205,0
2026-09-30T01:00Z,Peterhead,peterhead,0,0
2026-09-30T01:00Z,Race Bank,racebank,450,0
2026-09-30T01:00Z,Rampion,rampion,380,0
2026-09-30T01:00Z,Seagreen,seagreen,1050,935
2026-09-30T01:00Z,Sizewell B,sizewellb,1190,0
2026-09-30T01:00Z,Staythorpe,staythorpe,0,0
2026-09-30T01:00Z,Torness,torness,1290,0
2026-09-30T01:00Z,Triton Knoll,triton,725,0
2026-09-30T01:00Z,Viking Link,viking,440,0
2026-09-30T01:00Z,Walney 1 & 2,walney,330,0
2026-09-30T01:00Z,Walney Extension,walneyx,615,0
2026-09-30T01:00Z,West Burton B,westburton,0,0
2026-09-30T01:00Z,Whitelee,whitelee,280,0
2026-09-30T02:00Z,Beatrice,beatrice,560,0
2026-09-30T02:00Z,Burbo Bank Extension,burbo,230,0
2026-09-30T02:00Z,Carrington,carrington,0,0
2026-09-30T02:00Z,Clyde,clyde,450,0
2026-09-30T02:00Z,Cruachan,cruachan,240,0
2026-09-30T02:00Z,Didcot B,didcot,0,0
2026-09-30T02:00Z,Dogger Bank A,doggerA,565,0
2026-09-30T02:00Z,Drax,drax,660,0
2026-09-30T02:00Z,East Anglia ONE,ea1,640,0
2026-09-30T02:00Z,Ffestiniog,ffestiniog,0,0
2026-09-30T02:00Z,Foyers,foyers,0,0
2026-09-30T02:00Z,Galloper,galloper,295,0
2026-09-30T02:00Z,Greater Gabbard,gabbard,385,0
2026-09-30T02:00Z,Gwynt y Môr,gym,490,0
2026-09-30T02:00Z,Hartlepool,hartlepool,580,0
2026-09-30T02:00Z,Heysham 1,heysham1,395,0
2026-09-30T02:00Z,Heysham 2,heysham2,545,0
2026-09-30T02:00Z,Hornsea One,hornsea1,1185,0
2026-09-30T02:00Z,Hornsea Two,hornsea2,1275,0
2026-09-30T02:00Z,Keadby 2,keadby2,0,0
2026-09-30T02:00Z,Moray East,morayeast,845,745
2026-09-30T02:00Z,Moray West,moraywest,835,795
2026-09-30T02:00Z,Neart na Gaoithe,nng,440,140
2026-09-30T02:00Z,Pembroke,pembroke,0,0
2026-09-30T02:00Z,Pen y Cymoedd,penycymoedd,200,0
2026-09-30T02:00Z,Peterhead,peterhead,0,0
2026-09-30T02:00Z,Race Bank,racebank,500,0
2026-09-30T02:00Z,Rampion,rampion,375,0
2026-09-30T02:00Z,Seagreen,seagreen,1050,940
2026-09-30T02:00Z,Sizewell B,sizewellb,1190,0
2026-09-30T02:00Z,Staythorpe,staythorpe,0,0
2026-09-30T02:00Z,Torness,torness,1290,0
2026-09-30T02:00Z,Triton Knoll,triton,750,0
2026-09-30T02:00Z,Viking Link,viking,440,0
2026-09-30T02:00Z,Walney 1 & 2,walney,330,0
2026-09-30T02:00Z,Walney Extension,walneyx,610,0
2026-09-30T02:00Z,West Burton B,westburton,0,0
2026-09-30T02:00Z,Whitelee,whitelee,310,0
2026-09-30T03:00Z,Beatrice,beatrice,560,0
2026-09-30T03:00Z,Burbo Bank Extension,burbo,225,0
2026-09-30T03:00Z,Carrington,carrington,0,0
2026-09-30T03:00Z,Clyde,clyde,465,0
2026-09-30T03:00Z,Cruachan,cruachan,240,0
2026-09-30T03:00Z,Didcot B,didcot,0,0
2026-09-30T03:00Z,Dogger Bank A,doggerA,565,0
2026-09-30T03:00Z,Drax,drax,660,0
2026-09-30T03:00Z,East Anglia ONE,ea1,590,0
2026-09-30T03:00Z,Ffestiniog,ffestiniog,0,0
2026-09-30T03:00Z,Foyers,foyers,0,0
2026-09-30T03:00Z,Galloper,galloper,295,0
2026-09-30T03:00Z,Greater Gabbard,gabbard,410,0
2026-09-30T03:00Z,Gwynt y Môr,gym,385,0
2026-09-30T03:00Z,Hartlepool,hartlepool,580,0
2026-09-30T03:00Z,Heysham 1,heysham1,395,0
2026-09-30T03:00Z,Heysham 2,heysham2,545,0
2026-09-30T03:00Z,Hornsea One,hornsea1,1190,0
2026-09-30T03:00Z,Hornsea Two,hornsea2,1275,0
2026-09-30T03:00Z,Keadby 2,keadby2,0,0
2026-09-30T03:00Z,Moray East,morayeast,845,745
2026-09-30T03:00Z,Moray West,moraywest,835,795
2026-09-30T03:00Z,Neart na Gaoithe,nng,435,215
2026-09-30T03:00Z,Pembroke,pembroke,0,0
2026-09-30T03:00Z,Pen y Cymoedd,penycymoedd,160,0
2026-09-30T03:00Z,Peterhead,peterhead,0,0
2026-09-30T03:00Z,Race Bank,racebank,530,0
2026-09-30T03:00Z,Rampion,rampion,370,0
2026-09-30T03:00Z,Seagreen,seagreen,1050,940
2026-09-30T03:00Z,Sizewell B,sizewellb,1190,0
2026-09-30T03:00Z,Staythorpe,staythorpe,0,0
2026-09-30T03:00Z,Torness,torness,1290,0
2026-09-30T03:00Z,Triton Knoll,triton,770,0
2026-09-30T03:00Z,Viking Link,viking,440,0
2026-09-30T03:00Z,Walney 1 & 2,walney,320,0
2026-09-30T03:00Z,Walney Extension,walneyx,595,0
2026-09-30T03:00Z,West Burton B,westburton,0,0
2026-09-30T03:00Z,Whitelee,whitelee,305,0
2026-09-30T04:00Z,Beatrice,beatrice,560,0
2026-09-30T04:00Z,Burbo Bank Extension,burbo,185,0
2026-09-30T04:00Z,Carrington,carrington,0,0
2026-09-30T04:00Z,Clyde,clyde,465,0
2026-09-30T04:00Z,Cruachan,cruachan,240,0
2026-09-30T04:00Z,Didcot B,didcot,0,0
2026-09-30T04:00Z,Dogger Bank A,doggerA,570,0
2026-09-30T04:00Z,Drax,drax,660,0
2026-09-30T04:00Z,East Anglia ONE,ea1,545,0
2026-09-30T04:00Z,Ffestiniog,ffestiniog,0,0
2026-09-30T04:00Z,Foyers,foyers,0,0
2026-09-30T04:00Z,Galloper,galloper,295,0
2026-09-30T04:00Z,Greater Gabbard,gabbard,405,0
2026-09-30T04:00Z,Gwynt y Môr,gym,235,0
2026-09-30T04:00Z,Hartlepool,hartlepool,580,0
2026-09-30T04:00Z,Heysham 1,heysham1,395,0
2026-09-30T04:00Z,Heysham 2,heysham2,545,0
2026-09-30T04:00Z,Hornsea One,hornsea1,1195,0
2026-09-30T04:00Z,Hornsea Two,hornsea2,1290,0
2026-09-30T04:00Z,Keadby 2,keadby2,0,0
2026-09-30T04:00Z,Moray East,morayeast,845,745
2026-09-30T04:00Z,Moray West,moraywest,835,795
2026-09-30T04:00Z,Neart na Gaoithe,nng,440,240
2026-09-30T04:00Z,Pembroke,pembroke,0,0
2026-09-30T04:00Z,Pen y Cymoedd,penycymoedd,100,0
2026-09-30T04:00Z,Peterhead,peterhead,0,0
2026-09-30T04:00Z,Race Bank,racebank,525,0
2026-09-30T04:00Z,Rampion,rampion,380,0
2026-09-30T04:00Z,Seagreen,seagreen,1050,940
2026-09-30T04:00Z,Sizewell B,sizewellb,1190,0
2026-09-30T04:00Z,Staythorpe,staythorpe,0,0
2026-09-30T04:00Z,Torness,torness,1290,0
2026-09-30T04:00Z,Triton Knoll,triton,780,0
2026-09-30T04:00Z,Viking Link,viking,440,0
2026-09-30T04:00Z,Walney 1 & 2,walney,270,0
2026-09-30T04:00Z,Walney Extension,walneyx,520,0
2026-09-30T04:00Z,West Burton B,westburton,0,0
2026-09-30T04:00Z,Whitelee,whitelee,310,70
2026-09-30T05:00Z,Beatrice,beatrice,560,0
2026-09-30T05:00Z,Burbo Bank Extension,burbo,105,0
2026-09-30T05:00Z,Carrington,carrington,0,0
2026-09-30T05:00Z,Clyde,clyde,460,0
2026-09-30T05:00Z,Cruachan,cruachan,240,0
2026-09-30T05:00Z,Didcot B,didcot,0,0
2026-09-30T05:00Z,Dogger Bank A,doggerA,570,0
2026-09-30T05:00Z,Drax,drax,660,0
2026-09-30T05:00Z,East Anglia ONE,ea1,490,0
2026-09-30T05:00Z,Ffestiniog,ffestiniog,125,0
2026-09-30T05:00Z,Foyers,foyers,75,0
2026-09-30T05:00Z,Galloper,galloper,295,0
2026-09-30T05:00Z,Greater Gabbard,gabbard,415,0
2026-09-30T05:00Z,Gwynt y Môr,gym,150,0
2026-09-30T05:00Z,Hartlepool,hartlepool,580,0
2026-09-30T05:00Z,Heysham 1,heysham1,395,0
2026-09-30T05:00Z,Heysham 2,heysham2,545,0
2026-09-30T05:00Z,Hornsea One,hornsea1,1185,0
2026-09-30T05:00Z,Hornsea Two,hornsea2,1285,0
2026-09-30T05:00Z,Keadby 2,keadby2,0,0
2026-09-30T05:00Z,Moray East,morayeast,850,750
2026-09-30T05:00Z,Moray West,moraywest,835,795
2026-09-30T05:00Z,Neart na Gaoithe,nng,435,325
2026-09-30T05:00Z,Pembroke,pembroke,0,0
2026-09-30T05:00Z,Pen y Cymoedd,penycymoedd,80,0
2026-09-30T05:00Z,Peterhead,peterhead,0,0
2026-09-30T05:00Z,Race Bank,racebank,515,0
2026-09-30T05:00Z,Rampion,rampion,380,0
2026-09-30T05:00Z,Seagreen,seagreen,1055,940
2026-09-30T05:00Z,Sizewell B,sizewellb,1190,0
2026-09-30T05:00Z,Staythorpe,staythorpe,0,0
2026-09-30T05:00Z,Torness,torness,1290,0
2026-09-30T05:00Z,Triton Knoll,triton,780,0
2026-09-30T05:00Z,Viking Link,viking,440,0
2026-09-30T05:00Z,Walney 1 & 2,walney,175,0
2026-09-30T05:00Z,Walney Extension,walneyx,420,0
2026-09-30T05:00Z,West Burton B,westburton,0,0
2026-09-30T05:00Z,Whitelee,whitelee,260,90
2026-09-30T06:00Z,Beatrice,beatrice,560,135
2026-09-30T06:00Z,Burbo Bank Extension,burbo,55,0
2026-09-30T06:00Z,Carrington,carrington,0,0
2026-09-30T06:00Z,Clyde,clyde,445,0
2026-09-30T06:00Z,Cruachan,cruachan,240,0
2026-09-30T06:00Z,Didcot B,didcot,0,0
2026-09-30T06:00Z,Dogger Bank A,doggerA,570,0
2026-09-30T06:00Z,Drax,drax,660,0
2026-09-30T06:00Z,East Anglia ONE,ea1,505,0
2026-09-30T06:00Z,Ffestiniog,ffestiniog,270,0
2026-09-30T06:00Z,Foyers,foyers,150,0
2026-09-30T06:00Z,Galloper,galloper,290,0
2026-09-30T06:00Z,Greater Gabbard,gabbard,420,0
2026-09-30T06:00Z,Gwynt y Môr,gym,125,0
2026-09-30T06:00Z,Hartlepool,hartlepool,580,0
2026-09-30T06:00Z,Heysham 1,heysham1,395,0
2026-09-30T06:00Z,Heysham 2,heysham2,545,0
2026-09-30T06:00Z,Hornsea One,hornsea1,1180,0
2026-09-30T06:00Z,Hornsea Two,hornsea2,1270,0
2026-09-30T06:00Z,Keadby 2,keadby2,0,0
2026-09-30T06:00Z,Moray East,morayeast,850,750
2026-09-30T06:00Z,Moray West,moraywest,840,795
2026-09-30T06:00Z,Neart na Gaoithe,nng,440,340
2026-09-30T06:00Z,Pembroke,pembroke,0,0
2026-09-30T06:00Z,Pen y Cymoedd,penycymoedd,110,0
2026-09-30T06:00Z,Peterhead,peterhead,0,0
2026-09-30T06:00Z,Race Bank,racebank,510,0
2026-09-30T06:00Z,Rampion,rampion,380,0
2026-09-30T06:00Z,Seagreen,seagreen,1055,915
2026-09-30T06:00Z,Sizewell B,sizewellb,1190,0
2026-09-30T06:00Z,Staythorpe,staythorpe,0,0
2026-09-30T06:00Z,Torness,torness,1290,0
2026-09-30T06:00Z,Triton Knoll,triton,750,0
2026-09-30T06:00Z,Viking Link,viking,440,0
2026-09-30T06:00Z,Walney 1 & 2,walney,125,0
2026-09-30T06:00Z,Walney Extension,walneyx,410,0
2026-09-30T06:00Z,West Burton B,westburton,0,0
2026-09-30T06:00Z,Whitelee,whitelee,190,65
2026-09-30T07:00Z,Beatrice,beatrice,560,440
2026-09-30T07:00Z,Burbo Bank Extension,burbo,55,0
2026-09-30T07:00Z,Carrington,carrington,0,0
2026-09-30T07:00Z,Clyde,clyde,385,0
2026-09-30T07:00Z,Cruachan,cruachan,240,0
2026-09-30T07:00Z,Didcot B,didcot,0,0
2026-09-30T07:00Z,Dogger Bank A,doggerA,570,0
2026-09-30T07:00Z,Drax,drax,660,0
2026-09-30T07:00Z,East Anglia ONE,ea1,580,0
2026-09-30T07:00Z,Ffestiniog,ffestiniog,270,0
2026-09-30T07:00Z,Foyers,foyers,150,0
2026-09-30T07:00Z,Galloper,galloper,290,0
2026-09-30T07:00Z,Greater Gabbard,gabbard,370,0
2026-09-30T07:00Z,Gwynt y Môr,gym,155,0
2026-09-30T07:00Z,Hartlepool,hartlepool,580,0
2026-09-30T07:00Z,Heysham 1,heysham1,395,0
2026-09-30T07:00Z,Heysham 2,heysham2,545,0
2026-09-30T07:00Z,Hornsea One,hornsea1,1170,0
2026-09-30T07:00Z,Hornsea Two,hornsea2,1260,0
2026-09-30T07:00Z,Keadby 2,keadby2,0,0
2026-09-30T07:00Z,Moray East,morayeast,850,790
2026-09-30T07:00Z,Moray West,moraywest,840,660
2026-09-30T07:00Z,Neart na Gaoithe,nng,430,320
2026-09-30T07:00Z,Pembroke,pembroke,0,0
2026-09-30T07:00Z,Pen y Cymoedd,penycymoedd,105,0
2026-09-30T07:00Z,Peterhead,peterhead,0,0
2026-09-30T07:00Z,Race Bank,racebank,505,0
2026-09-30T07:00Z,Rampion,rampion,370,0
2026-09-30T07:00Z,Seagreen,seagreen,1055,670
2026-09-30T07:00Z,Sizewell B,sizewellb,1190,0
2026-09-30T07:00Z,Staythorpe,staythorpe,0,0
2026-09-30T07:00Z,Torness,torness,1290,0
2026-09-30T07:00Z,Triton Knoll,triton,745,0
2026-09-30T07:00Z,Viking Link,viking,440,0
2026-09-30T07:00Z,Walney 1 & 2,walney,85,0
2026-09-30T07:00Z,Walney Extension,walneyx,340,0
2026-09-30T07:00Z,West Burton B,westburton,0,0
2026-09-30T07:00Z,Whitelee,whitelee,170,55
2026-09-30T08:00Z,Beatrice,beatrice,560,495
2026-09-30T08:00Z,Burbo Bank Extension,burbo,80,0
2026-09-30T08:00Z,Carrington,carrington,0,0
2026-09-30T08:00Z,Clyde,clyde,345,0
2026-09-30T08:00Z,Cruachan,cruachan,240,0
2026-09-30T08:00Z,Didcot B,didcot,0,0
2026-09-30T08:00Z,Dogger Bank A,doggerA,570,0
2026-09-30T08:00Z,Drax,drax,660,0
2026-09-30T08:00Z,East Anglia ONE,ea1,605,0
2026-09-30T08:00Z,Ffestiniog,ffestiniog,145,0
2026-09-30T08:00Z,Foyers,foyers,150,0
2026-09-30T08:00Z,Galloper,galloper,290,0
2026-09-30T08:00Z,Greater Gabbard,gabbard,360,0
2026-09-30T08:00Z,Gwynt y Môr,gym,205,0
2026-09-30T08:00Z,Hartlepool,hartlepool,580,0
2026-09-30T08:00Z,Heysham 1,heysham1,395,0
2026-09-30T08:00Z,Heysham 2,heysham2,545,0
2026-09-30T08:00Z,Hornsea One,hornsea1,1170,0
2026-09-30T08:00Z,Hornsea Two,hornsea2,1275,0
2026-09-30T08:00Z,Keadby 2,keadby2,0,0
2026-09-30T08:00Z,Moray East,morayeast,850,850
2026-09-30T08:00Z,Moray West,moraywest,840,415
2026-09-30T08:00Z,Neart na Gaoithe,nng,430,220
2026-09-30T08:00Z,Pembroke,pembroke,0,0
2026-09-30T08:00Z,Pen y Cymoedd,penycymoedd,115,0
2026-09-30T08:00Z,Peterhead,peterhead,0,0
2026-09-30T08:00Z,Race Bank,racebank,480,0
2026-09-30T08:00Z,Rampion,rampion,350,0
2026-09-30T08:00Z,Seagreen,seagreen,1015,715
2026-09-30T08:00Z,Sizewell B,sizewellb,1190,0
2026-09-30T08:00Z,Staythorpe,staythorpe,0,0
2026-09-30T08:00Z,Torness,torness,1290,0
2026-09-30T08:00Z,Triton Knoll,triton,770,0
2026-09-30T08:00Z,Viking Link,viking,440,0
2026-09-30T08:00Z,Walney 1 & 2,walney,100,0
2026-09-30T08:00Z,Walney Extension,walneyx,360,0
2026-09-30T08:00Z,West Burton B,westburton,0,0
2026-09-30T08:00Z,Whitelee,whitelee,120,15
2026-09-30T09:00Z,Beatrice,beatrice,560,225
2026-09-30T09:00Z,Burbo Bank Extension,burbo,90,0
2026-09-30T09:00Z,Carrington,carrington,0,0
2026-09-30T09:00Z,Clyde,clyde,330,0
2026-09-30T09:00Z,Cruachan,cruachan,240,0
2026-09-30T09:00Z,Didcot B,didcot,0,0
2026-09-30T09:00Z,Dogger Bank A,doggerA,570,0
2026-09-30T09:00Z,Drax,drax,660,0
2026-09-30T09:00Z,East Anglia ONE,ea1,500,0
2026-09-30T09:00Z,Ffestiniog,ffestiniog,0,0
2026-09-30T09:00Z,Foyers,foyers,150,0
2026-09-30T09:00Z,Galloper,galloper,280,0
2026-09-30T09:00Z,Greater Gabbard,gabbard,375,0
2026-09-30T09:00Z,Gwynt y Môr,gym,265,0
2026-09-30T09:00Z,Hartlepool,hartlepool,580,0
2026-09-30T09:00Z,Heysham 1,heysham1,395,0
2026-09-30T09:00Z,Heysham 2,heysham2,545,0
2026-09-30T09:00Z,Hornsea One,hornsea1,1095,0
2026-09-30T09:00Z,Hornsea Two,hornsea2,1190,0
2026-09-30T09:00Z,Keadby 2,keadby2,0,0
2026-09-30T09:00Z,Moray East,morayeast,850,850
2026-09-30T09:00Z,Moray West,moraywest,630,415
2026-09-30T09:00Z,Neart na Gaoithe,nng,345,185
2026-09-30T09:00Z,Pembroke,pembroke,0,0
2026-09-30T09:00Z,Pen y Cymoedd,penycymoedd,120,0
2026-09-30T09:00Z,Peterhead,peterhead,5,0
2026-09-30T09:00Z,Race Bank,racebank,470,0
2026-09-30T09:00Z,Rampion,rampion,250,0
2026-09-30T09:00Z,Seagreen,seagreen,1055,960
2026-09-30T09:00Z,Sizewell B,sizewellb,1190,0
2026-09-30T09:00Z,Staythorpe,staythorpe,0,0
2026-09-30T09:00Z,Torness,torness,1290,0
2026-09-30T09:00Z,Triton Knoll,triton,755,0
2026-09-30T09:00Z,Viking Link,viking,440,0
2026-09-30T09:00Z,Walney 1 & 2,walney,115,0
2026-09-30T09:00Z,Walney Extension,walneyx,375,0
2026-09-30T09:00Z,West Burton B,westburton,0,0
2026-09-30T09:00Z,Whitelee,whitelee,125,0
2026-09-30T10:00Z,Beatrice,beatrice,560,0
2026-09-30T10:00Z,Burbo Bank Extension,burbo,115,0
2026-09-30T10:00Z,Carrington,carrington,0,0
2026-09-30T10:00Z,Clyde,clyde,375,0
2026-09-30T10:00Z,Cruachan,cruachan,240,0
2026-09-30T10:00Z,Didcot B,didcot,0,0
2026-09-30T10:00Z,Dogger Bank A,doggerA,575,0
2026-09-30T10:00Z,Drax,drax,660,0
2026-09-30T10:00Z,East Anglia ONE,ea1,425,0
2026-09-30T10:00Z,Ffestiniog,ffestiniog,0,0
2026-09-30T10:00Z,Foyers,foyers,150,0
2026-09-30T10:00Z,Galloper,galloper,260,0
2026-09-30T10:00Z,Greater Gabbard,gabbard,350,0
2026-09-30T10:00Z,Gwynt y Môr,gym,335,0
2026-09-30T10:00Z,Hartlepool,hartlepool,580,0
2026-09-30T10:00Z,Heysham 1,heysham1,395,0
2026-09-30T10:00Z,Heysham 2,heysham2,545,0
2026-09-30T10:00Z,Hornsea One,hornsea1,1180,0
2026-09-30T10:00Z,Hornsea Two,hornsea2,1265,0
2026-09-30T10:00Z,Keadby 2,keadby2,0,0
2026-09-30T10:00Z,Moray East,morayeast,845,845
2026-09-30T10:00Z,Moray West,moraywest,500,415
2026-09-30T10:00Z,Neart na Gaoithe,nng,170,15
2026-09-30T10:00Z,Pembroke,pembroke,0,0
2026-09-30T10:00Z,Pen y Cymoedd,penycymoedd,120,0
2026-09-30T10:00Z,Peterhead,peterhead,60,0
2026-09-30T10:00Z,Race Bank,racebank,460,0
2026-09-30T10:00Z,Rampion,rampion,165,0
2026-09-30T10:00Z,Seagreen,seagreen,1030,1030
2026-09-30T10:00Z,Sizewell B,sizewellb,1190,0
2026-09-30T10:00Z,Staythorpe,staythorpe,0,0
2026-09-30T10:00Z,Torness,torness,1290,0
2026-09-30T10:00Z,Triton Knoll,triton,730,0
2026-09-30T10:00Z,Viking Link,viking,440,0
2026-09-30T10:00Z,Walney 1 & 2,walney,140,0
2026-09-30T10:00Z,Walney Extension,walneyx,405,0
2026-09-30T10:00Z,West Burton B,westburton,0,0
2026-09-30T10:00Z,Whitelee,whitelee,145,0
2026-09-30T11:00Z,Beatrice,beatrice,560,0
2026-09-30T11:00Z,Burbo Bank Extension,burbo,130,0
2026-09-30T11:00Z,Carrington,carrington,0,0
2026-09-30T11:00Z,Clyde,clyde,420,0
2026-09-30T11:00Z,Cruachan,cruachan,240,0
2026-09-30T11:00Z,Didcot B,didcot,0,0
2026-09-30T11:00Z,Dogger Bank A,doggerA,585,0
2026-09-30T11:00Z,Drax,drax,660,0
2026-09-30T11:00Z,East Anglia ONE,ea1,585,0
2026-09-30T11:00Z,Ffestiniog,ffestiniog,0,0
2026-09-30T11:00Z,Foyers,foyers,150,0
2026-09-30T11:00Z,Galloper,galloper,250,0
2026-09-30T11:00Z,Greater Gabbard,gabbard,335,0
2026-09-30T11:00Z,Gwynt y Môr,gym,390,0
2026-09-30T11:00Z,Hartlepool,hartlepool,580,0
2026-09-30T11:00Z,Heysham 1,heysham1,395,0
2026-09-30T11:00Z,Heysham 2,heysham2,545,0
2026-09-30T11:00Z,Hornsea One,hornsea1,1175,0
2026-09-30T11:00Z,Hornsea Two,hornsea2,1270,5
2026-09-30T11:00Z,Keadby 2,keadby2,0,0
2026-09-30T11:00Z,Moray East,morayeast,840,840
2026-09-30T11:00Z,Moray West,moraywest,450,410
2026-09-30T11:00Z,Neart na Gaoithe,nng,80,0
2026-09-30T11:00Z,Pembroke,pembroke,0,0
2026-09-30T11:00Z,Pen y Cymoedd,penycymoedd,130,0
2026-09-30T11:00Z,Peterhead,peterhead,135,0
2026-09-30T11:00Z,Race Bank,racebank,425,0
2026-09-30T11:00Z,Rampion,rampion,105,0
2026-09-30T11:00Z,Seagreen,seagreen,885,885
2026-09-30T11:00Z,Sizewell B,sizewellb,1190,0
2026-09-30T11:00Z,Staythorpe,staythorpe,0,0
2026-09-30T11:00Z,Torness,torness,1290,0
2026-09-30T11:00Z,Triton Knoll,triton,680,0
2026-09-30T11:00Z,Viking Link,viking,440,0
2026-09-30T11:00Z,Walney 1 & 2,walney,155,0
2026-09-30T11:00Z,Walney Extension,walneyx,460,0
2026-09-30T11:00Z,West Burton B,westburton,0,0
2026-09-30T11:00Z,Whitelee,whitelee,185,0
2026-09-30T12:00Z,Beatrice,beatrice,550,245
2026-09-30T12:00Z,Burbo Bank Extension,burbo,125,0
2026-09-30T12:00Z,Carrington,carrington,0,0
2026-09-30T12:00Z,Clyde,clyde,450,0
2026-09-30T12:00Z,Cruachan,cruachan,0,0
2026-09-30T12:00Z,Didcot B,didcot,0,0
2026-09-30T12:00Z,Dogger Bank A,doggerA,615,0
2026-09-30T12:00Z,Drax,drax,660,0
2026-09-30T12:00Z,East Anglia ONE,ea1,525,0
2026-09-30T12:00Z,Ffestiniog,ffestiniog,0,0
2026-09-30T12:00Z,Foyers,foyers,150,0
2026-09-30T12:00Z,Galloper,galloper,240,0
2026-09-30T12:00Z,Greater Gabbard,gabbard,330,0
2026-09-30T12:00Z,Gwynt y Môr,gym,395,0
2026-09-30T12:00Z,Hartlepool,hartlepool,580,0
2026-09-30T12:00Z,Heysham 1,heysham1,395,0
2026-09-30T12:00Z,Heysham 2,heysham2,545,0
2026-09-30T12:00Z,Hornsea One,hornsea1,1175,0
2026-09-30T12:00Z,Hornsea Two,hornsea2,1260,810
2026-09-30T12:00Z,Keadby 2,keadby2,0,0
2026-09-30T12:00Z,Moray East,morayeast,825,825
2026-09-30T12:00Z,Moray West,moraywest,395,395
2026-09-30T12:00Z,Neart na Gaoithe,nng,125,0
2026-09-30T12:00Z,Pembroke,pembroke,0,0
2026-09-30T12:00Z,Pen y Cymoedd,penycymoedd,130,0
2026-09-30T12:00Z,Peterhead,peterhead,205,0
2026-09-30T12:00Z,Race Bank,racebank,395,0
2026-09-30T12:00Z,Rampion,rampion,70,0
2026-09-30T12:00Z,Seagreen,seagreen,655,655
2026-09-30T12:00Z,Sizewell B,sizewellb,1190,0
2026-09-30T12:00Z,Staythorpe,staythorpe,0,0
2026-09-30T12:00Z,Torness,torness,1290,0
2026-09-30T12:00Z,Triton Knoll,triton,565,0
2026-09-30T12:00Z,Viking Link,viking,440,0
2026-09-30T12:00Z,Walney 1 & 2,walney,160,0
2026-09-30T12:00Z,Walney Extension,walneyx,500,0
2026-09-30T12:00Z,West Burton B,westburton,0,0
2026-09-30T12:00Z,Whitelee,whitelee,265,0
2026-09-30T13:00Z,Beatrice,beatrice,540,480
2026-09-30T13:00Z,Burbo Bank Extension,burbo,140,0
2026-09-30T13:00Z,Carrington,carrington,15,0
2026-09-30T13:00Z,Clyde,clyde,460,105
2026-09-30T13:00Z,Cruachan,cruachan,0,0
2026-09-30T13:00Z,Didcot B,didcot,0,0
2026-09-30T13:00Z,Dogger Bank A,doggerA,630,0
2026-09-30T13:00Z,Drax,drax,755,0
2026-09-30T13:00Z,East Anglia ONE,ea1,455,0
2026-09-30T13:00Z,Ffestiniog,ffestiniog,0,0
2026-09-30T13:00Z,Foyers,foyers,150,0
2026-09-30T13:00Z,Galloper,galloper,230,0
2026-09-30T13:00Z,Greater Gabbard,gabbard,320,0
2026-09-30T13:00Z,Gwynt y Môr,gym,355,0
2026-09-30T13:00Z,Hartlepool,hartlepool,580,0
2026-09-30T13:00Z,Heysham 1,heysham1,395,0
2026-09-30T13:00Z,Heysham 2,heysham2,545,0
2026-09-30T13:00Z,Hornsea One,hornsea1,1165,0
2026-09-30T13:00Z,Hornsea Two,hornsea2,1250,400
2026-09-30T13:00Z,Keadby 2,keadby2,5,0
2026-09-30T13:00Z,Moray East,morayeast,800,800
2026-09-30T13:00Z,Moray West,moraywest,320,280
2026-09-30T13:00Z,Neart na Gaoithe,nng,155,115
2026-09-30T13:00Z,Pembroke,pembroke,0,0
2026-09-30T13:00Z,Pen y Cymoedd,penycymoedd,125,0
2026-09-30T13:00Z,Peterhead,peterhead,360,0
2026-09-30T13:00Z,Race Bank,racebank,340,0
2026-09-30T13:00Z,Rampion,rampion,50,0
2026-09-30T13:00Z,Seagreen,seagreen,635,635
2026-09-30T13:00Z,Sizewell B,sizewellb,1190,0
2026-09-30T13:00Z,Staythorpe,staythorpe,0,0
2026-09-30T13:00Z,Torness,torness,1290,0
2026-09-30T13:00Z,Triton Knoll,triton,455,0
2026-09-30T13:00Z,Viking Link,viking,440,0
2026-09-30T13:00Z,Walney 1 & 2,walney,155,0
2026-09-30T13:00Z,Walney Extension,walneyx,515,0
2026-09-30T13:00Z,West Burton B,westburton,0,0
2026-09-30T13:00Z,Whitelee,whitelee,295,0
2026-09-30T14:00Z,Beatrice,beatrice,545,485
2026-09-30T14:00Z,Burbo Bank Extension,burbo,150,0
2026-09-30T14:00Z,Carrington,carrington,165,0
2026-09-30T14:00Z,Clyde,clyde,470,310
2026-09-30T14:00Z,Cruachan,cruachan,0,0
2026-09-30T14:00Z,Didcot B,didcot,90,0
2026-09-30T14:00Z,Dogger Bank A,doggerA,615,0
2026-09-30T14:00Z,Drax,drax,1610,0
2026-09-30T14:00Z,East Anglia ONE,ea1,345,0
2026-09-30T14:00Z,Ffestiniog,ffestiniog,0,0
2026-09-30T14:00Z,Foyers,foyers,0,0
2026-09-30T14:00Z,Galloper,galloper,205,0
2026-09-30T14:00Z,Greater Gabbard,gabbard,285,0
2026-09-30T14:00Z,Gwynt y Môr,gym,325,0
2026-09-30T14:00Z,Hartlepool,hartlepool,580,0
2026-09-30T14:00Z,Heysham 1,heysham1,395,0
2026-09-30T14:00Z,Heysham 2,heysham2,545,0
2026-09-30T14:00Z,Hornsea One,hornsea1,1160,0
2026-09-30T14:00Z,Hornsea Two,hornsea2,1255,570
2026-09-30T14:00Z,Keadby 2,keadby2,310,0
2026-09-30T14:00Z,Moray East,morayeast,825,825
2026-09-30T14:00Z,Moray West,moraywest,460,375
2026-09-30T14:00Z,Neart na Gaoithe,nng,225,215
2026-09-30T14:00Z,Pembroke,pembroke,0,0
2026-09-30T14:00Z,Pen y Cymoedd,penycymoedd,100,0
2026-09-30T14:00Z,Peterhead,peterhead,555,0
2026-09-30T14:00Z,Race Bank,racebank,280,0
2026-09-30T14:00Z,Rampion,rampion,40,0
2026-09-30T14:00Z,Seagreen,seagreen,620,620
2026-09-30T14:00Z,Sizewell B,sizewellb,1190,0
2026-09-30T14:00Z,Staythorpe,staythorpe,10,0
2026-09-30T14:00Z,Torness,torness,1290,0
2026-09-30T14:00Z,Triton Knoll,triton,355,0
2026-09-30T14:00Z,Viking Link,viking,440,0
2026-09-30T14:00Z,Walney 1 & 2,walney,155,0
2026-09-30T14:00Z,Walney Extension,walneyx,500,0
2026-09-30T14:00Z,West Burton B,westburton,30,0
2026-09-30T14:00Z,Whitelee,whitelee,330,120
2026-09-30T15:00Z,Beatrice,beatrice,555,495
2026-09-30T15:00Z,Burbo Bank Extension,burbo,135,0
2026-09-30T15:00Z,Carrington,carrington,230,0
2026-09-30T15:00Z,Clyde,clyde,475,315
2026-09-30T15:00Z,Cruachan,cruachan,0,0
2026-09-30T15:00Z,Didcot B,didcot,325,0
2026-09-30T15:00Z,Dogger Bank A,doggerA,590,0
2026-09-30T15:00Z,Drax,drax,1950,0
2026-09-30T15:00Z,East Anglia ONE,ea1,360,0
2026-09-30T15:00Z,Ffestiniog,ffestiniog,0,0
2026-09-30T15:00Z,Foyers,foyers,0,0
2026-09-30T15:00Z,Galloper,galloper,180,0
2026-09-30T15:00Z,Greater Gabbard,gabbard,265,0
2026-09-30T15:00Z,Gwynt y Môr,gym,280,0
2026-09-30T15:00Z,Hartlepool,hartlepool,580,0
2026-09-30T15:00Z,Heysham 1,heysham1,395,0
2026-09-30T15:00Z,Heysham 2,heysham2,545,0
2026-09-30T15:00Z,Hornsea One,hornsea1,1165,0
2026-09-30T15:00Z,Hornsea Two,hornsea2,1240,20
2026-09-30T15:00Z,Keadby 2,keadby2,755,0
2026-09-30T15:00Z,Moray East,morayeast,830,830
2026-09-30T15:00Z,Moray West,moraywest,620,405
2026-09-30T15:00Z,Neart na Gaoithe,nng,260,255
2026-09-30T15:00Z,Pembroke,pembroke,65,0
2026-09-30T15:00Z,Pen y Cymoedd,penycymoedd,95,0
2026-09-30T15:00Z,Peterhead,peterhead,825,0
2026-09-30T15:00Z,Race Bank,racebank,205,0
2026-09-30T15:00Z,Rampion,rampion,30,0
2026-09-30T15:00Z,Seagreen,seagreen,640,640
2026-09-30T15:00Z,Sizewell B,sizewellb,1190,0
2026-09-30T15:00Z,Staythorpe,staythorpe,265,0
2026-09-30T15:00Z,Torness,torness,1290,0
2026-09-30T15:00Z,Triton Knoll,triton,270,0
2026-09-30T15:00Z,Viking Link,viking,440,0
2026-09-30T15:00Z,Walney 1 & 2,walney,150,0
2026-09-30T15:00Z,Walney Extension,walneyx,505,0
2026-09-30T15:00Z,West Burton B,westburton,345,0
2026-09-30T15:00Z,Whitelee,whitelee,320,290
2026-09-30T16:00Z,Beatrice,beatrice,560,525
2026-09-30T16:00Z,Burbo Bank Extension,burbo,85,0
2026-09-30T16:00Z,Carrington,carrington,330,0
2026-09-30T16:00Z,Clyde,clyde,470,185
2026-09-30T16:00Z,Cruachan,cruachan,120,0
2026-09-30T16:00Z,Didcot B,didcot,675,0
2026-09-30T16:00Z,Dogger Bank A,doggerA,570,0
2026-09-30T16:00Z,Drax,drax,1950,0
2026-09-30T16:00Z,East Anglia ONE,ea1,405,0
2026-09-30T16:00Z,Ffestiniog,ffestiniog,0,0
2026-09-30T16:00Z,Foyers,foyers,150,0
2026-09-30T16:00Z,Galloper,galloper,170,0
2026-09-30T16:00Z,Greater Gabbard,gabbard,205,0
2026-09-30T16:00Z,Gwynt y Môr,gym,245,0
2026-09-30T16:00Z,Hartlepool,hartlepool,580,0
2026-09-30T16:00Z,Heysham 1,heysham1,395,0
2026-09-30T16:00Z,Heysham 2,heysham2,545,0
2026-09-30T16:00Z,Hornsea One,hornsea1,1155,0
2026-09-30T16:00Z,Hornsea Two,hornsea2,1195,0
2026-09-30T16:00Z,Keadby 2,keadby2,805,0
2026-09-30T16:00Z,Moray East,morayeast,840,840
2026-09-30T16:00Z,Moray West,moraywest,815,415
2026-09-30T16:00Z,Neart na Gaoithe,nng,240,230
2026-09-30T16:00Z,Pembroke,pembroke,575,0
2026-09-30T16:00Z,Pen y Cymoedd,penycymoedd,90,0
2026-09-30T16:00Z,Peterhead,peterhead,1145,0
2026-09-30T16:00Z,Race Bank,racebank,165,0
2026-09-30T16:00Z,Rampion,rampion,15,0
2026-09-30T16:00Z,Seagreen,seagreen,735,735
2026-09-30T16:00Z,Sizewell B,sizewellb,1190,0
2026-09-30T16:00Z,Staythorpe,staythorpe,1070,0
2026-09-30T16:00Z,Torness,torness,1290,0
2026-09-30T16:00Z,Triton Knoll,triton,205,0
2026-09-30T16:00Z,Viking Link,viking,440,0
2026-09-30T16:00Z,Walney 1 & 2,walney,190,0
2026-09-30T16:00Z,Walney Extension,walneyx,540,0
2026-09-30T16:00Z,West Burton B,westburton,1080,0
2026-09-30T16:00Z,Whitelee,whitelee,270,260
2026-09-30T17:00Z,Beatrice,beatrice,560,560
2026-09-30T17:00Z,Burbo Bank Extension,burbo,85,0
2026-09-30T17:00Z,Carrington,carrington,415,0
2026-09-30T17:00Z,Clyde,clyde,465,110
2026-09-30T17:00Z,Cruachan,cruachan,240,0
2026-09-30T17:00Z,Didcot B,didcot,680,0
2026-09-30T17:00Z,Dogger Bank A,doggerA,570,0
2026-09-30T17:00Z,Drax,drax,1950,0
2026-09-30T17:00Z,East Anglia ONE,ea1,420,0
2026-09-30T17:00Z,Ffestiniog,ffestiniog,125,0
2026-09-30T17:00Z,Foyers,foyers,150,0
2026-09-30T17:00Z,Galloper,galloper,140,0
2026-09-30T17:00Z,Greater Gabbard,gabbard,170,0
2026-09-30T17:00Z,Gwynt y Môr,gym,170,0
2026-09-30T17:00Z,Hartlepool,hartlepool,580,0
2026-09-30T17:00Z,Heysham 1,heysham1,395,0
2026-09-30T17:00Z,Heysham 2,heysham2,545,0
2026-09-30T17:00Z,Hornsea One,hornsea1,1150,0
2026-09-30T17:00Z,Hornsea Two,hornsea2,1180,0
2026-09-30T17:00Z,Keadby 2,keadby2,810,0
2026-09-30T17:00Z,Moray East,morayeast,845,845
2026-09-30T17:00Z,Moray West,moraywest,820,525
2026-09-30T17:00Z,Neart na Gaoithe,nng,210,205
2026-09-30T17:00Z,Pembroke,pembroke,845,0
2026-09-30T17:00Z,Pen y Cymoedd,penycymoedd,80,0
2026-09-30T17:00Z,Peterhead,peterhead,1145,0
2026-09-30T17:00Z,Race Bank,racebank,160,0
2026-09-30T17:00Z,Rampion,rampion,5,0
2026-09-30T17:00Z,Seagreen,seagreen,820,820
2026-09-30T17:00Z,Sizewell B,sizewellb,1190,0
2026-09-30T17:00Z,Staythorpe,staythorpe,1180,0
2026-09-30T17:00Z,Torness,torness,1290,0
2026-09-30T17:00Z,Triton Knoll,triton,160,0
2026-09-30T17:00Z,Viking Link,viking,440,0
2026-09-30T17:00Z,Walney 1 & 2,walney,155,0
2026-09-30T17:00Z,Walney Extension,walneyx,500,0
2026-09-30T17:00Z,West Burton B,westburton,1180,0
2026-09-30T17:00Z,Whitelee,whitelee,315,305
2026-09-30T18:00Z,Beatrice,beatrice,560,525
2026-09-30T18:00Z,Burbo Bank Extension,burbo,95,0
2026-09-30T18:00Z,Carrington,carrington,420,0
2026-09-30T18:00Z,Clyde,clyde,455,0
2026-09-30T18:00Z,Cruachan,cruachan,240,0
2026-09-30T18:00Z,Didcot B,didcot,690,0
2026-09-30T18:00Z,Dogger Bank A,doggerA,570,0
2026-09-30T18:00Z,Drax,drax,1950,0
2026-09-30T18:00Z,East Anglia ONE,ea1,375,0
2026-09-30T18:00Z,Ffestiniog,ffestiniog,180,0
2026-09-30T18:00Z,Foyers,foyers,150,0
2026-09-30T18:00Z,Galloper,galloper,110,0
2026-09-30T18:00Z,Greater Gabbard,gabbard,105,0
2026-09-30T18:00Z,Gwynt y Môr,gym,115,0
2026-09-30T18:00Z,Hartlepool,hartlepool,580,0
2026-09-30T18:00Z,Heysham 1,heysham1,395,0
2026-09-30T18:00Z,Heysham 2,heysham2,545,0
2026-09-30T18:00Z,Hornsea One,hornsea1,1130,0
2026-09-30T18:00Z,Hornsea Two,hornsea2,1120,0
2026-09-30T18:00Z,Keadby 2,keadby2,815,0
2026-09-30T18:00Z,Moray East,morayeast,845,845
2026-09-30T18:00Z,Moray West,moraywest,840,720
2026-09-30T18:00Z,Neart na Gaoithe,nng,175,170
2026-09-30T18:00Z,Pembroke,pembroke,850,0
2026-09-30T18:00Z,Pen y Cymoedd,penycymoedd,75,0
2026-09-30T18:00Z,Peterhead,peterhead,1145,0
2026-09-30T18:00Z,Race Bank,racebank,170,0
2026-09-30T18:00Z,Rampion,rampion,15,0
2026-09-30T18:00Z,Seagreen,seagreen,865,865
2026-09-30T18:00Z,Sizewell B,sizewellb,1190,0
2026-09-30T18:00Z,Staythorpe,staythorpe,1190,0
2026-09-30T18:00Z,Torness,torness,1290,0
2026-09-30T18:00Z,Triton Knoll,triton,120,0
2026-09-30T18:00Z,Viking Link,viking,440,0
2026-09-30T18:00Z,Walney 1 & 2,walney,130,0
2026-09-30T18:00Z,Walney Extension,walneyx,475,0
2026-09-30T18:00Z,West Burton B,westburton,1190,0
2026-09-30T18:00Z,Whitelee,whitelee,280,190
2026-09-30T19:00Z,Beatrice,beatrice,560,430
2026-09-30T19:00Z,Burbo Bank Extension,burbo,75,0
2026-09-30T19:00Z,Carrington,carrington,425,0
2026-09-30T19:00Z,Clyde,clyde,435,0
2026-09-30T19:00Z,Cruachan,cruachan,240,0
2026-09-30T19:00Z,Didcot B,didcot,695,0
2026-09-30T19:00Z,Dogger Bank A,doggerA,525,0
2026-09-30T19:00Z,Drax,drax,1950,0
2026-09-30T19:00Z,East Anglia ONE,ea1,325,0
2026-09-30T19:00Z,Ffestiniog,ffestiniog,85,0
2026-09-30T19:00Z,Foyers,foyers,150,0
2026-09-30T19:00Z,Galloper,galloper,90,0
2026-09-30T19:00Z,Greater Gabbard,gabbard,95,0
2026-09-30T19:00Z,Gwynt y Môr,gym,120,0
2026-09-30T19:00Z,Hartlepool,hartlepool,580,0
2026-09-30T19:00Z,Heysham 1,heysham1,395,0
2026-09-30T19:00Z,Heysham 2,heysham2,545,0
2026-09-30T19:00Z,Hornsea One,hornsea1,1090,0
2026-09-30T19:00Z,Hornsea Two,hornsea2,1005,0
2026-09-30T19:00Z,Keadby 2,keadby2,815,0
2026-09-30T19:00Z,Moray East,morayeast,840,840
2026-09-30T19:00Z,Moray West,moraywest,835,830
2026-09-30T19:00Z,Neart na Gaoithe,nng,190,150
2026-09-30T19:00Z,Pembroke,pembroke,855,0
2026-09-30T19:00Z,Pen y Cymoedd,penycymoedd,55,0
2026-09-30T19:00Z,Peterhead,peterhead,1140,0
2026-09-30T19:00Z,Race Bank,racebank,140,0
2026-09-30T19:00Z,Rampion,rampion,30,0
2026-09-30T19:00Z,Seagreen,seagreen,810,810
2026-09-30T19:00Z,Sizewell B,sizewellb,1190,0
2026-09-30T19:00Z,Staythorpe,staythorpe,1195,0
2026-09-30T19:00Z,Torness,torness,1290,0
2026-09-30T19:00Z,Triton Knoll,triton,100,0
2026-09-30T19:00Z,Viking Link,viking,440,0
2026-09-30T19:00Z,Walney 1 & 2,walney,145,0
2026-09-30T19:00Z,Walney Extension,walneyx,475,0
2026-09-30T19:00Z,West Burton B,westburton,1195,0
2026-09-30T19:00Z,Whitelee,whitelee,215,0
2026-09-30T20:00Z,Beatrice,beatrice,560,450
2026-09-30T20:00Z,Burbo Bank Extension,burbo,50,0
2026-09-30T20:00Z,Carrington,carrington,425,0
2026-09-30T20:00Z,Clyde,clyde,420,0
2026-09-30T20:00Z,Cruachan,cruachan,120,0
2026-09-30T20:00Z,Didcot B,didcot,700,0
2026-09-30T20:00Z,Dogger Bank A,doggerA,480,0
2026-09-30T20:00Z,Drax,drax,1945,0
2026-09-30T20:00Z,East Anglia ONE,ea1,260,0
2026-09-30T20:00Z,Ffestiniog,ffestiniog,0,0
2026-09-30T20:00Z,Foyers,foyers,150,0
2026-09-30T20:00Z,Galloper,galloper,75,0
2026-09-30T20:00Z,Greater Gabbard,gabbard,65,0
2026-09-30T20:00Z,Gwynt y Môr,gym,110,0
2026-09-30T20:00Z,Hartlepool,hartlepool,580,0
2026-09-30T20:00Z,Heysham 1,heysham1,395,0
2026-09-30T20:00Z,Heysham 2,heysham2,545,0
2026-09-30T20:00Z,Hornsea One,hornsea1,930,0
2026-09-30T20:00Z,Hornsea Two,hornsea2,790,0
2026-09-30T20:00Z,Keadby 2,keadby2,820,0
2026-09-30T20:00Z,Moray East,morayeast,830,830
2026-09-30T20:00Z,Moray West,moraywest,830,830
2026-09-30T20:00Z,Neart na Gaoithe,nng,210,70
2026-09-30T20:00Z,Pembroke,pembroke,855,0
2026-09-30T20:00Z,Pen y Cymoedd,penycymoedd,40,0
2026-09-30T20:00Z,Peterhead,peterhead,995,0
2026-09-30T20:00Z,Race Bank,racebank,145,0
2026-09-30T20:00Z,Rampion,rampion,60,0
2026-09-30T20:00Z,Seagreen,seagreen,790,790
2026-09-30T20:00Z,Sizewell B,sizewellb,1190,0
2026-09-30T20:00Z,Staythorpe,staythorpe,1225,0
2026-09-30T20:00Z,Torness,torness,1290,0
2026-09-30T20:00Z,Triton Knoll,triton,65,0
2026-09-30T20:00Z,Viking Link,viking,435,0
2026-09-30T20:00Z,Walney 1 & 2,walney,125,0
2026-09-30T20:00Z,Walney Extension,walneyx,445,0
2026-09-30T20:00Z,West Burton B,westburton,1110,0
2026-09-30T20:00Z,Whitelee,whitelee,185,0
2026-09-30T21:00Z,Beatrice,beatrice,560,500
2026-09-30T21:00Z,Burbo Bank Extension,burbo,50,0
2026-09-30T21:00Z,Carrington,carrington,410,0
2026-09-30T21:00Z,Clyde,clyde,390,0
2026-09-30T21:00Z,Cruachan,cruachan,0,0
2026-09-30T21:00Z,Didcot B,didcot,700,0
2026-09-30T21:00Z,Dogger Bank A,doggerA,385,0
2026-09-30T21:00Z,Drax,drax,1935,0
2026-09-30T21:00Z,East Anglia ONE,ea1,195,0
2026-09-30T21:00Z,Ffestiniog,ffestiniog,0,0
2026-09-30T21:00Z,Foyers,foyers,150,0
2026-09-30T21:00Z,Galloper,galloper,70,0
2026-09-30T21:00Z,Greater Gabbard,gabbard,45,0
2026-09-30T21:00Z,Gwynt y Môr,gym,90,0
2026-09-30T21:00Z,Hartlepool,hartlepool,580,0
2026-09-30T21:00Z,Heysham 1,heysham1,395,0
2026-09-30T21:00Z,Heysham 2,heysham2,545,0
2026-09-30T21:00Z,Hornsea One,hornsea1,665,0
2026-09-30T21:00Z,Hornsea Two,hornsea2,525,0
2026-09-30T21:00Z,Keadby 2,keadby2,820,0
2026-09-30T21:00Z,Moray East,morayeast,810,810
2026-09-30T21:00Z,Moray West,moraywest,825,825
2026-09-30T21:00Z,Neart na Gaoithe,nng,135,0
2026-09-30T21:00Z,Pembroke,pembroke,850,0
2026-09-30T21:00Z,Pen y Cymoedd,penycymoedd,45,0
2026-09-30T21:00Z,Peterhead,peterhead,935,0
2026-09-30T21:00Z,Race Bank,racebank,120,0
2026-09-30T21:00Z,Rampion,rampion,110,0
2026-09-30T21:00Z,Seagreen,seagreen,735,735
2026-09-30T21:00Z,Sizewell B,sizewellb,1190,0
2026-09-30T21:00Z,Staythorpe,staythorpe,1225,0
2026-09-30T21:00Z,Torness,torness,1290,0
2026-09-30T21:00Z,Triton Knoll,triton,55,0
2026-09-30T21:00Z,Viking Link,viking,430,0
2026-09-30T21:00Z,Walney 1 & 2,walney,155,0
2026-09-30T21:00Z,Walney Extension,walneyx,440,0
2026-09-30T21:00Z,West Burton B,westburton,710,0
2026-09-30T21:00Z,Whitelee,whitelee,175,0
2026-09-30T22:00Z,Beatrice,beatrice,555,455
2026-09-30T22:00Z,Burbo Bank Extension,burbo,50,0
2026-09-30T22:00Z,Carrington,carrington,410,0
2026-09-30T22:00Z,Clyde,clyde,350,0
2026-09-30T22:00Z,Cruachan,cruachan,0,0
2026-09-30T22:00Z,Didcot B,didcot,705,0
2026-09-30T22:00Z,Dogger Bank A,doggerA,260,0
2026-09-30T22:00Z,Drax,drax,1935,0
2026-09-30T22:00Z,East Anglia ONE,ea1,230,0
2026-09-30T22:00Z,Ffestiniog,ffestiniog,0,0
2026-09-30T22:00Z,Foyers,foyers,75,0
2026-09-30T22:00Z,Galloper,galloper,70,0
2026-09-30T22:00Z,Greater Gabbard,gabbard,45,0
2026-09-30T22:00Z,Gwynt y Môr,gym,70,0
2026-09-30T22:00Z,Hartlepool,hartlepool,580,0
2026-09-30T22:00Z,Heysham 1,heysham1,395,0
2026-09-30T22:00Z,Heysham 2,heysham2,545,0
2026-09-30T22:00Z,Hornsea One,hornsea1,515,0
2026-09-30T22:00Z,Hornsea Two,hornsea2,380,0
2026-09-30T22:00Z,Keadby 2,keadby2,820,0
2026-09-30T22:00Z,Moray East,morayeast,790,790
2026-09-30T22:00Z,Moray West,moraywest,810,810
2026-09-30T22:00Z,Neart na Gaoithe,nng,80,0
2026-09-30T22:00Z,Pembroke,pembroke,850,0
2026-09-30T22:00Z,Pen y Cymoedd,penycymoedd,40,0
2026-09-30T22:00Z,Peterhead,peterhead,1150,0
2026-09-30T22:00Z,Race Bank,racebank,75,0
2026-09-30T22:00Z,Rampion,rampion,135,0
2026-09-30T22:00Z,Seagreen,seagreen,680,680
2026-09-30T22:00Z,Sizewell B,sizewellb,1190,0
2026-09-30T22:00Z,Staythorpe,staythorpe,1230,0
2026-09-30T22:00Z,Torness,torness,1290,0
2026-09-30T22:00Z,Triton Knoll,triton,80,0
2026-09-30T22:00Z,Viking Link,viking,425,0
2026-09-30T22:00Z,Walney 1 & 2,walney,115,0
2026-09-30T22:00Z,Walney Extension,walneyx,350,0
2026-09-30T22:00Z,West Burton B,westburton,415,0
2026-09-30T22:00Z,Whitelee,whitelee,150,0
2026-09-30T23:00Z,Beatrice,beatrice,550,275
2026-09-30T23:00Z,Burbo Bank Extension,burbo,35,0
2026-09-30T23:00Z,Carrington,carrington,410,0
2026-09-30T23:00Z,Clyde,clyde,295,0
2026-09-30T23:00Z,Cruachan,cruachan,0,0
2026-09-30T23:00Z,Didcot B,didcot,705,0
2026-09-30T23:00Z,Dinorwig,dinorwig,0,0
2026-09-30T23:00Z,Dogger Bank A,doggerA,180,0
2026-09-30T23:00Z,Drax,drax,1920,0
2026-09-30T23:00Z,East Anglia ONE,ea1,170,0
2026-09-30T23:00Z,Ffestiniog,ffestiniog,0,0
2026-09-30T23:00Z,Foyers,foyers,0,0
2026-09-30T23:00Z,Galloper,galloper,60,0
2026-09-30T23:00Z,Grain,grainpp,0,0
2026-09-30T23:00Z,Greater Gabbard,gabbard,85,0
2026-09-30T23:00Z,Gwynt y Môr,gym,55,0
2026-09-30T23:00Z,Hartlepool,hartlepool,580,0
2026-09-30T23:00Z,Heysham 1,heysham1,395,0
2026-09-30T23:00Z,Heysham 2,heysham2,545,0
2026-09-30T23:00Z,Hornsea One,hornsea1,400,0
2026-09-30T23:00Z,Hornsea Two,hornsea2,270,0
2026-09-30T23:00Z,Keadby 2,keadby2,815,0
2026-09-30T23:00Z,Moray East,morayeast,770,770
2026-09-30T23:00Z,Moray West,moraywest,785,785
2026-09-30T23:00Z,Neart na Gaoithe,nng,95,0
2026-09-30T23:00Z,Pembroke,pembroke,855,0
2026-09-30T23:00Z,Pen y Cymoedd,penycymoedd,35,0
2026-09-30T23:00Z,Peterhead,peterhead,1135,0
2026-09-30T23:00Z,Race Bank,racebank,40,0
2026-09-30T23:00Z,Rampion,rampion,130,0
2026-09-30T23:00Z,Seagreen,seagreen,610,610
2026-09-30T23:00Z,Sizewell B,sizewellb,1190,0
2026-09-30T23:00Z,Staythorpe,staythorpe,1235,0
2026-09-30T23:00Z,Torness,torness,1290,0
2026-09-30T23:00Z,Triton Knoll,triton,90,0
2026-09-30T23:00Z,Viking Link,viking,415,0
2026-09-30T23:00Z,Walney 1 & 2,walney,115,0
2026-09-30T23:00Z,Walney Extension,walneyx,305,0
2026-09-30T23:00Z,West Burton B,westburton,420,0
2026-09-30T23:00Z,Whitelee,whitelee,115,0
2026-10-01T00:00Z,Beatrice,beatrice,520,105
2026-10-01T00:00Z,Burbo Bank Extension,burbo,25,0
2026-10-01T00:00Z,Carrington,carrington,410,0
2026-10-01T00:00Z,Clyde,clyde,240,0
2026-10-01T00:00Z,Cruachan,cruachan,240,0
2026-10-01T00:00Z,Didcot B,didcot,710,0
2026-10-01T00:00Z,Dinorwig,dinorwig,0,0
2026-10-01T00:00Z,Dogger Bank A,doggerA,110,0
2026-10-01T00:00Z,Drax,drax,1935,0
2026-10-01T00:00Z,East Anglia ONE,ea1,220,0
2026-10-01T00:00Z,Ffestiniog,ffestiniog,0,0
2026-10-01T00:00Z,Foyers,foyers,0,0
2026-10-01T00:00Z,Galloper,galloper,35,0
2026-10-01T00:00Z,Grain,grainpp,0,0
2026-10-01T00:00Z,Greater Gabbard,gabbard,45,0
2026-10-01T00:00Z,Gwynt y Môr,gym,45,0
2026-10-01T00:00Z,Hartlepool,hartlepool,580,0
2026-10-01T00:00Z,Heysham 1,heysham1,395,0
2026-10-01T00:00Z,Heysham 2,heysham2,545,0
2026-10-01T00:00Z,Hornsea One,hornsea1,300,0
2026-10-01T00:00Z,Hornsea Two,hornsea2,210,0
2026-10-01T00:00Z,Keadby 2,keadby2,815,0
2026-10-01T00:00Z,Moray East,morayeast,745,745
2026-10-01T00:00Z,Moray West,moraywest,735,735
2026-10-01T00:00Z,Neart na Gaoithe,nng,115,0
2026-10-01T00:00Z,Pembroke,pembroke,855,0
2026-10-01T00:00Z,Pen y Cymoedd,penycymoedd,20,0
2026-10-01T00:00Z,Peterhead,peterhead,1135,0
2026-10-01T00:00Z,Race Bank,racebank,30,0
2026-10-01T00:00Z,Rampion,rampion,150,0
2026-10-01T00:00Z,Seagreen,seagreen,545,540
2026-10-01T00:00Z,Sizewell B,sizewellb,1190,0
2026-10-01T00:00Z,Staythorpe,staythorpe,1240,0
2026-10-01T00:00Z,Torness,torness,1290,0
2026-10-01T00:00Z,Triton Knoll,triton,65,0
2026-10-01T00:00Z,Viking Link,viking,400,0
2026-10-01T00:00Z,Walney 1 & 2,walney,120,0
2026-10-01T00:00Z,Walney Extension,walneyx,285,0
2026-10-01T00:00Z,West Burton B,westburton,420,0
2026-10-01T00:00Z,Whitelee,whitelee,65,0
2026-10-01T01:00Z,Beatrice,beatrice,470,50
2026-10-01T01:00Z,Burbo Bank Extension,burbo,25,0
2026-10-01T01:00Z,Carrington,carrington,410,0
2026-10-01T01:00Z,Clyde,clyde,185,0
2026-10-01T01:00Z,Cruachan,cruachan,0,0
2026-10-01T01:00Z,Didcot B,didcot,710,0
2026-10-01T01:00Z,Dinorwig,dinorwig,0,0
2026-10-01T01:00Z,Dogger Bank A,doggerA,80,0
2026-10-01T01:00Z,Drax,drax,1935,0
2026-10-01T01:00Z,East Anglia ONE,ea1,90,0
2026-10-01T01:00Z,Ffestiniog,ffestiniog,0,0
2026-10-01T01:00Z,Foyers,foyers,0,0
2026-10-01T01:00Z,Galloper,galloper,35,0
2026-10-01T01:00Z,Grain,grainpp,0,0
2026-10-01T01:00Z,Greater Gabbard,gabbard,45,0
2026-10-01T01:00Z,Gwynt y Môr,gym,40,0
2026-10-01T01:00Z,Hartlepool,hartlepool,580,0
2026-10-01T01:00Z,Heysham 1,heysham1,395,0
2026-10-01T01:00Z,Heysham 2,heysham2,545,0
2026-10-01T01:00Z,Hornsea One,hornsea1,185,0
2026-10-01T01:00Z,Hornsea Two,hornsea2,190,0
2026-10-01T01:00Z,Keadby 2,keadby2,815,0
2026-10-01T01:00Z,Moray East,morayeast,690,690
2026-10-01T01:00Z,Moray West,moraywest,640,635
2026-10-01T01:00Z,Neart na Gaoithe,nng,150,0
2026-10-01T01:00Z,Pembroke,pembroke,855,0
2026-10-01T01:00Z,Pen y Cymoedd,penycymoedd,30,0
2026-10-01T01:00Z,Peterhead,peterhead,1140,0
2026-10-01T01:00Z,Race Bank,racebank,45,0
2026-10-01T01:00Z,Rampion,rampion,160,0
2026-10-01T01:00Z,Seagreen,seagreen,530,350
2026-10-01T01:00Z,Sizewell B,sizewellb,1190,0
2026-10-01T01:00Z,Staythorpe,staythorpe,1240,0
2026-10-01T01:00Z,Torness,torness,1290,0
2026-10-01T01:00Z,Triton Knoll,triton,45,0
2026-10-01T01:00Z,Viking Link,viking,380,0
2026-10-01T01:00Z,Walney 1 & 2,walney,95,0
2026-10-01T01:00Z,Walney Extension,walneyx,240,0
2026-10-01T01:00Z,West Burton B,westburton,420,0
2026-10-01T01:00Z,Whitelee,whitelee,70,0
2026-10-01T02:00Z,Beatrice,beatrice,385,0
2026-10-01T02:00Z,Burbo Bank Extension,burbo,15,0
2026-10-01T02:00Z,Carrington,carrington,415,0
2026-10-01T02:00Z,Clyde,clyde,135,0
2026-10-01T02:00Z,Cruachan,cruachan,0,0
2026-10-01T02:00Z,Didcot B,didcot,720,0
2026-10-01T02:00Z,Dinorwig,dinorwig,0,0
2026-10-01T02:00Z,Dogger Bank A,doggerA,80,0
2026-10-01T02:00Z,Drax,drax,1935,0
2026-10-01T02:00Z,East Anglia ONE,ea1,150,0
2026-10-01T02:00Z,Ffestiniog,ffestiniog,0,0
2026-10-01T02:00Z,Foyers,foyers,145,0
2026-10-01T02:00Z,Galloper,galloper,45,0
2026-10-01T02:00Z,Grain,grainpp,0,0
2026-10-01T02:00Z,Greater Gabbard,gabbard,65,0
2026-10-01T02:00Z,Gwynt y Môr,gym,35,0
2026-10-01T02:00Z,Hartlepool,hartlepool,580,0
2026-10-01T02:00Z,Heysham 1,heysham1,395,0
2026-10-01T02:00Z,Heysham 2,heysham2,545,0
2026-10-01T02:00Z,Hornsea One,hornsea1,110,0
2026-10-01T02:00Z,Hornsea Two,hornsea2,220,0
2026-10-01T02:00Z,Keadby 2,keadby2,820,0
2026-10-01T02:00Z,Moray East,morayeast,625,625
2026-10-01T02:00Z,Moray West,moraywest,520,395
2026-10-01T02:00Z,Neart na Gaoithe,nng,160,0
2026-10-01T02:00Z,Pembroke,pembroke,855,0
2026-10-01T02:00Z,Pen y Cymoedd,penycymoedd,45,0
2026-10-01T02:00Z,Peterhead,peterhead,1140,0
2026-10-01T02:00Z,Race Bank,racebank,50,0
2026-10-01T02:00Z,Rampion,rampion,150,0
2026-10-01T02:00Z,Seagreen,seagreen,530,340
2026-10-01T02:00Z,Sizewell B,sizewellb,1190,0
2026-10-01T02:00Z,Staythorpe,staythorpe,1245,0
2026-10-01T02:00Z,Torness,torness,1290,0
2026-10-01T02:00Z,Triton Knoll,triton,50,0
2026-10-01T02:00Z,Viking Link,viking,365,0
2026-10-01T02:00Z,Walney 1 & 2,walney,85,0
2026-10-01T02:00Z,Walney Extension,walneyx,230,0
2026-10-01T02:00Z,West Burton B,westburton,420,0
2026-10-01T02:00Z,Whitelee,whitelee,60,0
2026-10-01T03:00Z,Beatrice,beatrice,325,0
2026-10-01T03:00Z,Burbo Bank Extension,burbo,15,0
2026-10-01T03:00Z,Carrington,carrington,415,0
2026-10-01T03:00Z,Clyde,clyde,100,0
2026-10-01T03:00Z,Cruachan,cruachan,0,0
2026-10-01T03:00Z,Didcot B,didcot,790,0
2026-10-01T03:00Z,Dinorwig,dinorwig,0,0
2026-10-01T03:00Z,Dogger Bank A,doggerA,80,0
2026-10-01T03:00Z,Drax,drax,1920,0
2026-10-01T03:00Z,East Anglia ONE,ea1,160,0
2026-10-01T03:00Z,Ffestiniog,ffestiniog,0,0
2026-10-01T03:00Z,Foyers,foyers,0,0
2026-10-01T03:00Z,Galloper,galloper,60,0
2026-10-01T03:00Z,Grain,grainpp,210,0
2026-10-01T03:00Z,Greater Gabbard,gabbard,80,0
2026-10-01T03:00Z,Gwynt y Môr,gym,35,0
2026-10-01T03:00Z,Hartlepool,hartlepool,580,0
2026-10-01T03:00Z,Heysham 1,heysham1,395,0
2026-10-01T03:00Z,Heysham 2,heysham2,545,0
2026-10-01T03:00Z,Hornsea One,hornsea1,180,0
2026-10-01T03:00Z,Hornsea Two,hornsea2,240,0
2026-10-01T03:00Z,Keadby 2,keadby2,820,0
2026-10-01T03:00Z,Moray East,morayeast,525,525
2026-10-01T03:00Z,Moray West,moraywest,395,265
2026-10-01T03:00Z,Neart na Gaoithe,nng,145,0
2026-10-01T03:00Z,Pembroke,pembroke,855,0
2026-10-01T03:00Z,Pen y Cymoedd,penycymoedd,35,0
2026-10-01T03:00Z,Peterhead,peterhead,1140,0
2026-10-01T03:00Z,Race Bank,racebank,40,0
2026-10-01T03:00Z,Rampion,rampion,140,0
2026-10-01T03:00Z,Seagreen,seagreen,510,260
2026-10-01T03:00Z,Sizewell B,sizewellb,1190,0
2026-10-01T03:00Z,Staythorpe,staythorpe,1275,0
2026-10-01T03:00Z,Torness,torness,1290,0
2026-10-01T03:00Z,Triton Knoll,triton,60,0
2026-10-01T03:00Z,Viking Link,viking,355,0
2026-10-01T03:00Z,Walney 1 & 2,walney,85,0
2026-10-01T03:00Z,Walney Extension,walneyx,210,0
2026-10-01T03:00Z,West Burton B,westburton,420,0
2026-10-01T03:00Z,Whitelee,whitelee,65,0
2026-10-01T04:00Z,Beatrice,beatrice,295,0
2026-10-01T04:00Z,Burbo Bank Extension,burbo,20,0
2026-10-01T04:00Z,Carrington,carrington,415,0
2026-10-01T04:00Z,Clyde,clyde,85,0
2026-10-01T04:00Z,Cruachan,cruachan,0,0
2026-10-01T04:00Z,Didcot B,didcot,910,0
2026-10-01T04:00Z,Dinorwig,dinorwig,0,0
2026-10-01T04:00Z,Dogger Bank A,doggerA,90,0
2026-10-01T04:00Z,Drax,drax,1920,0
2026-10-01T04:00Z,East Anglia ONE,ea1,65,0
2026-10-01T04:00Z,Ffestiniog,ffestiniog,0,0
2026-10-01T04:00Z,Foyers,foyers,75,0
2026-10-01T04:00Z,Galloper,galloper,70,0
2026-10-01T04:00Z,Grain,grainpp,745,0
2026-10-01T04:00Z,Greater Gabbard,gabbard,105,0
2026-10-01T04:00Z,Gwynt y Môr,gym,40,0
2026-10-01T04:00Z,Hartlepool,hartlepool,580,0
2026-10-01T04:00Z,Heysham 1,heysham1,395,0
2026-10-01T04:00Z,Heysham 2,heysham2,545,0
2026-10-01T04:00Z,Hornsea One,hornsea1,175,0
2026-10-01T04:00Z,Hornsea Two,hornsea2,210,0
2026-10-01T04:00Z,Keadby 2,keadby2,820,0
2026-10-01T04:00Z,Moray East,morayeast,470,470
2026-10-01T04:00Z,Moray West,moraywest,320,215
2026-10-01T04:00Z,Neart na Gaoithe,nng,90,0
2026-10-01T04:00Z,Pembroke,pembroke,860,0
2026-10-01T04:00Z,Pen y Cymoedd,penycymoedd,45,0
2026-10-01T04:00Z,Peterhead,peterhead,1145,0
2026-10-01T04:00Z,Race Bank,racebank,80,0
2026-10-01T04:00Z,Rampion,rampion,145,0
2026-10-01T04:00Z,Seagreen,seagreen,490,235
2026-10-01T04:00Z,Sizewell B,sizewellb,1190,0
2026-10-01T04:00Z,Staythorpe,staythorpe,1315,0
2026-10-01T04:00Z,Torness,torness,1290,0
2026-10-01T04:00Z,Triton Knoll,triton,45,0
2026-10-01T04:00Z,Viking Link,viking,325,0
2026-10-01T04:00Z,Walney 1 & 2,walney,90,0
2026-10-01T04:00Z,Walney Extension,walneyx,210,0
2026-10-01T04:00Z,West Burton B,westburton,660,0
2026-10-01T04:00Z,Whitelee,whitelee,70,0
2026-10-01T05:00Z,Beatrice,beatrice,260,0
2026-10-01T05:00Z,Burbo Bank Extension,burbo,20,0
2026-10-01T05:00Z,Carrington,carrington,430,0
2026-10-01T05:00Z,Clyde,clyde,85,0
2026-10-01T05:00Z,Cruachan,cruachan,240,0
2026-10-01T05:00Z,Didcot B,didcot,1100,0
2026-10-01T05:00Z,Dinorwig,dinorwig,150,0
2026-10-01T05:00Z,Dogger Bank A,doggerA,130,0
2026-10-01T05:00Z,Drax,drax,1920,0
2026-10-01T05:00Z,East Anglia ONE,ea1,190,0
2026-10-01T05:00Z,Ffestiniog,ffestiniog,45,0
2026-10-01T05:00Z,Foyers,foyers,145,0
2026-10-01T05:00Z,Galloper,galloper,80,0
2026-10-01T05:00Z,Grain,grainpp,795,0
2026-10-01T05:00Z,Greater Gabbard,gabbard,120,0
2026-10-01T05:00Z,Gwynt y Môr,gym,50,0
2026-10-01T05:00Z,Hartlepool,hartlepool,580,0
2026-10-01T05:00Z,Heysham 1,heysham1,395,0
2026-10-01T05:00Z,Heysham 2,heysham2,545,0
2026-10-01T05:00Z,Hornsea One,hornsea1,130,0
2026-10-01T05:00Z,Hornsea Two,hornsea2,190,0
2026-10-01T05:00Z,Keadby 2,keadby2,820,0
2026-10-01T05:00Z,Moray East,morayeast,440,440
2026-10-01T05:00Z,Moray West,moraywest,280,110
2026-10-01T05:00Z,Neart na Gaoithe,nng,70,0
2026-10-01T05:00Z,Pembroke,pembroke,860,0
2026-10-01T05:00Z,Pen y Cymoedd,penycymoedd,50,0
2026-10-01T05:00Z,Peterhead,peterhead,1145,0
2026-10-01T05:00Z,Race Bank,racebank,100,0
2026-10-01T05:00Z,Rampion,rampion,140,0
2026-10-01T05:00Z,Seagreen,seagreen,470,220
2026-10-01T05:00Z,Sizewell B,sizewellb,1190,0
2026-10-01T05:00Z,Staythorpe,staythorpe,1405,0
2026-10-01T05:00Z,Torness,torness,1290,0
2026-10-01T05:00Z,Triton Knoll,triton,35,0
2026-10-01T05:00Z,Viking Link,viking,285,0
2026-10-01T05:00Z,Walney 1 & 2,walney,100,0
2026-10-01T05:00Z,Walney Extension,walneyx,205,0
2026-10-01T05:00Z,West Burton B,westburton,1190,0
2026-10-01T05:00Z,Whitelee,whitelee,70,0
2026-10-01T06:00Z,Beatrice,beatrice,240,0
2026-10-01T06:00Z,Burbo Bank Extension,burbo,35,0
2026-10-01T06:00Z,Carrington,carrington,430,0
2026-10-01T06:00Z,Clyde,clyde,80,0
2026-10-01T06:00Z,Cruachan,cruachan,240,0
2026-10-01T06:00Z,Didcot B,didcot,1395,0
2026-10-01T06:00Z,Dinorwig,dinorwig,300,0
2026-10-01T06:00Z,Dogger Bank A,doggerA,180,0
2026-10-01T06:00Z,Drax,drax,1920,0
2026-10-01T06:00Z,East Anglia ONE,ea1,225,0
2026-10-01T06:00Z,Ffestiniog,ffestiniog,180,0
2026-10-01T06:00Z,Foyers,foyers,150,0
2026-10-01T06:00Z,Galloper,galloper,80,0
2026-10-01T06:00Z,Grain,grainpp,795,0
2026-10-01T06:00Z,Greater Gabbard,gabbard,115,0
2026-10-01T06:00Z,Gwynt y Môr,gym,70,0
2026-10-01T06:00Z,Hartlepool,hartlepool,580,0
2026-10-01T06:00Z,Heysham 1,heysham1,395,0
2026-10-01T06:00Z,Heysham 2,heysham2,545,0
2026-10-01T06:00Z,Hornsea One,hornsea1,195,0
2026-10-01T06:00Z,Hornsea Two,hornsea2,255,0
2026-10-01T06:00Z,Keadby 2,keadby2,820,0
2026-10-01T06:00Z,Moray East,morayeast,420,420
2026-10-01T06:00Z,Moray West,moraywest,260,25
2026-10-01T06:00Z,Neart na Gaoithe,nng,120,0
2026-10-01T06:00Z,Pembroke,pembroke,860,0
2026-10-01T06:00Z,Pen y Cymoedd,penycymoedd,40,0
2026-10-01T06:00Z,Peterhead,peterhead,1145,0
2026-10-01T06:00Z,Race Bank,racebank,60,0
2026-10-01T06:00Z,Rampion,rampion,130,0
2026-10-01T06:00Z,Seagreen,seagreen,450,205
2026-10-01T06:00Z,Sizewell B,sizewellb,1190,0
2026-10-01T06:00Z,Staythorpe,staythorpe,1655,0
2026-10-01T06:00Z,Torness,torness,1290,0
2026-10-01T06:00Z,Triton Knoll,triton,40,0
2026-10-01T06:00Z,Viking Link,viking,240,0
2026-10-01T06:00Z,Walney 1 & 2,walney,80,0
2026-10-01T06:00Z,Walney Extension,walneyx,150,0
2026-10-01T06:00Z,West Burton B,westburton,1220,0
2026-10-01T06:00Z,Whitelee,whitelee,95,0
2026-10-01T07:00Z,Beatrice,beatrice,210,0
2026-10-01T07:00Z,Burbo Bank Extension,burbo,40,0
2026-10-01T07:00Z,Carrington,carrington,430,0
2026-10-01T07:00Z,Clyde,clyde,80,0
2026-10-01T07:00Z,Cruachan,cruachan,240,0
2026-10-01T07:00Z,Didcot B,didcot,1390,0
2026-10-01T07:00Z,Dinorwig,dinorwig,150,0
2026-10-01T07:00Z,Dogger Bank A,doggerA,210,0
2026-10-01T07:00Z,Drax,drax,1920,0
2026-10-01T07:00Z,East Anglia ONE,ea1,300,0
2026-10-01T07:00Z,Ffestiniog,ffestiniog,180,0
2026-10-01T07:00Z,Foyers,foyers,150,0
2026-10-01T07:00Z,Galloper,galloper,80,0
2026-10-01T07:00Z,Grain,grainpp,795,0
2026-10-01T07:00Z,Greater Gabbard,gabbard,135,0
2026-10-01T07:00Z,Gwynt y Môr,gym,120,0
2026-10-01T07:00Z,Hartlepool,hartlepool,580,0
2026-10-01T07:00Z,Heysham 1,heysham1,395,0
2026-10-01T07:00Z,Heysham 2,heysham2,545,0
2026-10-01T07:00Z,Hornsea One,hornsea1,235,0
2026-10-01T07:00Z,Hornsea Two,hornsea2,275,0
2026-10-01T07:00Z,Keadby 2,keadby2,815,0
2026-10-01T07:00Z,Moray East,morayeast,355,355
2026-10-01T07:00Z,Moray West,moraywest,250,30
2026-10-01T07:00Z,Neart na Gaoithe,nng,160,0
2026-10-01T07:00Z,Pembroke,pembroke,860,0
2026-10-01T07:00Z,Pen y Cymoedd,penycymoedd,40,0
2026-10-01T07:00Z,Peterhead,peterhead,1145,0
2026-10-01T07:00Z,Race Bank,racebank,80,0
2026-10-01T07:00Z,Rampion,rampion,125,0
2026-10-01T07:00Z,Seagreen,seagreen,415,180
2026-10-01T07:00Z,Sizewell B,sizewellb,1190,0
2026-10-01T07:00Z,Staythorpe,staythorpe,1665,0
2026-10-01T07:00Z,Torness,torness,1290,0
2026-10-01T07:00Z,Triton Knoll,triton,55,0
2026-10-01T07:00Z,Viking Link,viking,205,0
2026-10-01T07:00Z,Walney 1 & 2,walney,80,0
2026-10-01T07:00Z,Walney Extension,walneyx,125,0
2026-10-01T07:00Z,West Burton B,westburton,1215,0
2026-10-01T07:00Z,Whitelee,whitelee,105,0
2026-10-01T08:00Z,Beatrice,beatrice,185,0
2026-10-01T08:00Z,Burbo Bank Extension,burbo,55,0
2026-10-01T08:00Z,Carrington,carrington,60,0
2026-10-01T08:00Z,Clyde,clyde,85,0
2026-10-01T08:00Z,Cruachan,cruachan,120,0
2026-10-01T08:00Z,Didcot B,didcot,1380,0
2026-10-01T08:00Z,Dinorwig,dinorwig,0,0
2026-10-01T08:00Z,Dogger Bank A,doggerA,255,0
2026-10-01T08:00Z,Drax,drax,1935,0
2026-10-01T08:00Z,East Anglia ONE,ea1,325,0
2026-10-01T08:00Z,Ffestiniog,ffestiniog,45,0
2026-10-01T08:00Z,Foyers,foyers,150,0
2026-10-01T08:00Z,Galloper,galloper,90,0
2026-10-01T08:00Z,Grain,grainpp,620,0
2026-10-01T08:00Z,Greater Gabbard,gabbard,125,0
2026-10-01T08:00Z,Gwynt y Môr,gym,160,0
2026-10-01T08:00Z,Hartlepool,hartlepool,580,0
2026-10-01T08:00Z,Heysham 1,heysham1,395,0
2026-10-01T08:00Z,Heysham 2,heysham2,545,0
2026-10-01T08:00Z,Hornsea One,hornsea1,260,0
2026-10-01T08:00Z,Hornsea Two,hornsea2,290,0
2026-10-01T08:00Z,Keadby 2,keadby2,810,0
2026-10-01T08:00Z,Moray East,morayeast,355,355
2026-10-01T08:00Z,Moray West,moraywest,265,40
2026-10-01T08:00Z,Neart na Gaoithe,nng,165,0
2026-10-01T08:00Z,Pembroke,pembroke,855,0
2026-10-01T08:00Z,Pen y Cymoedd,penycymoedd,30,0
2026-10-01T08:00Z,Peterhead,peterhead,1140,0
2026-10-01T08:00Z,Race Bank,racebank,110,0
2026-10-01T08:00Z,Rampion,rampion,120,0
2026-10-01T08:00Z,Seagreen,seagreen,405,180
2026-10-01T08:00Z,Sizewell B,sizewellb,1190,0
2026-10-01T08:00Z,Staythorpe,staythorpe,1675,0
2026-10-01T08:00Z,Torness,torness,1290,0
2026-10-01T08:00Z,Triton Knoll,triton,65,0
2026-10-01T08:00Z,Viking Link,viking,170,0
2026-10-01T08:00Z,Walney 1 & 2,walney,70,0
2026-10-01T08:00Z,Walney Extension,walneyx,150,0
2026-10-01T08:00Z,West Burton B,westburton,1215,0
2026-10-01T08:00Z,Whitelee,whitelee,130,0
2026-10-01T09:00Z,Beatrice,beatrice,180,0
2026-10-01T09:00Z,Burbo Bank Extension,burbo,55,0
2026-10-01T09:00Z,Carrington,carrington,0,0
2026-10-01T09:00Z,Clyde,clyde,100,0
2026-10-01T09:00Z,Cruachan,cruachan,0,0
2026-10-01T09:00Z,Didcot B,didcot,1345,0
2026-10-01T09:00Z,Dinorwig,dinorwig,0,0
2026-10-01T09:00Z,Dogger Bank A,doggerA,250,0
2026-10-01T09:00Z,Drax,drax,1915,0
2026-10-01T09:00Z,East Anglia ONE,ea1,260,0
2026-10-01T09:00Z,Ffestiniog,ffestiniog,0,0
2026-10-01T09:00Z,Foyers,foyers,150,0
2026-10-01T09:00Z,Galloper,galloper,90,0
2026-10-01T09:00Z,Grain,grainpp,0,0
2026-10-01T09:00Z,Greater Gabbard,gabbard,115,0
2026-10-01T09:00Z,Gwynt y Môr,gym,190,0
2026-10-01T09:00Z,Hartlepool,hartlepool,580,0
2026-10-01T09:00Z,Heysham 1,heysham1,395,0
2026-10-01T09:00Z,Heysham 2,heysham2,545,0
2026-10-01T09:00Z,Hornsea One,hornsea1,240,0
2026-10-01T09:00Z,Hornsea Two,hornsea2,250,0
2026-10-01T09:00Z,Keadby 2,keadby2,810,0
2026-10-01T09:00Z,Moray East,morayeast,310,310
2026-10-01T09:00Z,Moray West,moraywest,320,20
2026-10-01T09:00Z,Neart na Gaoithe,nng,150,0
2026-10-01T09:00Z,Pembroke,pembroke,855,0
2026-10-01T09:00Z,Pen y Cymoedd,penycymoedd,30,0
2026-10-01T09:00Z,Peterhead,peterhead,1140,0
2026-10-01T09:00Z,Race Bank,racebank,80,0
2026-10-01T09:00Z,Rampion,rampion,110,0
2026-10-01T09:00Z,Seagreen,seagreen,390,175
2026-10-01T09:00Z,Sizewell B,sizewellb,1190,0
2026-10-01T09:00Z,Staythorpe,staythorpe,1215,0
2026-10-01T09:00Z,Torness,torness,1290,0
2026-10-01T09:00Z,Triton Knoll,triton,65,0
2026-10-01T09:00Z,Viking Link,viking,125,0
2026-10-01T09:00Z,Walney 1 & 2,walney,70,0
2026-10-01T09:00Z,Walney Extension,walneyx,175,0
2026-10-01T09:00Z,West Burton B,westburton,1115,0
2026-10-01T09:00Z,Whitelee,whitelee,135,0
2026-10-01T10:00Z,Beatrice,beatrice,180,0
2026-10-01T10:00Z,Burbo Bank Extension,burbo,60,0
2026-10-01T10:00Z,Carrington,carrington,0,0
2026-10-01T10:00Z,Clyde,clyde,145,0
2026-10-01T10:00Z,Cruachan,cruachan,0,0
2026-10-01T10:00Z,Didcot B,didcot,1210,0
2026-10-01T10:00Z,Dinorwig,dinorwig,0,0
2026-10-01T10:00Z,Dogger Bank A,doggerA,260,0
2026-10-01T10:00Z,Drax,drax,1915,0
2026-10-01T10:00Z,East Anglia ONE,ea1,260,0
2026-10-01T10:00Z,Ffestiniog,ffestiniog,0,0
2026-10-01T10:00Z,Foyers,foyers,75,0
2026-10-01T10:00Z,Galloper,galloper,80,0
2026-10-01T10:00Z,Grain,grainpp,0,0
2026-10-01T10:00Z,Greater Gabbard,gabbard,105,0
2026-10-01T10:00Z,Gwynt y Môr,gym,200,0
2026-10-01T10:00Z,Hartlepool,hartlepool,580,0
2026-10-01T10:00Z,Heysham 1,heysham1,395,0
2026-10-01T10:00Z,Heysham 2,heysham2,545,0
2026-10-01T10:00Z,Hornsea One,hornsea1,250,0
2026-10-01T10:00Z,Hornsea Two,hornsea2,255,0
2026-10-01T10:00Z,Keadby 2,keadby2,645,0
2026-10-01T10:00Z,Moray East,morayeast,285,285
2026-10-01T10:00Z,Moray West,moraywest,255,65
2026-10-01T10:00Z,Neart na Gaoithe,nng,160,0
2026-10-01T10:00Z,Pembroke,pembroke,480,0
2026-10-01T10:00Z,Pen y Cymoedd,penycymoedd,30,0
2026-10-01T10:00Z,Peterhead,peterhead,775,0
2026-10-01T10:00Z,Race Bank,racebank,70,0
2026-10-01T10:00Z,Rampion,rampion,110,0
2026-10-01T10:00Z,Seagreen,seagreen,435,295
2026-10-01T10:00Z,Sizewell B,sizewellb,1190,0
2026-10-01T10:00Z,Staythorpe,staythorpe,815,0
2026-10-01T10:00Z,Torness,torness,1290,0
2026-10-01T10:00Z,Triton Knoll,triton,45,0
2026-10-01T10:00Z,Viking Link,viking,100,0
2026-10-01T10:00Z,Walney 1 & 2,walney,70,0
2026-10-01T10:00Z,Walney Extension,walneyx,175,0
2026-10-01T10:00Z,West Burton B,westburton,790,0
2026-10-01T10:00Z,Whitelee,whitelee,130,0
2026-10-01T11:00Z,Beatrice,beatrice,165,0
2026-10-01T11:00Z,Burbo Bank Extension,burbo,45,0
2026-10-01T11:00Z,Carrington,carrington,0,0
2026-10-01T11:00Z,Clyde,clyde,180,0
2026-10-01T11:00Z,Cruachan,cruachan,0,0
2026-10-01T11:00Z,Didcot B,didcot,1020,0
2026-10-01T11:00Z,Dinorwig,dinorwig,0,0
2026-10-01T11:00Z,Dogger Bank A,doggerA,230,0
2026-10-01T11:00Z,Drax,drax,1915,0
2026-10-01T11:00Z,East Anglia ONE,ea1,190,0
2026-10-01T11:00Z,Ffestiniog,ffestiniog,0,0
2026-10-01T11:00Z,Foyers,foyers,0,0
2026-10-01T11:00Z,Galloper,galloper,70,0
2026-10-01T11:00Z,Grain,grainpp,0,0
2026-10-01T11:00Z,Greater Gabbard,gabbard,95,0
2026-10-01T11:00Z,Gwynt y Môr,gym,190,0
2026-10-01T11:00Z,Hartlepool,hartlepool,580,0
2026-10-01T11:00Z,Heysham 1,heysham1,395,0
2026-10-01T11:00Z,Heysham 2,heysham2,545,0
2026-10-01T11:00Z,Hornsea One,hornsea1,295,0
2026-10-01T11:00Z,Hornsea Two,hornsea2,270,0
2026-10-01T11:00Z,Keadby 2,keadby2,520,0
2026-10-01T11:00Z,Moray East,morayeast,260,260
2026-10-01T11:00Z,Moray West,moraywest,230,115
2026-10-01T11:00Z,Neart na Gaoithe,nng,175,0
2026-10-01T11:00Z,Pembroke,pembroke,440,0
2026-10-01T11:00Z,Pen y Cymoedd,penycymoedd,40,0
2026-10-01T11:00Z,Peterhead,peterhead,725,0
2026-10-01T11:00Z,Race Bank,racebank,40,0
2026-10-01T11:00Z,Rampion,rampion,95,0
2026-10-01T11:00Z,Seagreen,seagreen,395,260
2026-10-01T11:00Z,Sizewell B,sizewellb,1190,0
2026-10-01T11:00Z,Staythorpe,staythorpe,815,0
2026-10-01T11:00Z,Torness,torness,1290,0
2026-10-01T11:00Z,Triton Knoll,triton,25,0
2026-10-01T11:00Z,Viking Link,viking,70,0
2026-10-01T11:00Z,Walney 1 & 2,walney,95,0
2026-10-01T11:00Z,Walney Extension,walneyx,210,0
2026-10-01T11:00Z,West Burton B,westburton,790,0
2026-10-01T11:00Z,Whitelee,whitelee,155,0
2026-10-01T12:00Z,Beatrice,beatrice,155,0
2026-10-01T12:00Z,Burbo Bank Extension,burbo,45,0
2026-10-01T12:00Z,Carrington,carrington,0,0
2026-10-01T12:00Z,Clyde,clyde,215,0
2026-10-01T12:00Z,Cruachan,cruachan,0,0
2026-10-01T12:00Z,Didcot B,didcot,1015,0
2026-10-01T12:00Z,Dinorwig,dinorwig,0,0
2026-10-01T12:00Z,Dogger Bank A,doggerA,220,0
2026-10-01T12:00Z,Drax,drax,1915,0
2026-10-01T12:00Z,East Anglia ONE,ea1,200,0
2026-10-01T12:00Z,Ffestiniog,ffestiniog,0,0
2026-10-01T12:00Z,Foyers,foyers,0,0
2026-10-01T12:00Z,Galloper,galloper,60,0
2026-10-01T12:00Z,Grain,grainpp,0,0
2026-10-01T12:00Z,Greater Gabbard,gabbard,85,0
2026-10-01T12:00Z,Gwynt y Môr,gym,180,0
2026-10-01T12:00Z,Hartlepool,hartlepool,580,0
2026-10-01T12:00Z,Heysham 1,heysham1,395,0
2026-10-01T12:00Z,Heysham 2,heysham2,545,0
2026-10-01T12:00Z,Hornsea One,hornsea1,225,0
2026-10-01T12:00Z,Hornsea Two,hornsea2,250,0
2026-10-01T12:00Z,Keadby 2,keadby2,380,0
2026-10-01T12:00Z,Moray East,morayeast,245,245
2026-10-01T12:00Z,Moray West,moraywest,245,140
2026-10-01T12:00Z,Neart na Gaoithe,nng,175,0
2026-10-01T12:00Z,Pembroke,pembroke,440,0
2026-10-01T12:00Z,Pen y Cymoedd,penycymoedd,60,0
2026-10-01T12:00Z,Peterhead,peterhead,725,0
2026-10-01T12:00Z,Race Bank,racebank,15,0
2026-10-01T12:00Z,Rampion,rampion,100,0
2026-10-01T12:00Z,Seagreen,seagreen,375,240
2026-10-01T12:00Z,Sizewell B,sizewellb,1190,0
2026-10-01T12:00Z,Staythorpe,staythorpe,815,0
2026-10-01T12:00Z,Torness,torness,1290,0
2026-10-01T12:00Z,Triton Knoll,triton,15,0
2026-10-01T12:00Z,Viking Link,viking,50,0
2026-10-01T12:00Z,Walney 1 & 2,walney,115,0
2026-10-01T12:00Z,Walney Extension,walneyx,240,0
2026-10-01T12:00Z,West Burton B,westburton,790,0
2026-10-01T12:00Z,Whitelee,whitelee,180,0
2026-10-01T13:00Z,Beatrice,beatrice,130,0
2026-10-01T13:00Z,Burbo Bank Extension,burbo,50,0
2026-10-01T13:00Z,Carrington,carrington,0,0
2026-10-01T13:00Z,Clyde,clyde,235,0
2026-10-01T13:00Z,Cruachan,cruachan,0,0
2026-10-01T13:00Z,Didcot B,didcot,1015,0
2026-10-01T13:00Z,Dinorwig,dinorwig,0,0
2026-10-01T13:00Z,Dogger Bank A,doggerA,195,0
2026-10-01T13:00Z,Drax,drax,1915,0
2026-10-01T13:00Z,East Anglia ONE,ea1,155,0
2026-10-01T13:00Z,Ffestiniog,ffestiniog,0,0
2026-10-01T13:00Z,Foyers,foyers,75,0
2026-10-01T13:00Z,Galloper,galloper,50,0
2026-10-01T13:00Z,Grain,grainpp,0,0
2026-10-01T13:00Z,Greater Gabbard,gabbard,80,0
2026-10-01T13:00Z,Gwynt y Môr,gym,175,0
2026-10-01T13:00Z,Hartlepool,hartlepool,580,0
2026-10-01T13:00Z,Heysham 1,heysham1,395,0
2026-10-01T13:00Z,Heysham 2,heysham2,545,0
2026-10-01T13:00Z,Hornsea One,hornsea1,180,0
2026-10-01T13:00Z,Hornsea Two,hornsea2,200,0
2026-10-01T13:00Z,Keadby 2,keadby2,750,0
2026-10-01T13:00Z,Moray East,morayeast,240,240
2026-10-01T13:00Z,Moray West,moraywest,215,190
2026-10-01T13:00Z,Neart na Gaoithe,nng,150,0
2026-10-01T13:00Z,Pembroke,pembroke,475,0
2026-10-01T13:00Z,Pen y Cymoedd,penycymoedd,65,0
2026-10-01T13:00Z,Peterhead,peterhead,725,0
2026-10-01T13:00Z,Race Bank,racebank,30,0
2026-10-01T13:00Z,Rampion,rampion,115,0
2026-10-01T13:00Z,Seagreen,seagreen,390,300
2026-10-01T13:00Z,Sizewell B,sizewellb,1190,0
2026-10-01T13:00Z,Staythorpe,staythorpe,815,0
2026-10-01T13:00Z,Torness,torness,1290,0
2026-10-01T13:00Z,Triton Knoll,triton,10,0
2026-10-01T13:00Z,Viking Link,viking,50,0
2026-10-01T13:00Z,Walney 1 & 2,walney,120,0
2026-10-01T13:00Z,Walney Extension,walneyx,265,0
2026-10-01T13:00Z,West Burton B,westburton,790,0
2026-10-01T13:00Z,Whitelee,whitelee,165,0
2026-10-01T14:00Z,Beatrice,beatrice,120,20
2026-10-01T14:00Z,Burbo Bank Extension,burbo,50,0
2026-10-01T14:00Z,Carrington,carrington,155,0
2026-10-01T14:00Z,Clyde,clyde,245,0
2026-10-01T14:00Z,Cruachan,cruachan,0,0
2026-10-01T14:00Z,Didcot B,didcot,1280,0
2026-10-01T14:00Z,Dinorwig,dinorwig,0,0
2026-10-01T14:00Z,Dogger Bank A,doggerA,155,0
2026-10-01T14:00Z,Drax,drax,1915,0
2026-10-01T14:00Z,East Anglia ONE,ea1,115,0
2026-10-01T14:00Z,Ffestiniog,ffestiniog,0,0
2026-10-01T14:00Z,Foyers,foyers,145,0
2026-10-01T14:00Z,Galloper,galloper,45,0
2026-10-01T14:00Z,Grain,grainpp,0,0
2026-10-01T14:00Z,Greater Gabbard,gabbard,75,0
2026-10-01T14:00Z,Gwynt y Môr,gym,145,0
2026-10-01T14:00Z,Hartlepool,hartlepool,580,0
2026-10-01T14:00Z,Heysham 1,heysham1,395,0
2026-10-01T14:00Z,Heysham 2,heysham2,545,0
2026-10-01T14:00Z,Hornsea One,hornsea1,140,0
2026-10-01T14:00Z,Hornsea Two,hornsea2,140,0
2026-10-01T14:00Z,Keadby 2,keadby2,810,0
2026-10-01T14:00Z,Moray East,morayeast,225,225
2026-10-01T14:00Z,Moray West,moraywest,200,200
2026-10-01T14:00Z,Neart na Gaoithe,nng,140,0
2026-10-01T14:00Z,Pembroke,pembroke,900,0
2026-10-01T14:00Z,Pen y Cymoedd,penycymoedd,75,0
2026-10-01T14:00Z,Peterhead,peterhead,735,0
2026-10-01T14:00Z,Race Bank,racebank,40,0
2026-10-01T14:00Z,Rampion,rampion,125,0
2026-10-01T14:00Z,Seagreen,seagreen,410,325
2026-10-01T14:00Z,Sizewell B,sizewellb,1190,0
2026-10-01T14:00Z,Staythorpe,staythorpe,1565,0
2026-10-01T14:00Z,Torness,torness,1290,0
2026-10-01T14:00Z,Triton Knoll,triton,10,0
2026-10-01T14:00Z,Viking Link,viking,50,0
2026-10-01T14:00Z,Walney 1 & 2,walney,130,0
2026-10-01T14:00Z,Walney Extension,walneyx,295,0
2026-10-01T14:00Z,West Burton B,westburton,790,0
2026-10-01T14:00Z,Whitelee,whitelee,145,0
2026-10-01T15:00Z,Beatrice,beatrice,130,35
2026-10-01T15:00Z,Burbo Bank Extension,burbo,65,0
2026-10-01T15:00Z,Carrington,carrington,425,0
2026-10-01T15:00Z,Clyde,clyde,265,0
2026-10-01T15:00Z,Cruachan,cruachan,0,0
2026-10-01T15:00Z,Didcot B,didcot,1310,0
2026-10-01T15:00Z,Dinorwig,dinorwig,0,0
2026-10-01T15:00Z,Dogger Bank A,doggerA,115,0
2026-10-01T15:00Z,Drax,drax,1915,0
2026-10-01T15:00Z,East Anglia ONE,ea1,115,0
2026-10-01T15:00Z,Ffestiniog,ffestiniog,0,0
2026-10-01T15:00Z,Foyers,foyers,150,0
2026-10-01T15:00Z,Galloper,galloper,45,0
2026-10-01T15:00Z,Grain,grainpp,220,0
2026-10-01T15:00Z,Greater Gabbard,gabbard,70,0
2026-10-01T15:00Z,Gwynt y Môr,gym,120,0
2026-10-01T15:00Z,Hartlepool,hartlepool,580,0
2026-10-01T15:00Z,Heysham 1,heysham1,395,0
2026-10-01T15:00Z,Heysham 2,heysham2,545,0
2026-10-01T15:00Z,Hornsea One,hornsea1,80,0
2026-10-01T15:00Z,Hornsea Two,hornsea2,75,0
2026-10-01T15:00Z,Keadby 2,keadby2,810,0
2026-10-01T15:00Z,Moray East,morayeast,205,205
2026-10-01T15:00Z,Moray West,moraywest,220,220
2026-10-01T15:00Z,Neart na Gaoithe,nng,125,0
2026-10-01T15:00Z,Pembroke,pembroke,1275,0
2026-10-01T15:00Z,Pen y Cymoedd,penycymoedd,85,0
2026-10-01T15:00Z,Peterhead,peterhead,1040,0
2026-10-01T15:00Z,Race Bank,racebank,50,0
2026-10-01T15:00Z,Rampion,rampion,135,0
2026-10-01T15:00Z,Seagreen,seagreen,420,335
2026-10-01T15:00Z,Sizewell B,sizewellb,1190,0
2026-10-01T15:00Z,Staythorpe,staythorpe,1650,0
2026-10-01T15:00Z,Torness,torness,1290,0
2026-10-01T15:00Z,Triton Knoll,triton,20,0
2026-10-01T15:00Z,Viking Link,viking,50,0
2026-10-01T15:00Z,Walney 1 & 2,walney,155,0
2026-10-01T15:00Z,Walney Extension,walneyx,350,0
2026-10-01T15:00Z,West Burton B,westburton,795,0
2026-10-01T15:00Z,Whitelee,whitelee,130,0
2026-10-01T16:00Z,Beatrice,beatrice,120,15
2026-10-01T16:00Z,Burbo Bank Extension,burbo,70,0
2026-10-01T16:00Z,Carrington,carrington,425,0
2026-10-01T16:00Z,Clyde,clyde,265,0
2026-10-01T16:00Z,Cruachan,cruachan,240,0
2026-10-01T16:00Z,Didcot B,didcot,1315,0
2026-10-01T16:00Z,Dinorwig,dinorwig,565,0
2026-10-01T16:00Z,Dogger Bank A,doggerA,80,0
2026-10-01T16:00Z,Drax,drax,1915,0
2026-10-01T16:00Z,East Anglia ONE,ea1,115,0
2026-10-01T16:00Z,Ffestiniog,ffestiniog,0,0
2026-10-01T16:00Z,Foyers,foyers,150,0
2026-10-01T16:00Z,Galloper,galloper,35,0
2026-10-01T16:00Z,Grain,grainpp,750,0
2026-10-01T16:00Z,Greater Gabbard,gabbard,55,0
2026-10-01T16:00Z,Gwynt y Môr,gym,130,0
2026-10-01T16:00Z,Hartlepool,hartlepool,580,0
2026-10-01T16:00Z,Heysham 1,heysham1,395,0
2026-10-01T16:00Z,Heysham 2,heysham2,545,0
2026-10-01T16:00Z,Hornsea One,hornsea1,65,0
2026-10-01T16:00Z,Hornsea Two,hornsea2,55,0
2026-10-01T16:00Z,Keadby 2,keadby2,815,0
2026-10-01T16:00Z,Moray East,morayeast,220,220
2026-10-01T16:00Z,Moray West,moraywest,235,225
2026-10-01T16:00Z,Neart na Gaoithe,nng,95,0
2026-10-01T16:00Z,Pembroke,pembroke,1965,0
2026-10-01T16:00Z,Pen y Cymoedd,penycymoedd,75,0
2026-10-01T16:00Z,Peterhead,peterhead,1145,0
2026-10-01T16:00Z,Race Bank,racebank,40,0
2026-10-01T16:00Z,Rampion,rampion,135,0
2026-10-01T16:00Z,Seagreen,seagreen,395,285
2026-10-01T16:00Z,Sizewell B,sizewellb,1190,0
2026-10-01T16:00Z,Staythorpe,staythorpe,1655,0
2026-10-01T16:00Z,Torness,torness,1290,0
2026-10-01T16:00Z,Triton Knoll,triton,20,0
2026-10-01T16:00Z,Viking Link,viking,40,0
2026-10-01T16:00Z,Walney 1 & 2,walney,180,0
2026-10-01T16:00Z,Walney Extension,walneyx,450,0
2026-10-01T16:00Z,West Burton B,westburton,940,0
2026-10-01T16:00Z,Whitelee,whitelee,120,0
2026-10-01T17:00Z,Beatrice,beatrice,145,0
2026-10-01T17:00Z,Burbo Bank Extension,burbo,75,0
2026-10-01T17:00Z,Carrington,carrington,430,0
2026-10-01T17:00Z,Clyde,clyde,245,0
2026-10-01T17:00Z,Cruachan,cruachan,240,0
2026-10-01T17:00Z,Didcot B,didcot,1325,0
2026-10-01T17:00Z,Dinorwig,dinorwig,600,0
2026-10-01T17:00Z,Dogger Bank A,doggerA,65,0
2026-10-01T17:00Z,Drax,drax,1915,0
2026-10-01T17:00Z,East Anglia ONE,ea1,135,0
2026-10-01T17:00Z,Ffestiniog,ffestiniog,170,0
2026-10-01T17:00Z,Foyers,foyers,150,0
2026-10-01T17:00Z,Galloper,galloper,30,0
2026-10-01T17:00Z,Grain,grainpp,800,0
2026-10-01T17:00Z,Greater Gabbard,gabbard,45,0
2026-10-01T17:00Z,Gwynt y Môr,gym,140,0
2026-10-01T17:00Z,Hartlepool,hartlepool,580,0
2026-10-01T17:00Z,Heysham 1,heysham1,395,0
2026-10-01T17:00Z,Heysham 2,heysham2,545,0
2026-10-01T17:00Z,Hornsea One,hornsea1,40,0
2026-10-01T17:00Z,Hornsea Two,hornsea2,45,0
2026-10-01T17:00Z,Keadby 2,keadby2,820,0
2026-10-01T17:00Z,Moray East,morayeast,225,225
2026-10-01T17:00Z,Moray West,moraywest,205,105
2026-10-01T17:00Z,Neart na Gaoithe,nng,95,0
2026-10-01T17:00Z,Pembroke,pembroke,2115,0
2026-10-01T17:00Z,Pen y Cymoedd,penycymoedd,70,0
2026-10-01T17:00Z,Peterhead,peterhead,1150,0
2026-10-01T17:00Z,Race Bank,racebank,40,0
2026-10-01T17:00Z,Rampion,rampion,125,0
2026-10-01T17:00Z,Seagreen,seagreen,390,190
2026-10-01T17:00Z,Sizewell B,sizewellb,1190,0
2026-10-01T17:00Z,Staythorpe,staythorpe,1665,0
2026-10-01T17:00Z,Torness,torness,1290,0
2026-10-01T17:00Z,Triton Knoll,triton,20,0
2026-10-01T17:00Z,Viking Link,viking,30,0
2026-10-01T17:00Z,Walney 1 & 2,walney,215,0
2026-10-01T17:00Z,Walney Extension,walneyx,525,0
2026-10-01T17:00Z,West Burton B,westburton,1220,0
2026-10-01T17:00Z,Whitelee,whitelee,105,0
2026-10-01T18:00Z,Beatrice,beatrice,120,0
2026-10-01T18:00Z,Burbo Bank Extension,burbo,75,0
2026-10-01T18:00Z,Carrington,carrington,430,0
2026-10-01T18:00Z,Clyde,clyde,210,0
2026-10-01T18:00Z,Cruachan,cruachan,180,0
2026-10-01T18:00Z,Didcot B,didcot,1340,0
2026-10-01T18:00Z,Dinorwig,dinorwig,600,0
2026-10-01T18:00Z,Dogger Bank A,doggerA,75,0
2026-10-01T18:00Z,Drax,drax,1915,0
2026-10-01T18:00Z,East Anglia ONE,ea1,125,0
2026-10-01T18:00Z,Ffestiniog,ffestiniog,180,0
2026-10-01T18:00Z,Foyers,foyers,150,0
2026-10-01T18:00Z,Galloper,galloper,35,0
2026-10-01T18:00Z,Grain,grainpp,800,0
2026-10-01T18:00Z,Greater Gabbard,gabbard,30,0
2026-10-01T18:00Z,Gwynt y Môr,gym,145,0
2026-10-01T18:00Z,Hartlepool,hartlepool,580,0
2026-10-01T18:00Z,Heysham 1,heysham1,395,0
2026-10-01T18:00Z,Heysham 2,heysham2,545,0
2026-10-01T18:00Z,Hornsea One,hornsea1,40,0
2026-10-01T18:00Z,Hornsea Two,hornsea2,50,0
2026-10-01T18:00Z,Keadby 2,keadby2,825,0
2026-10-01T18:00Z,Moray East,morayeast,230,230
2026-10-01T18:00Z,Moray West,moraywest,255,90
2026-10-01T18:00Z,Neart na Gaoithe,nng,180,0
2026-10-01T18:00Z,Pembroke,pembroke,2125,0
2026-10-01T18:00Z,Pen y Cymoedd,penycymoedd,80,0
2026-10-01T18:00Z,Peterhead,peterhead,1150,0
2026-10-01T18:00Z,Race Bank,racebank,35,0
2026-10-01T18:00Z,Rampion,rampion,115,0
2026-10-01T18:00Z,Seagreen,seagreen,430,130
2026-10-01T18:00Z,Sizewell B,sizewellb,1190,0
2026-10-01T18:00Z,Staythorpe,staythorpe,1675,0
2026-10-01T18:00Z,Torness,torness,1290,0
2026-10-01T18:00Z,Triton Knoll,triton,20,0
2026-10-01T18:00Z,Viking Link,viking,20,0
2026-10-01T18:00Z,Walney 1 & 2,walney,255,0
2026-10-01T18:00Z,Walney Extension,walneyx,555,0
2026-10-01T18:00Z,West Burton B,westburton,1220,0
2026-10-01T18:00Z,Whitelee,whitelee,120,0
2026-10-01T19:00Z,Beatrice,beatrice,120,10
2026-10-01T19:00Z,Burbo Bank Extension,burbo,65,0
2026-10-01T19:00Z,Carrington,carrington,430,0
2026-10-01T19:00Z,Clyde,clyde,200,0
2026-10-01T19:00Z,Cruachan,cruachan,240,0
2026-10-01T19:00Z,Didcot B,didcot,1355,0
2026-10-01T19:00Z,Dinorwig,dinorwig,310,0
2026-10-01T19:00Z,Dogger Bank A,doggerA,100,0
2026-10-01T19:00Z,Drax,drax,1935,0
2026-10-01T19:00Z,East Anglia ONE,ea1,145,0
2026-10-01T19:00Z,Ffestiniog,ffestiniog,10,0
2026-10-01T19:00Z,Foyers,foyers,150,0
2026-10-01T19:00Z,Galloper,galloper,40,0
2026-10-01T19:00Z,Grain,grainpp,800,0
2026-10-01T19:00Z,Greater Gabbard,gabbard,35,0
2026-10-01T19:00Z,Gwynt y Môr,gym,135,0
2026-10-01T19:00Z,Hartlepool,hartlepool,580,0
2026-10-01T19:00Z,Heysham 1,heysham1,395,0
2026-10-01T19:00Z,Heysham 2,heysham2,545,0
2026-10-01T19:00Z,Hornsea One,hornsea1,55,0
2026-10-01T19:00Z,Hornsea Two,hornsea2,75,0
2026-10-01T19:00Z,Keadby 2,keadby2,800,0
2026-10-01T19:00Z,Moray East,morayeast,260,260
2026-10-01T19:00Z,Moray West,moraywest,280,275
2026-10-01T19:00Z,Neart na Gaoithe,nng,300,0
2026-10-01T19:00Z,Pembroke,pembroke,2135,0
2026-10-01T19:00Z,Pen y Cymoedd,penycymoedd,75,0
2026-10-01T19:00Z,Peterhead,peterhead,1150,0
2026-10-01T19:00Z,Race Bank,racebank,40,0
2026-10-01T19:00Z,Rampion,rampion,95,0
2026-10-01T19:00Z,Seagreen,seagreen,540,150
2026-10-01T19:00Z,Sizewell B,sizewellb,1190,0
2026-10-01T19:00Z,Staythorpe,staythorpe,1680,0
2026-10-01T19:00Z,Torness,torness,1290,0
2026-10-01T19:00Z,Triton Knoll,triton,20,0
2026-10-01T19:00Z,Viking Link,viking,30,0
2026-10-01T19:00Z,Walney 1 & 2,walney,240,0
2026-10-01T19:00Z,Walney Extension,walneyx,555,0
2026-10-01T19:00Z,West Burton B,westburton,1225,0
2026-10-01T19:00Z,Whitelee,whitelee,145,0
2026-10-01T20:00Z,Beatrice,beatrice,160,20
2026-10-01T20:00Z,Burbo Bank Extension,burbo,65,0
2026-10-01T20:00Z,Carrington,carrington,430,0
2026-10-01T20:00Z,Clyde,clyde,235,0
2026-10-01T20:00Z,Cruachan,cruachan,0,0
2026-10-01T20:00Z,Didcot B,didcot,1360,0
2026-10-01T20:00Z,Dinorwig,dinorwig,0,0
2026-10-01T20:00Z,Dogger Bank A,doggerA,105,0
2026-10-01T20:00Z,Drax,drax,1935,0
2026-10-01T20:00Z,East Anglia ONE,ea1,155,0
2026-10-01T20:00Z,Ffestiniog,ffestiniog,0,0
2026-10-01T20:00Z,Foyers,foyers,150,0
2026-10-01T20:00Z,Galloper,galloper,50,0
2026-10-01T20:00Z,Grain,grainpp,800,0
2026-10-01T20:00Z,Greater Gabbard,gabbard,45,0
2026-10-01T20:00Z,Gwynt y Môr,gym,130,0
2026-10-01T20:00Z,Hartlepool,hartlepool,580,0
2026-10-01T20:00Z,Heysham 1,heysham1,395,0
2026-10-01T20:00Z,Heysham 2,heysham2,545,0
2026-10-01T20:00Z,Hornsea One,hornsea1,75,0
2026-10-01T20:00Z,Hornsea Two,hornsea2,95,0
2026-10-01T20:00Z,Keadby 2,keadby2,800,0
2026-10-01T20:00Z,Moray East,morayeast,310,310
2026-10-01T20:00Z,Moray West,moraywest,305,300
2026-10-01T20:00Z,Neart na Gaoithe,nng,305,0
2026-10-01T20:00Z,Pembroke,pembroke,2130,0
2026-10-01T20:00Z,Pen y Cymoedd,penycymoedd,75,0
2026-10-01T20:00Z,Peterhead,peterhead,1150,0
2026-10-01T20:00Z,Race Bank,racebank,35,0
2026-10-01T20:00Z,Rampion,rampion,75,0
2026-10-01T20:00Z,Seagreen,seagreen,670,330
2026-10-01T20:00Z,Sizewell B,sizewellb,1190,0
2026-10-01T20:00Z,Staythorpe,staythorpe,1685,0
2026-10-01T20:00Z,Torness,torness,1290,0
2026-10-01T20:00Z,Triton Knoll,triton,15,0
2026-10-01T20:00Z,Viking Link,viking,30,0
2026-10-01T20:00Z,Walney 1 & 2,walney,245,0
2026-10-01T20:00Z,Walney Extension,walneyx,565,0
2026-10-01T20:00Z,West Burton B,westburton,1235,0
2026-10-01T20:00Z,Whitelee,whitelee,155,0
2026-10-01T21:00Z,Beatrice,beatrice,260,0
2026-10-01T21:00Z,Burbo Bank Extension,burbo,70,0
2026-10-01T21:00Z,Carrington,carrington,415,0
2026-10-01T21:00Z,Clyde,clyde,280,0
2026-10-01T21:00Z,Cruachan,cruachan,0,0
2026-10-01T21:00Z,Didcot B,didcot,925,0
2026-10-01T21:00Z,Dinorwig,dinorwig,0,0
2026-10-01T21:00Z,Dogger Bank A,doggerA,95,0
2026-10-01T21:00Z,Drax,drax,1850,0
2026-10-01T21:00Z,East Anglia ONE,ea1,125,0
2026-10-01T21:00Z,Ffestiniog,ffestiniog,0,0
2026-10-01T21:00Z,Foyers,foyers,150,0
2026-10-01T21:00Z,Galloper,galloper,65,0
2026-10-01T21:00Z,Grain,grainpp,800,0
2026-10-01T21:00Z,Greater Gabbard,gabbard,70,0
2026-10-01T21:00Z,Gwynt y Môr,gym,125,0
2026-10-01T21:00Z,Hartlepool,hartlepool,580,0
2026-10-01T21:00Z,Heysham 1,heysham1,395,0
2026-10-01T21:00Z,Heysham 2,heysham2,545,0
2026-10-01T21:00Z,Hornsea One,hornsea1,70,0
2026-10-01T21:00Z,Hornsea Two,hornsea2,90,0
2026-10-01T21:00Z,Keadby 2,keadby2,800,0
2026-10-01T21:00Z,Moray East,morayeast,485,485
2026-10-01T21:00Z,Moray West,moraywest,430,400
2026-10-01T21:00Z,Neart na Gaoithe,nng,285,0
2026-10-01T21:00Z,Pembroke,pembroke,2125,0
2026-10-01T21:00Z,Pen y Cymoedd,penycymoedd,70,0
2026-10-01T21:00Z,Peterhead,peterhead,1150,0
2026-10-01T21:00Z,Race Bank,racebank,45,0
2026-10-01T21:00Z,Rampion,rampion,60,0
2026-10-01T21:00Z,Seagreen,seagreen,755,560
2026-10-01T21:00Z,Sizewell B,sizewellb,1190,0
2026-10-01T21:00Z,Staythorpe,staythorpe,1560,0
2026-10-01T21:00Z,Torness,torness,1290,0
2026-10-01T21:00Z,Triton Knoll,triton,20,0
2026-10-01T21:00Z,Viking Link,viking,40,0
2026-10-01T21:00Z,Walney 1 & 2,walney,225,0
2026-10-01T21:00Z,Walney Extension,walneyx,550,0
2026-10-01T21:00Z,West Burton B,westburton,1235,0
2026-10-01T21:00Z,Whitelee,whitelee,190,0
2026-10-01T22:00Z,Beatrice,beatrice,330,0
2026-10-01T22:00Z,Burbo Bank Extension,burbo,75,0
2026-10-01T22:00Z,Carrington,carrington,415,0
2026-10-01T22:00Z,Clyde,clyde,315,0
2026-10-01T22:00Z,Cruachan,cruachan,0,0
2026-10-01T22:00Z,Didcot B,didcot,655,0
2026-10-01T22:00Z,Dinorwig,dinorwig,0,0
2026-10-01T22:00Z,Dogger Bank A,doggerA,90,0
2026-10-01T22:00Z,Drax,drax,1450,0
2026-10-01T22:00Z,East Anglia ONE,ea1,90,0
2026-10-01T22:00Z,Ffestiniog,ffestiniog,0,0
2026-10-01T22:00Z,Foyers,foyers,150,0
2026-10-01T22:00Z,Galloper,galloper,60,0
2026-10-01T22:00Z,Grain,grainpp,800,0
2026-10-01T22:00Z,Greater Gabbard,gabbard,80,0
2026-10-01T22:00Z,Gwynt y Môr,gym,130,0
2026-10-01T22:00Z,Hartlepool,hartlepool,580,0
2026-10-01T22:00Z,Heysham 1,heysham1,395,0
2026-10-01T22:00Z,Heysham 2,heysham2,545,0
2026-10-01T22:00Z,Hornsea One,hornsea1,80,0
2026-10-01T22:00Z,Hornsea Two,hornsea2,95,0
2026-10-01T22:00Z,Keadby 2,keadby2,795,0
2026-10-01T22:00Z,Moray East,morayeast,605,605
2026-10-01T22:00Z,Moray West,moraywest,605,575
2026-10-01T22:00Z,Neart na Gaoithe,nng,270,0
2026-10-01T22:00Z,Pembroke,pembroke,2125,0
2026-10-01T22:00Z,Pen y Cymoedd,penycymoedd,70,0
2026-10-01T22:00Z,Peterhead,peterhead,655,0
2026-10-01T22:00Z,Race Bank,racebank,80,0
2026-10-01T22:00Z,Rampion,rampion,55,0
2026-10-01T22:00Z,Seagreen,seagreen,805,790
2026-10-01T22:00Z,Sizewell B,sizewellb,1190,0
2026-10-01T22:00Z,Staythorpe,staythorpe,455,0
2026-10-01T22:00Z,Torness,torness,1290,0
2026-10-01T22:00Z,Triton Knoll,triton,60,0
2026-10-01T22:00Z,Viking Link,viking,70,0
2026-10-01T22:00Z,Walney 1 & 2,walney,220,0
2026-10-01T22:00Z,Walney Extension,walneyx,555,0
2026-10-01T22:00Z,West Burton B,westburton,1235,0
2026-10-01T22:00Z,Whitelee,whitelee,190,0
2026-10-01T23:00Z,Beatrice,beatrice,380,0
2026-10-01T23:00Z,Burbo Bank Extension,burbo,85,0
2026-10-01T23:00Z,Carrington,carrington,415,0
2026-10-01T23:00Z,Clyde,clyde,330,0
2026-10-01T23:00Z,Cruachan,cruachan,0,0
2026-10-01T23:00Z,Didcot B,didcot,0,0
2026-10-01T23:00Z,Dinorwig,dinorwig,0,0
2026-10-01T23:00Z,Dogger Bank A,doggerA,100,0
2026-10-01T23:00Z,Dogger Bank B,doggerB,0,0
2026-10-01T23:00Z,Drax,drax,1675,0
2026-10-01T23:00Z,East Anglia ONE,ea1,90,0
2026-10-01T23:00Z,Ffestiniog,ffestiniog,0,0
2026-10-01T23:00Z,Foyers,foyers,150,0
2026-10-01T23:00Z,Galloper,galloper,55,0
2026-10-01T23:00Z,Grain,grainpp,800,0
2026-10-01T23:00Z,Greater Gabbard,gabbard,70,0
2026-10-01T23:00Z,Gwynt y Môr,gym,150,0
2026-10-01T23:00Z,Hartlepool,hartlepool,580,0
2026-10-01T23:00Z,Heysham 1,heysham1,395,0
2026-10-01T23:00Z,Heysham 2,heysham2,545,0
2026-10-01T23:00Z,Hornsea One,hornsea1,105,0
2026-10-01T23:00Z,Hornsea Two,hornsea2,105,0
2026-10-01T23:00Z,Keadby 2,keadby2,790,0
2026-10-01T23:00Z,Moray East,morayeast,620,620
2026-10-01T23:00Z,Moray West,moraywest,655,630
2026-10-01T23:00Z,Neart na Gaoithe,nng,290,0
2026-10-01T23:00Z,Pembroke,pembroke,2125,0
2026-10-01T23:00Z,Pen y Cymoedd,penycymoedd,70,0
2026-10-01T23:00Z,Peterhead,peterhead,140,0
2026-10-01T23:00Z,Race Bank,racebank,100,0
2026-10-01T23:00Z,Rampion,rampion,45,0
2026-10-01T23:00Z,Seagreen,seagreen,875,875
2026-10-01T23:00Z,Sizewell B,sizewellb,1190,0
2026-10-01T23:00Z,Staythorpe,staythorpe,0,0
2026-10-01T23:00Z,Torness,torness,1290,0
2026-10-01T23:00Z,Triton Knoll,triton,125,0
2026-10-01T23:00Z,Viking Link,viking,110,0
2026-10-01T23:00Z,Walney 1 & 2,walney,195,0
2026-10-01T23:00Z,Walney Extension,walneyx,535,0
2026-10-01T23:00Z,West Burton B,westburton,1240,0
2026-10-01T23:00Z,Whitelee,whitelee,175,0
2026-10-02T00:00Z,Beatrice,beatrice,425,0
2026-10-02T00:00Z,Burbo Bank Extension,burbo,110,0
2026-10-02T00:00Z,Carrington,carrington,415,0
2026-10-02T00:00Z,Clyde,clyde,345,0
2026-10-02T00:00Z,Cruachan,cruachan,0,0
2026-10-02T00:00Z,Didcot B,didcot,0,0
2026-10-02T00:00Z,Dinorwig,dinorwig,0,0
2026-10-02T00:00Z,Dogger Bank A,doggerA,130,0
2026-10-02T00:00Z,Dogger Bank B,doggerB,0,0
2026-10-02T00:00Z,Drax,drax,1915,0
2026-10-02T00:00Z,East Anglia ONE,ea1,80,0
2026-10-02T00:00Z,Ffestiniog,ffestiniog,0,0
2026-10-02T00:00Z,Foyers,foyers,75,0
2026-10-02T00:00Z,Galloper,galloper,50,0
2026-10-02T00:00Z,Grain,grainpp,800,0
2026-10-02T00:00Z,Greater Gabbard,gabbard,65,0
2026-10-02T00:00Z,Gwynt y Môr,gym,175,0
2026-10-02T00:00Z,Hartlepool,hartlepool,580,0
2026-10-02T00:00Z,Heysham 1,heysham1,395,0
2026-10-02T00:00Z,Heysham 2,heysham2,545,0
2026-10-02T00:00Z,Hornsea One,hornsea1,140,0
2026-10-02T00:00Z,Hornsea Two,hornsea2,150,0
2026-10-02T00:00Z,Keadby 2,keadby2,790,0
2026-10-02T00:00Z,Moray East,morayeast,630,630
2026-10-02T00:00Z,Moray West,moraywest,610,580
2026-10-02T00:00Z,Neart na Gaoithe,nng,355,50
2026-10-02T00:00Z,Pembroke,pembroke,2125,0
2026-10-02T00:00Z,Pen y Cymoedd,penycymoedd,55,0
2026-10-02T00:00Z,Peterhead,peterhead,0,0
2026-10-02T00:00Z,Race Bank,racebank,105,0
2026-10-02T00:00Z,Rampion,rampion,40,0
2026-10-02T00:00Z,Seagreen,seagreen,910,900
2026-10-02T00:00Z,Sizewell B,sizewellb,1190,0
2026-10-02T00:00Z,Staythorpe,staythorpe,0,0
2026-10-02T00:00Z,Torness,torness,1290,0
2026-10-02T00:00Z,Triton Knoll,triton,160,0
2026-10-02T00:00Z,Viking Link,viking,140,0
2026-10-02T00:00Z,Walney 1 & 2,walney,185,0
2026-10-02T00:00Z,Walney Extension,walneyx,530,0
2026-10-02T00:00Z,West Burton B,westburton,1240,0
2026-10-02T00:00Z,Whitelee,whitelee,160,0
2026-10-02T01:00Z,Beatrice,beatrice,445,10
2026-10-02T01:00Z,Burbo Bank Extension,burbo,150,0
2026-10-02T01:00Z,Carrington,carrington,415,0
2026-10-02T01:00Z,Clyde,clyde,350,0
2026-10-02T01:00Z,Cruachan,cruachan,0,0
2026-10-02T01:00Z,Didcot B,didcot,0,0
2026-10-02T01:00Z,Dinorwig,dinorwig,0,0
2026-10-02T01:00Z,Dogger Bank A,doggerA,200,0
2026-10-02T01:00Z,Dogger Bank B,doggerB,0,0
2026-10-02T01:00Z,Drax,drax,1935,0
2026-10-02T01:00Z,East Anglia ONE,ea1,25,0
2026-10-02T01:00Z,Ffestiniog,ffestiniog,0,0
2026-10-02T01:00Z,Foyers,foyers,145,0
2026-10-02T01:00Z,Galloper,galloper,45,0
2026-10-02T01:00Z,Grain,grainpp,800,0
2026-10-02T01:00Z,Greater Gabbard,gabbard,65,0
2026-10-02T01:00Z,Gwynt y Môr,gym,190,0
2026-10-02T01:00Z,Hartlepool,hartlepool,580,0
2026-10-02T01:00Z,Heysham 1,heysham1,395,0
2026-10-02T01:00Z,Heysham 2,heysham2,545,0
2026-10-02T01:00Z,Hornsea One,hornsea1,170,0
2026-10-02T01:00Z,Hornsea Two,hornsea2,195,0
2026-10-02T01:00Z,Keadby 2,keadby2,790,0
2026-10-02T01:00Z,Moray East,morayeast,640,640
2026-10-02T01:00Z,Moray West,moraywest,575,545
2026-10-02T01:00Z,Neart na Gaoithe,nng,335,160
2026-10-02T01:00Z,Pembroke,pembroke,2125,0
2026-10-02T01:00Z,Pen y Cymoedd,penycymoedd,60,0
2026-10-02T01:00Z,Peterhead,peterhead,0,0
2026-10-02T01:00Z,Race Bank,racebank,85,0
2026-10-02T01:00Z,Rampion,rampion,40,0
2026-10-02T01:00Z,Seagreen,seagreen,930,870
2026-10-02T01:00Z,Sizewell B,sizewellb,1190,0
2026-10-02T01:00Z,Staythorpe,staythorpe,0,0
2026-10-02T01:00Z,Torness,torness,1290,0
2026-10-02T01:00Z,Triton Knoll,triton,140,0
2026-10-02T01:00Z,Viking Link,viking,165,0
2026-10-02T01:00Z,Walney 1 & 2,walney,215,0
2026-10-02T01:00Z,Walney Extension,walneyx,535,0
2026-10-02T01:00Z,West Burton B,westburton,1245,0
2026-10-02T01:00Z,Whitelee,whitelee,135,0
2026-10-02T02:00Z,Beatrice,beatrice,460,30
2026-10-02T02:00Z,Burbo Bank Extension,burbo,155,0
2026-10-02T02:00Z,Carrington,carrington,415,0
2026-10-02T02:00Z,Clyde,clyde,340,0
2026-10-02T02:00Z,Cruachan,cruachan,0,0
2026-10-02T02:00Z,Didcot B,didcot,0,0
2026-10-02T02:00Z,Dinorwig,dinorwig,0,0
2026-10-02T02:00Z,Dogger Bank A,doggerA,290,0
2026-10-02T02:00Z,Dogger Bank B,doggerB,50,0
2026-10-02T02:00Z,Drax,drax,1935,0
2026-10-02T02:00Z,East Anglia ONE,ea1,5,0
2026-10-02T02:00Z,Ffestiniog,ffestiniog,0,0
2026-10-02T02:00Z,Foyers,foyers,150,0
2026-10-02T02:00Z,Galloper,galloper,35,0
2026-10-02T02:00Z,Grain,grainpp,800,0
2026-10-02T02:00Z,Greater Gabbard,gabbard,55,0
2026-10-02T02:00Z,Gwynt y Môr,gym,180,0
2026-10-02T02:00Z,Hartlepool,hartlepool,580,0
2026-10-02T02:00Z,Heysham 1,heysham1,395,0
2026-10-02T02:00Z,Heysham 2,heysham2,545,0
2026-10-02T02:00Z,Hornsea One,hornsea1,155,0
2026-10-02T02:00Z,Hornsea Two,hornsea2,195,0
2026-10-02T02:00Z,Keadby 2,keadby2,790,0
2026-10-02T02:00Z,Moray East,morayeast,675,675
2026-10-02T02:00Z,Moray West,moraywest,590,570
2026-10-02T02:00Z,Neart na Gaoithe,nng,300,90
2026-10-02T02:00Z,Pembroke,pembroke,2125,0
2026-10-02T02:00Z,Pen y Cymoedd,penycymoedd,80,0
2026-10-02T02:00Z,Peterhead,peterhead,0,0
2026-10-02T02:00Z,Race Bank,racebank,85,0
2026-10-02T02:00Z,Rampion,rampion,40,0
2026-10-02T02:00Z,Seagreen,seagreen,945,915
2026-10-02T02:00Z,Sizewell B,sizewellb,1190,0
2026-10-02T02:00Z,Staythorpe,staythorpe,0,0
2026-10-02T02:00Z,Torness,torness,1290,0
2026-10-02T02:00Z,Triton Knoll,triton,115,0
2026-10-02T02:00Z,Viking Link,viking,175,0
2026-10-02T02:00Z,Walney 1 & 2,walney,220,0
2026-10-02T02:00Z,Walney Extension,walneyx,540,0
2026-10-02T02:00Z,West Burton B,westburton,1245,0
2026-10-02T02:00Z,Whitelee,whitelee,110,0
2026-10-02T03:00Z,Beatrice,beatrice,455,85
2026-10-02T03:00Z,Burbo Bank Extension,burbo,145,0
2026-10-02T03:00Z,Carrington,carrington,415,0
2026-10-02T03:00Z,Clyde,clyde,335,0
2026-10-02T03:00Z,Cruachan,cruachan,0,0
2026-10-02T03:00Z,Didcot B,didcot,0,0
2026-10-02T03:00Z,Dinorwig,dinorwig,0,0
2026-10-02T03:00Z,Dogger Bank A,doggerA,335,0
2026-10-02T03:00Z,Dogger Bank B,doggerB,105,0
2026-10-02T03:00Z,Drax,drax,1900,0
2026-10-02T03:00Z,East Anglia ONE,ea1,10,0
2026-10-02T03:00Z,Ffestiniog,ffestiniog,0,0
2026-10-02T03:00Z,Foyers,foyers,150,0
2026-10-02T03:00Z,Galloper,galloper,20,0
2026-10-02T03:00Z,Grain,grainpp,800,0
2026-10-02T03:00Z,Greater Gabbard,gabbard,40,0
2026-10-02T03:00Z,Gwynt y Môr,gym,175,0
2026-10-02T03:00Z,Hartlepool,hartlepool,580,0
2026-10-02T03:00Z,Heysham 1,heysham1,395,0
2026-10-02T03:00Z,Heysham 2,heysham2,545,0
2026-10-02T03:00Z,Hornsea One,hornsea1,180,0
2026-10-02T03:00Z,Hornsea Two,hornsea2,200,0
2026-10-02T03:00Z,Keadby 2,keadby2,770,0
2026-10-02T03:00Z,Moray East,morayeast,665,665
2026-10-02T03:00Z,Moray West,moraywest,545,530
2026-10-02T03:00Z,Neart na Gaoithe,nng,375,260
2026-10-02T03:00Z,Pembroke,pembroke,2130,0
2026-10-02T03:00Z,Pen y Cymoedd,penycymoedd,90,0
2026-10-02T03:00Z,Peterhead,peterhead,0,0
2026-10-02T03:00Z,Race Bank,racebank,105,0
2026-10-02T03:00Z,Rampion,rampion,40,0
2026-10-02T03:00Z,Seagreen,seagreen,955,955
2026-10-02T03:00Z,Sizewell B,sizewellb,1190,0
2026-10-02T03:00Z,Staythorpe,staythorpe,0,0
2026-10-02T03:00Z,Torness,torness,1290,0
2026-10-02T03:00Z,Triton Knoll,triton,115,0
2026-10-02T03:00Z,Viking Link,viking,190,0
2026-10-02T03:00Z,Walney 1 & 2,walney,245,0
2026-10-02T03:00Z,Walney Extension,walneyx,560,0
2026-10-02T03:00Z,West Burton B,westburton,1250,0
2026-10-02T03:00Z,Whitelee,whitelee,110,0
2026-10-02T04:00Z,Beatrice,beatrice,430,70
2026-10-02T04:00Z,Burbo Bank Extension,burbo,110,0
2026-10-02T04:00Z,Carrington,carrington,415,0
2026-10-02T04:00Z,Clyde,clyde,320,0
2026-10-02T04:00Z,Cruachan,cruachan,0,0
2026-10-02T04:00Z,Didcot B,didcot,0,0
2026-10-02T04:00Z,Dinorwig,dinorwig,0,0
2026-10-02T04:00Z,Dogger Bank A,doggerA,325,0
2026-10-02T04:00Z,Dogger Bank B,doggerB,110,0
2026-10-02T04:00Z,Drax,drax,1850,0
2026-10-02T04:00Z,East Anglia ONE,ea1,15,0
2026-10-02T04:00Z,Ffestiniog,ffestiniog,0,0
2026-10-02T04:00Z,Foyers,foyers,150,0
2026-10-02T04:00Z,Galloper,galloper,15,0
2026-10-02T04:00Z,Grain,grainpp,800,0
2026-10-02T04:00Z,Greater Gabbard,gabbard,30,0
2026-10-02T04:00Z,Gwynt y Môr,gym,170,0
2026-10-02T04:00Z,Hartlepool,hartlepool,580,0
2026-10-02T04:00Z,Heysham 1,heysham1,395,0
2026-10-02T04:00Z,Heysham 2,heysham2,545,0
2026-10-02T04:00Z,Hornsea One,hornsea1,170,0
2026-10-02T04:00Z,Hornsea Two,hornsea2,200,0
2026-10-02T04:00Z,Keadby 2,keadby2,770,0
2026-10-02T04:00Z,Moray East,morayeast,635,635
2026-10-02T04:00Z,Moray West,moraywest,515,515
2026-10-02T04:00Z,Neart na Gaoithe,nng,385,210
2026-10-02T04:00Z,Pembroke,pembroke,2130,0
2026-10-02T04:00Z,Pen y Cymoedd,penycymoedd,95,0
2026-10-02T04:00Z,Peterhead,peterhead,0,0
2026-10-02T04:00Z,Race Bank,racebank,130,0
2026-10-02T04:00Z,Rampion,rampion,40,0
2026-10-02T04:00Z,Seagreen,seagreen,950,950
2026-10-02T04:00Z,Sizewell B,sizewellb,1190,0
2026-10-02T04:00Z,Staythorpe,staythorpe,0,0
2026-10-02T04:00Z,Torness,torness,1290,0
2026-10-02T04:00Z,Triton Knoll,triton,150,0
2026-10-02T04:00Z,Viking Link,viking,225,0
2026-10-02T04:00Z,Walney 1 & 2,walney,250,0
2026-10-02T04:00Z,Walney Extension,walneyx,580,0
2026-10-02T04:00Z,West Burton B,westburton,1250,0
2026-10-02T04:00Z,Whitelee,whitelee,80,0
2026-10-02T05:00Z,Beatrice,beatrice,425,170
2026-10-02T05:00Z,Burbo Bank Extension,burbo,90,0
2026-10-02T05:00Z,Carrington,carrington,430,0
2026-10-02T05:00Z,Clyde,clyde,295,0
2026-10-02T05:00Z,Cruachan,cruachan,180,0
2026-10-02T05:00Z,Didcot B,didcot,0,0
2026-10-02T05:00Z,Dinorwig,dinorwig,150,0
2026-10-02T05:00Z,Dogger Bank A,doggerA,355,0
2026-10-02T05:00Z,Dogger Bank B,doggerB,125,0
2026-10-02T05:00Z,Drax,drax,1850,0
2026-10-02T05:00Z,East Anglia ONE,ea1,25,0
2026-10-02T05:00Z,Ffestiniog,ffestiniog,80,0
2026-10-02T05:00Z,Foyers,foyers,150,0
2026-10-02T05:00Z,Galloper,galloper,15,0
2026-10-02T05:00Z,Grain,grainpp,800,0
2026-10-02T05:00Z,Greater Gabbard,gabbard,35,0
2026-10-02T05:00Z,Gwynt y Môr,gym,145,0
2026-10-02T05:00Z,Hartlepool,hartlepool,580,0
2026-10-02T05:00Z,Heysham 1,heysham1,395,0
2026-10-02T05:00Z,Heysham 2,heysham2,545,0
2026-10-02T05:00Z,Hornsea One,hornsea1,220,0
2026-10-02T05:00Z,Hornsea Two,hornsea2,285,0
2026-10-02T05:00Z,Keadby 2,keadby2,805,0
2026-10-02T05:00Z,Moray East,morayeast,650,650
2026-10-02T05:00Z,Moray West,moraywest,550,550
2026-10-02T05:00Z,Neart na Gaoithe,nng,370,120
2026-10-02T05:00Z,Pembroke,pembroke,2125,0
2026-10-02T05:00Z,Pen y Cymoedd,penycymoedd,95,0
2026-10-02T05:00Z,Peterhead,peterhead,0,0
2026-10-02T05:00Z,Race Bank,racebank,145,0
2026-10-02T05:00Z,Rampion,rampion,40,0
2026-10-02T05:00Z,Seagreen,seagreen,945,945
2026-10-02T05:00Z,Sizewell B,sizewellb,1190,0
2026-10-02T05:00Z,Staythorpe,staythorpe,95,0
2026-10-02T05:00Z,Torness,torness,1290,0
2026-10-02T05:00Z,Triton Knoll,triton,180,0
2026-10-02T05:00Z,Viking Link,viking,270,0
2026-10-02T05:00Z,Walney 1 & 2,walney,225,0
2026-10-02T05:00Z,Walney Extension,walneyx,565,0
2026-10-02T05:00Z,West Burton B,westburton,1250,0
2026-10-02T05:00Z,Whitelee,whitelee,85,0
2026-10-02T06:00Z,Beatrice,beatrice,440,195
2026-10-02T06:00Z,Burbo Bank Extension,burbo,85,0
2026-10-02T06:00Z,Carrington,carrington,430,0
2026-10-02T06:00Z,Clyde,clyde,265,0
2026-10-02T06:00Z,Cruachan,cruachan,240,0
2026-10-02T06:00Z,Didcot B,didcot,0,0
2026-10-02T06:00Z,Dinorwig,dinorwig,300,0
2026-10-02T06:00Z,Dogger Bank A,doggerA,405,0
2026-10-02T06:00Z,Dogger Bank B,doggerB,140,0
2026-10-02T06:00Z,Drax,drax,1850,0
2026-10-02T06:00Z,East Anglia ONE,ea1,60,0
2026-10-02T06:00Z,Ffestiniog,ffestiniog,180,0
2026-10-02T06:00Z,Foyers,foyers,150,0
2026-10-02T06:00Z,Galloper,galloper,20,0
2026-10-02T06:00Z,Grain,grainpp,800,0
2026-10-02T06:00Z,Greater Gabbard,gabbard,30,0
2026-10-02T06:00Z,Gwynt y Môr,gym,145,0
2026-10-02T06:00Z,Hartlepool,hartlepool,580,0
2026-10-02T06:00Z,Heysham 1,heysham1,395,0
2026-10-02T06:00Z,Heysham 2,heysham2,545,0
2026-10-02T06:00Z,Hornsea One,hornsea1,295,0
2026-10-02T06:00Z,Hornsea Two,hornsea2,385,0
2026-10-02T06:00Z,Keadby 2,keadby2,830,0
2026-10-02T06:00Z,Moray East,morayeast,630,630
2026-10-02T06:00Z,Moray West,moraywest,505,505
2026-10-02T06:00Z,Neart na Gaoithe,nng,335,175
2026-10-02T06:00Z,Pembroke,pembroke,2125,0
2026-10-02T06:00Z,Pen y Cymoedd,penycymoedd,100,0
2026-10-02T06:00Z,Peterhead,peterhead,0,0
2026-10-02T06:00Z,Race Bank,racebank,180,0
2026-10-02T06:00Z,Rampion,rampion,35,0
2026-10-02T06:00Z,Seagreen,seagreen,935,935
2026-10-02T06:00Z,Sizewell B,sizewellb,1190,0
2026-10-02T06:00Z,Staythorpe,staythorpe,415,0
2026-10-02T06:00Z,Torness,torness,1290,0
2026-10-02T06:00Z,Triton Knoll,triton,210,0
2026-10-02T06:00Z,Viking Link,viking,300,0
2026-10-02T06:00Z,Walney 1 & 2,walney,230,0
2026-10-02T06:00Z,Walney Extension,walneyx,540,0
2026-10-02T06:00Z,West Burton B,westburton,1250,0
2026-10-02T06:00Z,Whitelee,whitelee,105,0
2026-10-02T07:00Z,Beatrice,beatrice,440,195
2026-10-02T07:00Z,Burbo Bank Extension,burbo,95,0
2026-10-02T07:00Z,Carrington,carrington,430,0
2026-10-02T07:00Z,Clyde,clyde,255,0
2026-10-02T07:00Z,Cruachan,cruachan,240,0
2026-10-02T07:00Z,Didcot B,didcot,0,0
2026-10-02T07:00Z,Dinorwig,dinorwig,300,0
2026-10-02T07:00Z,Dogger Bank A,doggerA,495,0
2026-10-02T07:00Z,Dogger Bank B,doggerB,160,0
2026-10-02T07:00Z,Drax,drax,1850,0
2026-10-02T07:00Z,East Anglia ONE,ea1,70,0
2026-10-02T07:00Z,Ffestiniog,ffestiniog,100,0
2026-10-02T07:00Z,Foyers,foyers,150,0
2026-10-02T07:00Z,Galloper,galloper,20,0
2026-10-02T07:00Z,Grain,grainpp,800,0
2026-10-02T07:00Z,Greater Gabbard,gabbard,35,0
2026-10-02T07:00Z,Gwynt y Môr,gym,145,0
2026-10-02T07:00Z,Hartlepool,hartlepool,580,0
2026-10-02T07:00Z,Heysham 1,heysham1,395,0
2026-10-02T07:00Z,Heysham 2,heysham2,545,0
2026-10-02T07:00Z,Hornsea One,hornsea1,385,0
2026-10-02T07:00Z,Hornsea Two,hornsea2,490,0
2026-10-02T07:00Z,Keadby 2,keadby2,800,0
2026-10-02T07:00Z,Moray East,morayeast,615,615
2026-10-02T07:00Z,Moray West,moraywest,485,485
2026-10-02T07:00Z,Neart na Gaoithe,nng,315,140
2026-10-02T07:00Z,Pembroke,pembroke,2120,0
2026-10-02T07:00Z,Pen y Cymoedd,penycymoedd,90,0
2026-10-02T07:00Z,Peterhead,peterhead,0,0
2026-10-02T07:00Z,Race Bank,racebank,185,0
2026-10-02T07:00Z,Rampion,rampion,30,0
2026-10-02T07:00Z,Seagreen,seagreen,910,910
2026-10-02T07:00Z,Sizewell B,sizewellb,1190,0
2026-10-02T07:00Z,Staythorpe,staythorpe,415,0
2026-10-02T07:00Z,Torness,torness,1290,0
2026-10-02T07:00Z,Triton Knoll,triton,245,0
2026-10-02T07:00Z,Viking Link,viking,295,0
2026-10-02T07:00Z,Walney 1 & 2,walney,200,0
2026-10-02T07:00Z,Walney Extension,walneyx,490,0
2026-10-02T07:00Z,West Burton B,westburton,1235,0
2026-10-02T07:00Z,Whitelee,whitelee,110,0
2026-10-02T08:00Z,Beatrice,beatrice,435,190
2026-10-02T08:00Z,Burbo Bank Extension,burbo,115,0
2026-10-02T08:00Z,Carrington,carrington,60,0
2026-10-02T08:00Z,Clyde,clyde,275,0
2026-10-02T08:00Z,Cruachan,cruachan,120,0
2026-10-02T08:00Z,Didcot B,didcot,0,0
2026-10-02T08:00Z,Dinorwig,dinorwig,0,0
2026-10-02T08:00Z,Dogger Bank A,doggerA,575,0
2026-10-02T08:00Z,Dogger Bank B,doggerB,245,0
2026-10-02T08:00Z,Drax,drax,1850,0
2026-10-02T08:00Z,East Anglia ONE,ea1,100,0
2026-10-02T08:00Z,Ffestiniog,ffestiniog,0,0
2026-10-02T08:00Z,Foyers,foyers,150,0
2026-10-02T08:00Z,Galloper,galloper,25,0
2026-10-02T08:00Z,Grain,grainpp,675,0
2026-10-02T08:00Z,Greater Gabbard,gabbard,35,0
2026-10-02T08:00Z,Gwynt y Môr,gym,170,0
2026-10-02T08:00Z,Hartlepool,hartlepool,580,0
2026-10-02T08:00Z,Heysham 1,heysham1,395,0
2026-10-02T08:00Z,Heysham 2,heysham2,545,0
2026-10-02T08:00Z,Hornsea One,hornsea1,465,0
2026-10-02T08:00Z,Hornsea Two,hornsea2,610,0
2026-10-02T08:00Z,Keadby 2,keadby2,770,0
2026-10-02T08:00Z,Moray East,morayeast,625,625
2026-10-02T08:00Z,Moray West,moraywest,535,535
2026-10-02T08:00Z,Neart na Gaoithe,nng,285,30
2026-10-02T08:00Z,Pembroke,pembroke,1520,0
2026-10-02T08:00Z,Pen y Cymoedd,penycymoedd,95,0
2026-10-02T08:00Z,Peterhead,peterhead,0,0
2026-10-02T08:00Z,Race Bank,racebank,220,0
2026-10-02T08:00Z,Rampion,rampion,35,0
2026-10-02T08:00Z,Seagreen,seagreen,885,885
2026-10-02T08:00Z,Sizewell B,sizewellb,1190,0
2026-10-02T08:00Z,Staythorpe,staythorpe,420,0
2026-10-02T08:00Z,Torness,torness,1290,0
2026-10-02T08:00Z,Triton Knoll,triton,305,0
2026-10-02T08:00Z,Viking Link,viking,285,0
2026-10-02T08:00Z,Walney 1 & 2,walney,175,0
2026-10-02T08:00Z,Walney Extension,walneyx,490,0
2026-10-02T08:00Z,West Burton B,westburton,840,0
2026-10-02T08:00Z,Whitelee,whitelee,100,0
2026-10-02T09:00Z,Beatrice,beatrice,555,260
2026-10-02T09:00Z,Burbo Bank Extension,burbo,140,0
2026-10-02T09:00Z,Carrington,carrington,0,0
2026-10-02T09:00Z,Clyde,clyde,305,0
2026-10-02T09:00Z,Cruachan,cruachan,240,0
2026-10-02T09:00Z,Didcot B,didcot,0,0
2026-10-02T09:00Z,Dinorwig,dinorwig,0,0
2026-10-02T09:00Z,Dogger Bank A,doggerA,570,0
2026-10-02T09:00Z,Dogger Bank B,doggerB,215,0
2026-10-02T09:00Z,Drax,drax,1850,0
2026-10-02T09:00Z,East Anglia ONE,ea1,105,0
2026-10-02T09:00Z,Ffestiniog,ffestiniog,0,0
2026-10-02T09:00Z,Foyers,foyers,150,0
2026-10-02T09:00Z,Galloper,galloper,30,0
2026-10-02T09:00Z,Grain,grainpp,15,0
2026-10-02T09:00Z,Greater Gabbard,gabbard,40,0
2026-10-02T09:00Z,Gwynt y Môr,gym,220,0
2026-10-02T09:00Z,Hartlepool,hartlepool,580,0
2026-10-02T09:00Z,Heysham 1,heysham1,395,0
2026-10-02T09:00Z,Heysham 2,heysham2,545,0
2026-10-02T09:00Z,Hornsea One,hornsea1,535,0
2026-10-02T09:00Z,Hornsea Two,hornsea2,670,0
2026-10-02T09:00Z,Keadby 2,keadby2,770,0
2026-10-02T09:00Z,Moray East,morayeast,650,650
2026-10-02T09:00Z,Moray West,moraywest,575,575
2026-10-02T09:00Z,Neart na Gaoithe,nng,215,0
2026-10-02T09:00Z,Pembroke,pembroke,165,0
2026-10-02T09:00Z,Pen y Cymoedd,penycymoedd,105,0
2026-10-02T09:00Z,Peterhead,peterhead,0,0
2026-10-02T09:00Z,Race Bank,racebank,250,0
2026-10-02T09:00Z,Rampion,rampion,45,0
2026-10-02T09:00Z,Seagreen,seagreen,875,875
2026-10-02T09:00Z,Sizewell B,sizewellb,1190,0
2026-10-02T09:00Z,Staythorpe,staythorpe,410,0
2026-10-02T09:00Z,Torness,torness,1290,0
2026-10-02T09:00Z,Triton Knoll,triton,330,0
2026-10-02T09:00Z,Viking Link,viking,280,0
2026-10-02T09:00Z,Walney 1 & 2,walney,230,0
2026-10-02T09:00Z,Walney Extension,walneyx,570,0
2026-10-02T09:00Z,West Burton B,westburton,0,0
2026-10-02T09:00Z,Whitelee,whitelee,140,0
2026-10-02T10:00Z,Beatrice,beatrice,555,260
2026-10-02T10:00Z,Burbo Bank Extension,burbo,165,0
2026-10-02T10:00Z,Carrington,carrington,0,0
2026-10-02T10:00Z,Clyde,clyde,345,0
2026-10-02T10:00Z,Cruachan,cruachan,240,0
2026-10-02T10:00Z,Didcot B,didcot,0,0
2026-10-02T10:00Z,Dinorwig,dinorwig,0,0
2026-10-02T10:00Z,Dogger Bank A,doggerA,550,0
2026-10-02T10:00Z,Dogger Bank B,doggerB,260,0
2026-10-02T10:00Z,Drax,drax,1930,0
2026-10-02T10:00Z,East Anglia ONE,ea1,90,0
2026-10-02T10:00Z,Ffestiniog,ffestiniog,0,0
2026-10-02T10:00Z,Foyers,foyers,75,0
2026-10-02T10:00Z,Galloper,galloper,35,0
2026-10-02T10:00Z,Grain,grainpp,0,0
2026-10-02T10:00Z,Greater Gabbard,gabbard,45,0
2026-10-02T10:00Z,Gwynt y Môr,gym,295,0
2026-10-02T10:00Z,Hartlepool,hartlepool,580,0
2026-10-02T10:00Z,Heysham 1,heysham1,395,0
2026-10-02T10:00Z,Heysham 2,heysham2,545,0
2026-10-02T10:00Z,Hornsea One,hornsea1,580,0
2026-10-02T10:00Z,Hornsea Two,hornsea2,695,0
2026-10-02T10:00Z,Keadby 2,keadby2,770,0
2026-10-02T10:00Z,Moray East,morayeast,640,640
2026-10-02T10:00Z,Moray West,moraywest,550,550
2026-10-02T10:00Z,Neart na Gaoithe,nng,195,0
2026-10-02T10:00Z,Pembroke,pembroke,0,0
2026-10-02T10:00Z,Pen y Cymoedd,penycymoedd,105,0
2026-10-02T10:00Z,Peterhead,peterhead,0,0
2026-10-02T10:00Z,Race Bank,racebank,240,0
2026-10-02T10:00Z,Rampion,rampion,50,0
2026-10-02T10:00Z,Seagreen,seagreen,890,890
2026-10-02T10:00Z,Sizewell B,sizewellb,1190,0
2026-10-02T10:00Z,Staythorpe,staythorpe,125,0
2026-10-02T10:00Z,Torness,torness,1290,0
2026-10-02T10:00Z,Triton Knoll,triton,360,0
2026-10-02T10:00Z,Viking Link,viking,285,0
2026-10-02T10:00Z,Walney 1 & 2,walney,305,0
2026-10-02T10:00Z,Walney Extension,walneyx,620,0
2026-10-02T10:00Z,West Burton B,westburton,0,0
2026-10-02T10:00Z,Whitelee,whitelee,150,0
2026-10-02T11:00Z,Beatrice,beatrice,555,205
2026-10-02T11:00Z,Burbo Bank Extension,burbo,160,0
2026-10-02T11:00Z,Carrington,carrington,0,0
2026-10-02T11:00Z,Clyde,clyde,400,0
2026-10-02T11:00Z,Cruachan,cruachan,120,0
2026-10-02T11:00Z,Didcot B,didcot,0,0
2026-10-02T11:00Z,Dinorwig,dinorwig,0,0
2026-10-02T11:00Z,Dogger Bank A,doggerA,550,0
2026-10-02T11:00Z,Dogger Bank B,doggerB,260,0
2026-10-02T11:00Z,Drax,drax,1935,0
2026-10-02T11:00Z,East Anglia ONE,ea1,95,0
2026-10-02T11:00Z,Ffestiniog,ffestiniog,0,0
2026-10-02T11:00Z,Foyers,foyers,0,0
2026-10-02T11:00Z,Galloper,galloper,40,0
2026-10-02T11:00Z,Grain,grainpp,0,0
2026-10-02T11:00Z,Greater Gabbard,gabbard,50,0
2026-10-02T11:00Z,Gwynt y Môr,gym,365,0
2026-10-02T11:00Z,Hartlepool,hartlepool,580,0
2026-10-02T11:00Z,Heysham 1,heysham1,395,0
2026-10-02T11:00Z,Heysham 2,heysham2,545,0
2026-10-02T11:00Z,Hornsea One,hornsea1,675,0
2026-10-02T11:00Z,Hornsea Two,hornsea2,760,0
2026-10-02T11:00Z,Keadby 2,keadby2,420,0
2026-10-02T11:00Z,Moray East,morayeast,690,690
2026-10-02T11:00Z,Moray West,moraywest,535,535
2026-10-02T11:00Z,Neart na Gaoithe,nng,240,105
2026-10-02T11:00Z,Pembroke,pembroke,0,0
2026-10-02T11:00Z,Pen y Cymoedd,penycymoedd,100,0
2026-10-02T11:00Z,Peterhead,peterhead,0,0
2026-10-02T11:00Z,Race Bank,racebank,245,0
2026-10-02T11:00Z,Rampion,rampion,50,0
2026-10-02T11:00Z,Seagreen,seagreen,905,905
2026-10-02T11:00Z,Sizewell B,sizewellb,1190,0
2026-10-02T11:00Z,Staythorpe,staythorpe,0,0
2026-10-02T11:00Z,Torness,torness,1290,0
2026-10-02T11:00Z,Triton Knoll,triton,365,0
2026-10-02T11:00Z,Viking Link,viking,285,0
2026-10-02T11:00Z,Walney 1 & 2,walney,325,0
2026-10-02T11:00Z,Walney Extension,walneyx,620,0
2026-10-02T11:00Z,West Burton B,westburton,0,0
2026-10-02T11:00Z,Whitelee,whitelee,165,0
2026-10-02T12:00Z,Beatrice,beatrice,555,145
2026-10-02T12:00Z,Burbo Bank Extension,burbo,180,0
2026-10-02T12:00Z,Carrington,carrington,0,0
2026-10-02T12:00Z,Clyde,clyde,430,0
2026-10-02T12:00Z,Cruachan,cruachan,0,0
2026-10-02T12:00Z,Didcot B,didcot,115,0
2026-10-02T12:00Z,Dinorwig,dinorwig,0,0
2026-10-02T12:00Z,Dogger Bank A,doggerA,545,0
2026-10-02T12:00Z,Dogger Bank B,doggerB,260,0
2026-10-02T12:00Z,Drax,drax,1935,0
2026-10-02T12:00Z,East Anglia ONE,ea1,110,0
2026-10-02T12:00Z,Ffestiniog,ffestiniog,0,0
2026-10-02T12:00Z,Foyers,foyers,0,0
2026-10-02T12:00Z,Galloper,galloper,40,0
2026-10-02T12:00Z,Grain,grainpp,0,0
2026-10-02T12:00Z,Greater Gabbard,gabbard,55,0
2026-10-02T12:00Z,Gwynt y Môr,gym,410,0
2026-10-02T12:00Z,Hartlepool,hartlepool,580,0
2026-10-02T12:00Z,Heysham 1,heysham1,395,0
2026-10-02T12:00Z,Heysham 2,heysham2,545,0
2026-10-02T12:00Z,Hornsea One,hornsea1,720,0
2026-10-02T12:00Z,Hornsea Two,hornsea2,785,0
2026-10-02T12:00Z,Keadby 2,keadby2,380,0
2026-10-02T12:00Z,Moray East,morayeast,715,715
2026-10-02T12:00Z,Moray West,moraywest,505,505
2026-10-02T12:00Z,Neart na Gaoithe,nng,290,270
2026-10-02T12:00Z,Pembroke,pembroke,0,0
2026-10-02T12:00Z,Pen y Cymoedd,penycymoedd,110,0
2026-10-02T12:00Z,Peterhead,peterhead,0,0
2026-10-02T12:00Z,Race Bank,racebank,245,0
2026-10-02T12:00Z,Rampion,rampion,50,0
2026-10-02T12:00Z,Seagreen,seagreen,920,920
2026-10-02T12:00Z,Sizewell B,sizewellb,1190,0
2026-10-02T12:00Z,Staythorpe,staythorpe,0,0
2026-10-02T12:00Z,Torness,torness,1290,0
2026-10-02T12:00Z,Triton Knoll,triton,365,0
2026-10-02T12:00Z,Viking Link,viking,285,0
2026-10-02T12:00Z,Walney 1 & 2,walney,340,0
2026-10-02T12:00Z,Walney Extension,walneyx,625,0
2026-10-02T12:00Z,West Burton B,westburton,0,0
2026-10-02T12:00Z,Whitelee,whitelee,240,0
2026-10-02T13:00Z,Beatrice,beatrice,525,145
2026-10-02T13:00Z,Burbo Bank Extension,burbo,205,0
2026-10-02T13:00Z,Carrington,carrington,0,0
2026-10-02T13:00Z,Clyde,clyde,455,0
2026-10-02T13:00Z,Cruachan,cruachan,0,0
2026-10-02T13:00Z,Didcot B,didcot,400,0
2026-10-02T13:00Z,Dinorwig,dinorwig,0,0
2026-10-02T13:00Z,Dogger Bank A,doggerA,555,0
2026-10-02T13:00Z,Dogger Bank B,doggerB,260,0
2026-10-02T13:00Z,Drax,drax,1935,0
2026-10-02T13:00Z,East Anglia ONE,ea1,135,0
2026-10-02T13:00Z,Ffestiniog,ffestiniog,0,0
2026-10-02T13:00Z,Foyers,foyers,0,0
2026-10-02T13:00Z,Galloper,galloper,50,0
2026-10-02T13:00Z,Grain,grainpp,0,0
2026-10-02T13:00Z,Greater Gabbard,gabbard,55,0
2026-10-02T13:00Z,Gwynt y Môr,gym,425,0
2026-10-02T13:00Z,Hartlepool,hartlepool,580,0
2026-10-02T13:00Z,Heysham 1,heysham1,395,0
2026-10-02T13:00Z,Heysham 2,heysham2,545,0
2026-10-02T13:00Z,Hornsea One,hornsea1,660,0
2026-10-02T13:00Z,Hornsea Two,hornsea2,770,0
2026-10-02T13:00Z,Keadby 2,keadby2,380,0
2026-10-02T13:00Z,Moray East,morayeast,735,735
2026-10-02T13:00Z,Moray West,moraywest,480,480
2026-10-02T13:00Z,Neart na Gaoithe,nng,355,350
2026-10-02T13:00Z,Pembroke,pembroke,0,0
2026-10-02T13:00Z,Pen y Cymoedd,penycymoedd,110,0
2026-10-02T13:00Z,Peterhead,peterhead,0,0
2026-10-02T13:00Z,Race Bank,racebank,240,0
2026-10-02T13:00Z,Rampion,rampion,50,0
2026-10-02T13:00Z,Seagreen,seagreen,950,950
2026-10-02T13:00Z,Sizewell B,sizewellb,1190,0
2026-10-02T13:00Z,Staythorpe,staythorpe,0,0
2026-10-02T13:00Z,Torness,torness,1290,0
2026-10-02T13:00Z,Triton Knoll,triton,375,0
2026-10-02T13:00Z,Viking Link,viking,305,0
2026-10-02T13:00Z,Walney 1 & 2,walney,340,0
2026-10-02T13:00Z,Walney Extension,walneyx,625,0
2026-10-02T13:00Z,West Burton B,westburton,0,0
2026-10-02T13:00Z,Whitelee,whitelee,365,0
2026-10-02T14:00Z,Beatrice,beatrice,430,325
2026-10-02T14:00Z,Burbo Bank Extension,burbo,210,0
2026-10-02T14:00Z,Carrington,carrington,150,0
2026-10-02T14:00Z,Clyde,clyde,470,0
2026-10-02T14:00Z,Cruachan,cruachan,0,0
2026-10-02T14:00Z,Didcot B,didcot,660,0
2026-10-02T14:00Z,Dinorwig,dinorwig,0,0
2026-10-02T14:00Z,Dogger Bank A,doggerA,560,0
2026-10-02T14:00Z,Dogger Bank B,doggerB,260,0
2026-10-02T14:00Z,Drax,drax,1935,0
2026-10-02T14:00Z,East Anglia ONE,ea1,160,0
2026-10-02T14:00Z,Ffestiniog,ffestiniog,0,0
2026-10-02T14:00Z,Foyers,foyers,0,0
2026-10-02T14:00Z,Galloper,galloper,70,0
2026-10-02T14:00Z,Grain,grainpp,0,0
2026-10-02T14:00Z,Greater Gabbard,gabbard,75,0
2026-10-02T14:00Z,Gwynt y Môr,gym,420,0
2026-10-02T14:00Z,Hartlepool,hartlepool,580,0
2026-10-02T14:00Z,Heysham 1,heysham1,395,0
2026-10-02T14:00Z,Heysham 2,heysham2,545,0
2026-10-02T14:00Z,Hornsea One,hornsea1,735,0
2026-10-02T14:00Z,Hornsea Two,hornsea2,825,0
2026-10-02T14:00Z,Keadby 2,keadby2,630,0
2026-10-02T14:00Z,Moray East,morayeast,770,770
2026-10-02T14:00Z,Moray West,moraywest,615,615
2026-10-02T14:00Z,Neart na Gaoithe,nng,385,380
2026-10-02T14:00Z,Pembroke,pembroke,75,0
2026-10-02T14:00Z,Pen y Cymoedd,penycymoedd,105,0
2026-10-02T14:00Z,Peterhead,peterhead,0,0
2026-10-02T14:00Z,Race Bank,racebank,270,0
2026-10-02T14:00Z,Rampion,rampion,45,0
2026-10-02T14:00Z,Seagreen,seagreen,965,965
2026-10-02T14:00Z,Sizewell B,sizewellb,1190,0
2026-10-02T14:00Z,Staythorpe,staythorpe,0,0
2026-10-02T14:00Z,Torness,torness,1290,0
2026-10-02T14:00Z,Triton Knoll,triton,340,0
2026-10-02T14:00Z,Viking Link,viking,305,0
2026-10-02T14:00Z,Walney 1 & 2,walney,335,0
2026-10-02T14:00Z,Walney Extension,walneyx,620,0
2026-10-02T14:00Z,West Burton B,westburton,5,0
2026-10-02T14:00Z,Whitelee,whitelee,415,0
2026-10-02T15:00Z,Beatrice,beatrice,520,460
2026-10-02T15:00Z,Burbo Bank Extension,burbo,225,0
2026-10-02T15:00Z,Carrington,carrington,410,0
2026-10-02T15:00Z,Clyde,clyde,475,0
2026-10-02T15:00Z,Cruachan,cruachan,120,0
2026-10-02T15:00Z,Didcot B,didcot,660,0
2026-10-02T15:00Z,Dinorwig,dinorwig,0,0
2026-10-02T15:00Z,Dogger Bank A,doggerA,560,0
2026-10-02T15:00Z,Dogger Bank B,doggerB,260,0
2026-10-02T15:00Z,Drax,drax,1935,0
2026-10-02T15:00Z,East Anglia ONE,ea1,180,0
2026-10-02T15:00Z,Ffestiniog,ffestiniog,0,0
2026-10-02T15:00Z,Foyers,foyers,70,0
2026-10-02T15:00Z,Galloper,galloper,90,0
2026-10-02T15:00Z,Grain,grainpp,210,0
2026-10-02T15:00Z,Greater Gabbard,gabbard,95,0
2026-10-02T15:00Z,Gwynt y Môr,gym,450,0
2026-10-02T15:00Z,Hartlepool,hartlepool,580,0
2026-10-02T15:00Z,Heysham 1,heysham1,395,0
2026-10-02T15:00Z,Heysham 2,heysham2,545,0
2026-10-02T15:00Z,Hornsea One,hornsea1,815,0
2026-10-02T15:00Z,Hornsea Two,hornsea2,820,0
2026-10-02T15:00Z,Keadby 2,keadby2,585,0
2026-10-02T15:00Z,Moray East,morayeast,780,780
2026-10-02T15:00Z,Moray West,moraywest,735,735
2026-10-02T15:00Z,Neart na Gaoithe,nng,430,425
2026-10-02T15:00Z,Pembroke,pembroke,1490,0
2026-10-02T15:00Z,Pen y Cymoedd,penycymoedd,110,0
2026-10-02T15:00Z,Peterhead,peterhead,0,0
2026-10-02T15:00Z,Race Bank,racebank,330,0
2026-10-02T15:00Z,Rampion,rampion,40,0
2026-10-02T15:00Z,Seagreen,seagreen,985,985
2026-10-02T15:00Z,Sizewell B,sizewellb,1190,0
2026-10-02T15:00Z,Staythorpe,staythorpe,0,0
2026-10-02T15:00Z,Torness,torness,1290,0
2026-10-02T15:00Z,Triton Knoll,triton,335,0
2026-10-02T15:00Z,Viking Link,viking,310,0
2026-10-02T15:00Z,Walney 1 & 2,walney,340,0
2026-10-02T15:00Z,Walney Extension,walneyx,620,0
2026-10-02T15:00Z,West Burton B,westburton,155,0
2026-10-02T15:00Z,Whitelee,whitelee,415,0
2026-10-02T16:00Z,Beatrice,beatrice,550,490
2026-10-02T16:00Z,Burbo Bank Extension,burbo,235,0
2026-10-02T16:00Z,Carrington,carrington,425,0
2026-10-02T16:00Z,Clyde,clyde,480,0
2026-10-02T16:00Z,Cruachan,cruachan,240,0
2026-10-02T16:00Z,Didcot B,didcot,660,0
2026-10-02T16:00Z,Dinorwig,dinorwig,0,0
2026-10-02T16:00Z,Dogger Bank A,doggerA,560,0
2026-10-02T16:00Z,Dogger Bank B,doggerB,260,0
2026-10-02T16:00Z,Drax,drax,1935,0
2026-10-02T16:00Z,East Anglia ONE,ea1,215,0
2026-10-02T16:00Z,Ffestiniog,ffestiniog,0,0
2026-10-02T16:00Z,Foyers,foyers,150,0
2026-10-02T16:00Z,Galloper,galloper,100,0
2026-10-02T16:00Z,Grain,grainpp,330,0
2026-10-02T16:00Z,Greater Gabbard,gabbard,120,0
2026-10-02T16:00Z,Gwynt y Môr,gym,460,0
2026-10-02T16:00Z,Hartlepool,hartlepool,580,0
2026-10-02T16:00Z,Heysham 1,heysham1,395,0
2026-10-02T16:00Z,Heysham 2,heysham2,545,0
2026-10-02T16:00Z,Hornsea One,hornsea1,960,0
2026-10-02T16:00Z,Hornsea Two,hornsea2,900,0
2026-10-02T16:00Z,Keadby 2,keadby2,785,0
2026-10-02T16:00Z,Moray East,morayeast,810,810
2026-10-02T16:00Z,Moray West,moraywest,805,805
2026-10-02T16:00Z,Neart na Gaoithe,nng,430,425
2026-10-02T16:00Z,Pembroke,pembroke,2100,0
2026-10-02T16:00Z,Pen y Cymoedd,penycymoedd,120,0
2026-10-02T16:00Z,Peterhead,peterhead,0,0
2026-10-02T16:00Z,Race Bank,racebank,350,0
2026-10-02T16:00Z,Rampion,rampion,30,0
2026-10-02T16:00Z,Seagreen,seagreen,990,990
2026-10-02T16:00Z,Sizewell B,sizewellb,1190,0
2026-10-02T16:00Z,Staythorpe,staythorpe,0,0
2026-10-02T16:00Z,Torness,torness,1290,0
2026-10-02T16:00Z,Triton Knoll,triton,345,0
2026-10-02T16:00Z,Viking Link,viking,295,0
2026-10-02T16:00Z,Walney 1 & 2,walney,340,0
2026-10-02T16:00Z,Walney Extension,walneyx,620,0
2026-10-02T16:00Z,West Burton B,westburton,680,0
2026-10-02T16:00Z,Whitelee,whitelee,415,0
2026-10-02T17:00Z,Beatrice,beatrice,560,500
2026-10-02T17:00Z,Burbo Bank Extension,burbo,230,0
2026-10-02T17:00Z,Carrington,carrington,425,0
2026-10-02T17:00Z,Clyde,clyde,480,0
2026-10-02T17:00Z,Cruachan,cruachan,240,0
2026-10-02T17:00Z,Didcot B,didcot,665,0
2026-10-02T17:00Z,Dinorwig,dinorwig,300,0
2026-10-02T17:00Z,Dogger Bank A,doggerA,560,0
2026-10-02T17:00Z,Dogger Bank B,doggerB,260,0
2026-10-02T17:00Z,Drax,drax,2110,0
2026-10-02T17:00Z,East Anglia ONE,ea1,225,0
2026-10-02T17:00Z,Ffestiniog,ffestiniog,90,0
2026-10-02T17:00Z,Foyers,foyers,150,0
2026-10-02T17:00Z,Galloper,galloper,105,0
2026-10-02T17:00Z,Grain,grainpp,0,0
2026-10-02T17:00Z,Greater Gabbard,gabbard,135,0
2026-10-02T17:00Z,Gwynt y Môr,gym,465,0
2026-10-02T17:00Z,Hartlepool,hartlepool,580,0
2026-10-02T17:00Z,Heysham 1,heysham1,395,0
2026-10-02T17:00Z,Heysham 2,heysham2,545,0
2026-10-02T17:00Z,Hornsea One,hornsea1,1100,0
2026-10-02T17:00Z,Hornsea Two,hornsea2,1005,0
2026-10-02T17:00Z,Keadby 2,keadby2,800,0
2026-10-02T17:00Z,Moray East,morayeast,830,830
2026-10-02T17:00Z,Moray West,moraywest,825,825
2026-10-02T17:00Z,Neart na Gaoithe,nng,430,425
2026-10-02T17:00Z,Pembroke,pembroke,2110,0
2026-10-02T17:00Z,Pen y Cymoedd,penycymoedd,120,0
2026-10-02T17:00Z,Peterhead,peterhead,0,0
2026-10-02T17:00Z,Race Bank,racebank,385,0
2026-10-02T17:00Z,Rampion,rampion,20,0
2026-10-02T17:00Z,Seagreen,seagreen,1010,1010
2026-10-02T17:00Z,Sizewell B,sizewellb,1190,0
2026-10-02T17:00Z,Staythorpe,staythorpe,0,0
2026-10-02T17:00Z,Torness,torness,1290,0
2026-10-02T17:00Z,Triton Knoll,triton,365,0
2026-10-02T17:00Z,Viking Link,viking,290,0
2026-10-02T17:00Z,Walney 1 & 2,walney,340,0
2026-10-02T17:00Z,Walney Extension,walneyx,615,0
2026-10-02T17:00Z,West Burton B,westburton,800,0
2026-10-02T17:00Z,Whitelee,whitelee,400,0
2026-10-02T18:00Z,Beatrice,beatrice,555,495
2026-10-02T18:00Z,Burbo Bank Extension,burbo,230,0
2026-10-02T18:00Z,Carrington,carrington,425,0
2026-10-02T18:00Z,Clyde,clyde,405,0
2026-10-02T18:00Z,Cruachan,cruachan,240,0
2026-10-02T18:00Z,Didcot B,didcot,665,0
2026-10-02T18:00Z,Dinorwig,dinorwig,150,0
2026-10-02T18:00Z,Dogger Bank A,doggerA,560,0
2026-10-02T18:00Z,Dogger Bank B,doggerB,260,0
2026-10-02T18:00Z,Drax,drax,2530,0
2026-10-02T18:00Z,East Anglia ONE,ea1,225,0
2026-10-02T18:00Z,Ffestiniog,ffestiniog,45,0
2026-10-02T18:00Z,Foyers,foyers,150,0
2026-10-02T18:00Z,Galloper,galloper,100,0
2026-10-02T18:00Z,Grain,grainpp,0,0
2026-10-02T18:00Z,Greater Gabbard,gabbard,135,0
2026-10-02T18:00Z,Gwynt y Môr,gym,460,0
2026-10-02T18:00Z,Hartlepool,hartlepool,580,0
2026-10-02T18:00Z,Heysham 1,heysham1,395,0
2026-10-02T18:00Z,Heysham 2,heysham2,545,0
2026-10-02T18:00Z,Hornsea One,hornsea1,1140,0
2026-10-02T18:00Z,Hornsea Two,hornsea2,1090,0
2026-10-02T18:00Z,Keadby 2,keadby2,800,0
2026-10-02T18:00Z,Moray East,morayeast,820,820
2026-10-02T18:00Z,Moray West,moraywest,830,830
2026-10-02T18:00Z,Neart na Gaoithe,nng,430,425
2026-10-02T18:00Z,Pembroke,pembroke,2115,0
2026-10-02T18:00Z,Pen y Cymoedd,penycymoedd,125,0
2026-10-02T18:00Z,Peterhead,peterhead,0,0
2026-10-02T18:00Z,Race Bank,racebank,405,0
2026-10-02T18:00Z,Rampion,rampion,20,0
2026-10-02T18:00Z,Seagreen,seagreen,1020,1020
2026-10-02T18:00Z,Sizewell B,sizewellb,1190,0
2026-10-02T18:00Z,Staythorpe,staythorpe,0,0
2026-10-02T18:00Z,Torness,torness,1290,0
2026-10-02T18:00Z,Triton Knoll,triton,410,0
2026-10-02T18:00Z,Viking Link,viking,315,0
2026-10-02T18:00Z,Walney 1 & 2,walney,345,0
2026-10-02T18:00Z,Walney Extension,walneyx,620,0
2026-10-02T18:00Z,West Burton B,westburton,790,0
2026-10-02T18:00Z,Whitelee,whitelee,345,0
2026-10-02T19:00Z,Beatrice,beatrice,555,495
2026-10-02T19:00Z,Burbo Bank Extension,burbo,220,0
2026-10-02T19:00Z,Carrington,carrington,425,0
2026-10-02T19:00Z,Clyde,clyde,395,0
2026-10-02T19:00Z,Cruachan,cruachan,240,0
2026-10-02T19:00Z,Didcot B,didcot,670,0
2026-10-02T19:00Z,Dinorwig,dinorwig,0,0
2026-10-02T19:00Z,Dogger Bank A,doggerA,560,0
2026-10-02T19:00Z,Dogger Bank B,doggerB,260,0
2026-10-02T19:00Z,Drax,drax,2580,0
2026-10-02T19:00Z,East Anglia ONE,ea1,245,0
2026-10-02T19:00Z,Ffestiniog,ffestiniog,0,0
2026-10-02T19:00Z,Foyers,foyers,295,0
2026-10-02T19:00Z,Galloper,galloper,90,0
2026-10-02T19:00Z,Grain,grainpp,0,0
2026-10-02T19:00Z,Greater Gabbard,gabbard,130,0
2026-10-02T19:00Z,Gwynt y Môr,gym,450,0
2026-10-02T19:00Z,Hartlepool,hartlepool,580,0
2026-10-02T19:00Z,Heysham 1,heysham1,395,0
2026-10-02T19:00Z,Heysham 2,heysham2,545,0
2026-10-02T19:00Z,Hornsea One,hornsea1,1150,0
2026-10-02T19:00Z,Hornsea Two,hornsea2,1175,0
2026-10-02T19:00Z,Keadby 2,keadby2,790,0
2026-10-02T19:00Z,Moray East,morayeast,825,825
2026-10-02T19:00Z,Moray West,moraywest,830,830
2026-10-02T19:00Z,Neart na Gaoithe,nng,430,425
2026-10-02T19:00Z,Pembroke,pembroke,2120,0
2026-10-02T19:00Z,Pen y Cymoedd,penycymoedd,120,0
2026-10-02T19:00Z,Peterhead,peterhead,0,0
2026-10-02T19:00Z,Race Bank,racebank,430,0
2026-10-02T19:00Z,Rampion,rampion,15,0
2026-10-02T19:00Z,Seagreen,seagreen,1020,1020
2026-10-02T19:00Z,Sizewell B,sizewellb,1190,0
2026-10-02T19:00Z,Staythorpe,staythorpe,0,0
2026-10-02T19:00Z,Torness,torness,1290,0
2026-10-02T19:00Z,Triton Knoll,triton,480,0
2026-10-02T19:00Z,Viking Link,viking,370,0
2026-10-02T19:00Z,Walney 1 & 2,walney,335,0
2026-10-02T19:00Z,Walney Extension,walneyx,620,0
2026-10-02T19:00Z,West Burton B,westburton,790,0
2026-10-02T19:00Z,Whitelee,whitelee,270,0
2026-10-02T20:00Z,Beatrice,beatrice,555,550
2026-10-02T20:00Z,Burbo Bank Extension,burbo,210,0
2026-10-02T20:00Z,Carrington,carrington,415,0
2026-10-02T20:00Z,Clyde,clyde,345,0
2026-10-02T20:00Z,Cruachan,cruachan,240,0
2026-10-02T20:00Z,Didcot B,didcot,670,0
2026-10-02T20:00Z,Dinorwig,dinorwig,0,0
2026-10-02T20:00Z,Dogger Bank A,doggerA,560,0
2026-10-02T20:00Z,Dogger Bank B,doggerB,255,0
2026-10-02T20:00Z,Drax,drax,2580,0
2026-10-02T20:00Z,East Anglia ONE,ea1,250,0
2026-10-02T20:00Z,Ffestiniog,ffestiniog,0,0
2026-10-02T20:00Z,Foyers,foyers,225,0
2026-10-02T20:00Z,Galloper,galloper,85,0
2026-10-02T20:00Z,Grain,grainpp,0,0
2026-10-02T20:00Z,Greater Gabbard,gabbard,120,0
2026-10-02T20:00Z,Gwynt y Môr,gym,425,0
2026-10-02T20:00Z,Hartlepool,hartlepool,580,0
2026-10-02T20:00Z,Heysham 1,heysham1,395,0
2026-10-02T20:00Z,Heysham 2,heysham2,545,0
2026-10-02T20:00Z,Hornsea One,hornsea1,1155,0
2026-10-02T20:00Z,Hornsea Two,hornsea2,1220,0
2026-10-02T20:00Z,Keadby 2,keadby2,790,0
2026-10-02T20:00Z,Moray East,morayeast,820,820
2026-10-02T20:00Z,Moray West,moraywest,830,830
2026-10-02T20:00Z,Neart na Gaoithe,nng,430,425
2026-10-02T20:00Z,Pembroke,pembroke,2120,0
2026-10-02T20:00Z,Pen y Cymoedd,penycymoedd,125,0
2026-10-02T20:00Z,Peterhead,peterhead,0,0
2026-10-02T20:00Z,Race Bank,racebank,465,0
2026-10-02T20:00Z,Rampion,rampion,10,0
2026-10-02T20:00Z,Seagreen,seagreen,1005,1005
2026-10-02T20:00Z,Sizewell B,sizewellb,1190,0
2026-10-02T20:00Z,Staythorpe,staythorpe,0,0
2026-10-02T20:00Z,Torness,torness,1290,0
2026-10-02T20:00Z,Triton Knoll,triton,535,0
2026-10-02T20:00Z,Viking Link,viking,400,0
2026-10-02T20:00Z,Walney 1 & 2,walney,330,0
2026-10-02T20:00Z,Walney Extension,walneyx,595,0
2026-10-02T20:00Z,West Burton B,westburton,790,0
2026-10-02T20:00Z,Whitelee,whitelee,195,0
2026-10-02T21:00Z,Beatrice,beatrice,555,490
2026-10-02T21:00Z,Burbo Bank Extension,burbo,190,0
2026-10-02T21:00Z,Carrington,carrington,415,0
2026-10-02T21:00Z,Clyde,clyde,235,0
2026-10-02T21:00Z,Cruachan,cruachan,240,0
2026-10-02T21:00Z,Didcot B,didcot,670,0
2026-10-02T21:00Z,Dinorwig,dinorwig,0,0
2026-10-02T21:00Z,Dogger Bank A,doggerA,570,0
2026-10-02T21:00Z,Dogger Bank B,doggerB,260,0
2026-10-02T21:00Z,Drax,drax,2580,0
2026-10-02T21:00Z,East Anglia ONE,ea1,245,0
2026-10-02T21:00Z,Ffestiniog,ffestiniog,0,0
2026-10-02T21:00Z,Foyers,foyers,150,0
2026-10-02T21:00Z,Galloper,galloper,80,0
2026-10-02T21:00Z,Grain,grainpp,0,0
2026-10-02T21:00Z,Greater Gabbard,gabbard,105,0
2026-10-02T21:00Z,Gwynt y Môr,gym,400,0
2026-10-02T21:00Z,Hartlepool,hartlepool,580,0
2026-10-02T21:00Z,Heysham 1,heysham1,395,0
2026-10-02T21:00Z,Heysham 2,heysham2,545,0
2026-10-02T21:00Z,Hornsea One,hornsea1,1155,0
2026-10-02T21:00Z,Hornsea Two,hornsea2,1265,0
2026-10-02T21:00Z,Keadby 2,keadby2,790,0
2026-10-02T21:00Z,Moray East,morayeast,800,800
2026-10-02T21:00Z,Moray West,moraywest,825,825
2026-10-02T21:00Z,Neart na Gaoithe,nng,410,365
2026-10-02T21:00Z,Pembroke,pembroke,1950,0
2026-10-02T21:00Z,Pen y Cymoedd,penycymoedd,135,0
2026-10-02T21:00Z,Peterhead,peterhead,0,0
2026-10-02T21:00Z,Race Bank,racebank,485,0
2026-10-02T21:00Z,Rampion,rampion,15,0
2026-10-02T21:00Z,Seagreen,seagreen,995,995
2026-10-02T21:00Z,Sizewell B,sizewellb,1190,0
2026-10-02T21:00Z,Staythorpe,staythorpe,0,0
2026-10-02T21:00Z,Torness,torness,1290,0
2026-10-02T21:00Z,Triton Knoll,triton,595,0
2026-10-02T21:00Z,Viking Link,viking,415,0
2026-10-02T21:00Z,Walney 1 & 2,walney,270,0
2026-10-02T21:00Z,Walney Extension,walneyx,450,0
2026-10-02T21:00Z,West Burton B,westburton,790,0
2026-10-02T21:00Z,Whitelee,whitelee,180,0
2026-10-02T22:00Z,Beatrice,beatrice,540,165
2026-10-02T22:00Z,Burbo Bank Extension,burbo,175,0
2026-10-02T22:00Z,Carrington,carrington,415,0
2026-10-02T22:00Z,Clyde,clyde,210,0
2026-10-02T22:00Z,Cruachan,cruachan,240,0
2026-10-02T22:00Z,Didcot B,didcot,255,0
2026-10-02T22:00Z,Dinorwig,dinorwig,0,0
2026-10-02T22:00Z,Dogger Bank A,doggerA,570,0
2026-10-02T22:00Z,Dogger Bank B,doggerB,275,0
2026-10-02T22:00Z,Drax,drax,2580,0
2026-10-02T22:00Z,East Anglia ONE,ea1,245,0
2026-10-02T22:00Z,Ffestiniog,ffestiniog,0,0
2026-10-02T22:00Z,Foyers,foyers,225,0
2026-10-02T22:00Z,Galloper,galloper,75,0
2026-10-02T22:00Z,Grain,grainpp,0,0
2026-10-02T22:00Z,Greater Gabbard,gabbard,90,0
2026-10-02T22:00Z,Gwynt y Môr,gym,370,0
2026-10-02T22:00Z,Hartlepool,hartlepool,580,0
2026-10-02T22:00Z,Heysham 1,heysham1,395,0
2026-10-02T22:00Z,Heysham 2,heysham2,545,0
2026-10-02T22:00Z,Hornsea One,hornsea1,1135,0
2026-10-02T22:00Z,Hornsea Two,hornsea2,1265,0
2026-10-02T22:00Z,Keadby 2,keadby2,790,0
2026-10-02T22:00Z,Moray East,morayeast,755,755
2026-10-02T22:00Z,Moray West,moraywest,820,820
2026-10-02T22:00Z,Neart na Gaoithe,nng,335,85
2026-10-02T22:00Z,Pembroke,pembroke,470,0
2026-10-02T22:00Z,Pen y Cymoedd,penycymoedd,135,0
2026-10-02T22:00Z,Peterhead,peterhead,0,0
2026-10-02T22:00Z,Race Bank,racebank,480,0
2026-10-02T22:00Z,Rampion,rampion,20,0
2026-10-02T22:00Z,Seagreen,seagreen,950,950
2026-10-02T22:00Z,Sizewell B,sizewellb,1190,0
2026-10-02T22:00Z,Staythorpe,staythorpe,0,0
2026-10-02T22:00Z,Torness,torness,1290,0
2026-10-02T22:00Z,Triton Knoll,triton,635,0
2026-10-02T22:00Z,Viking Link,viking,430,0
2026-10-02T22:00Z,Walney 1 & 2,walney,175,0
2026-10-02T22:00Z,Walney Extension,walneyx,310,0
2026-10-02T22:00Z,West Burton B,westburton,795,0
2026-10-02T22:00Z,Whitelee,whitelee,160,0
2026-10-02T23:00Z,Beatrice,beatrice,480,0
2026-10-02T23:00Z,Burbo Bank Extension,burbo,165,0
2026-10-02T23:00Z,Carrington,carrington,415,0
2026-10-02T23:00Z,Clyde,clyde,190,0
2026-10-02T23:00Z,Cruachan,cruachan,240,0
2026-10-02T23:00Z,Didcot B,didcot,0,0
2026-10-02T23:00Z,Dinorwig,dinorwig,0,0
2026-10-02T23:00Z,Dogger Bank A,doggerA,580,0
2026-10-02T23:00Z,Dogger Bank B,doggerB,270,0
2026-10-02T23:00Z,Drax,drax,2580,0
2026-10-02T23:00Z,East Anglia ONE,ea1,245,0
2026-10-02T23:00Z,Ffestiniog,ffestiniog,0,0
2026-10-02T23:00Z,Foyers,foyers,300,0
2026-10-02T23:00Z,Galloper,galloper,70,0
2026-10-02T23:00Z,Grain,grainpp,0,0
2026-10-02T23:00Z,Greater Gabbard,gabbard,85,0
2026-10-02T23:00Z,Gwynt y Môr,gym,300,0
2026-10-02T23:00Z,Hartlepool,hartlepool,580,0
2026-10-02T23:00Z,Heysham 1,heysham1,395,0
2026-10-02T23:00Z,Heysham 2,heysham2,545,0
2026-10-02T23:00Z,Hornsea One,hornsea1,1125,0
2026-10-02T23:00Z,Hornsea Two,hornsea2,1260,0
2026-10-02T23:00Z,Keadby 2,keadby2,780,0
2026-10-02T23:00Z,Moray East,morayeast,715,715
2026-10-02T23:00Z,Moray West,moraywest,760,650
2026-10-02T23:00Z,Neart na Gaoithe,nng,320,80
2026-10-02T23:00Z,Pembroke,pembroke,0,0
2026-10-02T23:00Z,Pen y Cymoedd,penycymoedd,130,0
2026-10-02T23:00Z,Race Bank,racebank,495,0
2026-10-02T23:00Z,Rampion,rampion,20,0
2026-10-02T23:00Z,Seagreen,seagreen,890,885
2026-10-02T23:00Z,Sizewell B,sizewellb,1190,0
2026-10-02T23:00Z,Staythorpe,staythorpe,0,0
2026-10-02T23:00Z,Torness,torness,1290,0
2026-10-02T23:00Z,Triton Knoll,triton,650,0
2026-10-02T23:00Z,Viking Link,viking,440,0
2026-10-02T23:00Z,Walney 1 & 2,walney,95,0
2026-10-02T23:00Z,Walney Extension,walneyx,210,0
2026-10-02T23:00Z,West Burton B,westburton,795,0
2026-10-02T23:00Z,Whitelee,whitelee,115,0
2026-10-02T23:00Z,connahsquay,connahsquay,0,0
2026-10-03T00:00Z,Beatrice,beatrice,385,0
2026-10-03T00:00Z,Burbo Bank Extension,burbo,115,0
2026-10-03T00:00Z,Carrington,carrington,415,0
2026-10-03T00:00Z,Clyde,clyde,170,0
2026-10-03T00:00Z,Cruachan,cruachan,240,0
2026-10-03T00:00Z,Didcot B,didcot,0,0
2026-10-03T00:00Z,Dinorwig,dinorwig,0,0
2026-10-03T00:00Z,Dogger Bank A,doggerA,575,0
2026-10-03T00:00Z,Dogger Bank B,doggerB,270,0
2026-10-03T00:00Z,Drax,drax,2580,0
2026-10-03T00:00Z,East Anglia ONE,ea1,220,0
2026-10-03T00:00Z,Ffestiniog,ffestiniog,0,0
2026-10-03T00:00Z,Foyers,foyers,225,0
2026-10-03T00:00Z,Galloper,galloper,65,0
2026-10-03T00:00Z,Grain,grainpp,0,0
2026-10-03T00:00Z,Greater Gabbard,gabbard,85,0
2026-10-03T00:00Z,Gwynt y Môr,gym,235,0
2026-10-03T00:00Z,Hartlepool,hartlepool,580,0
2026-10-03T00:00Z,Heysham 1,heysham1,395,0
2026-10-03T00:00Z,Heysham 2,heysham2,545,0
2026-10-03T00:00Z,Hornsea One,hornsea1,1120,0
2026-10-03T00:00Z,Hornsea Two,hornsea2,1245,0
2026-10-03T00:00Z,Keadby 2,keadby2,780,0
2026-10-03T00:00Z,Moray East,morayeast,540,540
2026-10-03T00:00Z,Moray West,moraywest,715,480
2026-10-03T00:00Z,Neart na Gaoithe,nng,345,190
2026-10-03T00:00Z,Pembroke,pembroke,0,0
2026-10-03T00:00Z,Pen y Cymoedd,penycymoedd,105,0
2026-10-03T00:00Z,Race Bank,racebank,495,0
2026-10-03T00:00Z,Rampion,rampion,15,0
2026-10-03T00:00Z,Seagreen,seagreen,850,750
2026-10-03T00:00Z,Sizewell B,sizewellb,1190,0
2026-10-03T00:00Z,Staythorpe,staythorpe,0,0
2026-10-03T00:00Z,Torness,torness,1290,0
2026-10-03T00:00Z,Triton Knoll,triton,665,0
2026-10-03T00:00Z,Viking Link,viking,440,0
2026-10-03T00:00Z,Walney 1 & 2,walney,75,0
2026-10-03T00:00Z,Walney Extension,walneyx,170,0
2026-10-03T00:00Z,West Burton B,westburton,795,0
2026-10-03T00:00Z,Whitelee,whitelee,85,0
2026-10-03T00:00Z,connahsquay,connahsquay,0,0
2026-10-03T01:00Z,Beatrice,beatrice,330,0
2026-10-03T01:00Z,Burbo Bank Extension,burbo,65,0
2026-10-03T01:00Z,Carrington,carrington,415,0
2026-10-03T01:00Z,Clyde,clyde,155,0
2026-10-03T01:00Z,Cruachan,cruachan,240,0
2026-10-03T01:00Z,Didcot B,didcot,0,0
2026-10-03T01:00Z,Dinorwig,dinorwig,0,0
2026-10-03T01:00Z,Dogger Bank A,doggerA,580,0
2026-10-03T01:00Z,Dogger Bank B,doggerB,255,0
2026-10-03T01:00Z,Drax,drax,2580,0
2026-10-03T01:00Z,East Anglia ONE,ea1,210,0
2026-10-03T01:00Z,Ffestiniog,ffestiniog,0,0
2026-10-03T01:00Z,Foyers,foyers,75,0
2026-10-03T01:00Z,Galloper,galloper,55,0
2026-10-03T01:00Z,Grain,grainpp,0,0
2026-10-03T01:00Z,Greater Gabbard,gabbard,80,0
2026-10-03T01:00Z,Gwynt y Môr,gym,170,0
2026-10-03T01:00Z,Hartlepool,hartlepool,580,0
2026-10-03T01:00Z,Heysham 1,heysham1,395,0
2026-10-03T01:00Z,Heysham 2,heysham2,545,0
2026-10-03T01:00Z,Hornsea One,hornsea1,1105,0
2026-10-03T01:00Z,Hornsea Two,hornsea2,1230,0
2026-10-03T01:00Z,Keadby 2,keadby2,780,0
2026-10-03T01:00Z,Moray East,morayeast,440,440
2026-10-03T01:00Z,Moray West,moraywest,575,385
2026-10-03T01:00Z,Neart na Gaoithe,nng,405,200
2026-10-03T01:00Z,Pembroke,pembroke,0,0
2026-10-03T01:00Z,Pen y Cymoedd,penycymoedd,105,0
2026-10-03T01:00Z,Race Bank,racebank,475,0
2026-10-03T01:00Z,Rampion,rampion,15,0
2026-10-03T01:00Z,Seagreen,seagreen,860,700
2026-10-03T01:00Z,Sizewell B,sizewellb,1190,0
2026-10-03T01:00Z,Staythorpe,staythorpe,0,0
2026-10-03T01:00Z,Torness,torness,1290,0
2026-10-03T01:00Z,Triton Knoll,triton,650,0
2026-10-03T01:00Z,Viking Link,viking,435,0
2026-10-03T01:00Z,Walney 1 & 2,walney,75,0
2026-10-03T01:00Z,Walney Extension,walneyx,180,0
2026-10-03T01:00Z,West Burton B,westburton,795,0
2026-10-03T01:00Z,Whitelee,whitelee,65,0
2026-10-03T01:00Z,connahsquay,connahsquay,0,0
2026-10-03T02:00Z,Beatrice,beatrice,295,0
2026-10-03T02:00Z,Burbo Bank Extension,burbo,75,0
2026-10-03T02:00Z,Carrington,carrington,415,0
2026-10-03T02:00Z,Clyde,clyde,150,0
2026-10-03T02:00Z,Cruachan,cruachan,240,0
2026-10-03T02:00Z,Didcot B,didcot,0,0
2026-10-03T02:00Z,Dinorwig,dinorwig,0,0
2026-10-03T02:00Z,Dogger Bank A,doggerA,570,0
2026-10-03T02:00Z,Dogger Bank B,doggerB,315,0
2026-10-03T02:00Z,Drax,drax,2400,0
2026-10-03T02:00Z,East Anglia ONE,ea1,200,0
2026-10-03T02:00Z,Ffestiniog,ffestiniog,0,0
2026-10-03T02:00Z,Foyers,foyers,0,0
2026-10-03T02:00Z,Galloper,galloper,50,0
2026-10-03T02:00Z,Grain,grainpp,0,0
2026-10-03T02:00Z,Greater Gabbard,gabbard,80,0
2026-10-03T02:00Z,Gwynt y Môr,gym,120,0
2026-10-03T02:00Z,Hartlepool,hartlepool,580,0
2026-10-03T02:00Z,Heysham 1,heysham1,395,0
2026-10-03T02:00Z,Heysham 2,heysham2,545,0
2026-10-03T02:00Z,Hornsea One,hornsea1,1070,0
2026-10-03T02:00Z,Hornsea Two,hornsea2,1210,0
2026-10-03T02:00Z,Keadby 2,keadby2,785,0
2026-10-03T02:00Z,Moray East,morayeast,415,415
2026-10-03T02:00Z,Moray West,moraywest,540,360
2026-10-03T02:00Z,Neart na Gaoithe,nng,420,215
2026-10-03T02:00Z,Pembroke,pembroke,0,0
2026-10-03T02:00Z,Pen y Cymoedd,penycymoedd,90,0
2026-10-03T02:00Z,Race Bank,racebank,450,0
2026-10-03T02:00Z,Rampion,rampion,10,0
2026-10-03T02:00Z,Seagreen,seagreen,875,655
2026-10-03T02:00Z,Sizewell B,sizewellb,1190,0
2026-10-03T02:00Z,Staythorpe,staythorpe,0,0
2026-10-03T02:00Z,Torness,torness,1290,0
2026-10-03T02:00Z,Triton Knoll,triton,590,0
2026-10-03T02:00Z,Viking Link,viking,440,0
2026-10-03T02:00Z,Walney 1 & 2,walney,80,0
2026-10-03T02:00Z,Walney Extension,walneyx,175,0
2026-10-03T02:00Z,West Burton B,westburton,795,0
2026-10-03T02:00Z,Whitelee,whitelee,55,0
2026-10-03T02:00Z,connahsquay,connahsquay,0,0
2026-10-03T03:00Z,Beatrice,beatrice,250,0
2026-10-03T03:00Z,Burbo Bank Extension,burbo,65,0
2026-10-03T03:00Z,Carrington,carrington,415,0
2026-10-03T03:00Z,Clyde,clyde,135,0
2026-10-03T03:00Z,Cruachan,cruachan,240,0
2026-10-03T03:00Z,Didcot B,didcot,0,0
2026-10-03T03:00Z,Dinorwig,dinorwig,0,0
2026-10-03T03:00Z,Dogger Bank A,doggerA,580,0
2026-10-03T03:00Z,Dogger Bank B,doggerB,315,0
2026-10-03T03:00Z,Drax,drax,1935,0
2026-10-03T03:00Z,East Anglia ONE,ea1,175,0
2026-10-03T03:00Z,Ffestiniog,ffestiniog,0,0
2026-10-03T03:00Z,Foyers,foyers,150,0
2026-10-03T03:00Z,Galloper,galloper,50,0
2026-10-03T03:00Z,Grain,grainpp,0,0
2026-10-03T03:00Z,Greater Gabbard,gabbard,75,0
2026-10-03T03:00Z,Gwynt y Môr,gym,100,0
2026-10-03T03:00Z,Hartlepool,hartlepool,580,0
2026-10-03T03:00Z,Heysham 1,heysham1,395,0
2026-10-03T03:00Z,Heysham 2,heysham2,545,0
2026-10-03T03:00Z,Hornsea One,hornsea1,1025,0
2026-10-03T03:00Z,Hornsea Two,hornsea2,1185,0
2026-10-03T03:00Z,Keadby 2,keadby2,785,0
2026-10-03T03:00Z,Moray East,morayeast,405,405
2026-10-03T03:00Z,Moray West,moraywest,535,355
2026-10-03T03:00Z,Neart na Gaoithe,nng,410,210
2026-10-03T03:00Z,Pembroke,pembroke,0,0
2026-10-03T03:00Z,Pen y Cymoedd,penycymoedd,55,0
2026-10-03T03:00Z,Race Bank,racebank,440,0
2026-10-03T03:00Z,Rampion,rampion,5,0
2026-10-03T03:00Z,Seagreen,seagreen,840,625
2026-10-03T03:00Z,Sizewell B,sizewellb,1190,0
2026-10-03T03:00Z,Staythorpe,staythorpe,0,0
2026-10-03T03:00Z,Torness,torness,1290,0
2026-10-03T03:00Z,Triton Knoll,triton,520,0
2026-10-03T03:00Z,Viking Link,viking,440,0
2026-10-03T03:00Z,Walney 1 & 2,walney,70,0
2026-10-03T03:00Z,Walney Extension,walneyx,145,0
2026-10-03T03:00Z,West Burton B,westburton,795,0
2026-10-03T03:00Z,Whitelee,whitelee,55,0
2026-10-03T03:00Z,connahsquay,connahsquay,0,0
2026-10-03T04:00Z,Beatrice,beatrice,230,0
2026-10-03T04:00Z,Burbo Bank Extension,burbo,45,0
2026-10-03T04:00Z,Carrington,carrington,415,0
2026-10-03T04:00Z,Clyde,clyde,100,0
2026-10-03T04:00Z,Cruachan,cruachan,240,0
2026-10-03T04:00Z,Didcot B,didcot,0,0
2026-10-03T04:00Z,Dinorwig,dinorwig,0,0
2026-10-03T04:00Z,Dogger Bank A,doggerA,585,0
2026-10-03T04:00Z,Dogger Bank B,doggerB,310,0
2026-10-03T04:00Z,Drax,drax,1935,0
2026-10-03T04:00Z,East Anglia ONE,ea1,165,0
2026-10-03T04:00Z,Ffestiniog,ffestiniog,0,0
2026-10-03T04:00Z,Foyers,foyers,295,0
2026-10-03T04:00Z,Galloper,galloper,45,0
2026-10-03T04:00Z,Grain,grainpp,0,0
2026-10-03T04:00Z,Greater Gabbard,gabbard,70,0
2026-10-03T04:00Z,Gwynt y Môr,gym,75,0
2026-10-03T04:00Z,Hartlepool,hartlepool,580,0
2026-10-03T04:00Z,Heysham 1,heysham1,395,0
2026-10-03T04:00Z,Heysham 2,heysham2,545,0
2026-10-03T04:00Z,Hornsea One,hornsea1,980,0
2026-10-03T04:00Z,Hornsea Two,hornsea2,1115,0
2026-10-03T04:00Z,Keadby 2,keadby2,785,0
2026-10-03T04:00Z,Moray East,morayeast,370,370
2026-10-03T04:00Z,Moray West,moraywest,470,310
2026-10-03T04:00Z,Neart na Gaoithe,nng,405,175
2026-10-03T04:00Z,Pembroke,pembroke,305,0
2026-10-03T04:00Z,Pen y Cymoedd,penycymoedd,30,0
2026-10-03T04:00Z,Race Bank,racebank,385,0
2026-10-03T04:00Z,Rampion,rampion,0,0
2026-10-03T04:00Z,Seagreen,seagreen,765,505
2026-10-03T04:00Z,Sizewell B,sizewellb,1190,0
2026-10-03T04:00Z,Staythorpe,staythorpe,0,0
2026-10-03T04:00Z,Torness,torness,1290,0
2026-10-03T04:00Z,Triton Knoll,triton,460,0
2026-10-03T04:00Z,Viking Link,viking,435,0
2026-10-03T04:00Z,Walney 1 & 2,walney,50,0
2026-10-03T04:00Z,Walney Extension,walneyx,85,0
2026-10-03T04:00Z,West Burton B,westburton,795,0
2026-10-03T04:00Z,Whitelee,whitelee,60,0
2026-10-03T04:00Z,connahsquay,connahsquay,0,0
2026-10-03T05:00Z,Beatrice,beatrice,250,0
2026-10-03T05:00Z,Burbo Bank Extension,burbo,25,0
2026-10-03T05:00Z,Carrington,carrington,430,0
2026-10-03T05:00Z,Clyde,clyde,80,0
2026-10-03T05:00Z,Cruachan,cruachan,240,0
2026-10-03T05:00Z,Didcot B,didcot,0,0
2026-10-03T05:00Z,Dinorwig,dinorwig,0,0
2026-10-03T05:00Z,Dogger Bank A,doggerA,565,0
2026-10-03T05:00Z,Dogger Bank B,doggerB,270,0
2026-10-03T05:00Z,Drax,drax,1935,0
2026-10-03T05:00Z,East Anglia ONE,ea1,170,0
2026-10-03T05:00Z,Ffestiniog,ffestiniog,0,0
2026-10-03T05:00Z,Foyers,foyers,300,0
2026-10-03T05:00Z,Galloper,galloper,35,0
2026-10-03T05:00Z,Grain,grainpp,0,0
2026-10-03T05:00Z,Greater Gabbard,gabbard,60,0
2026-10-03T05:00Z,Gwynt y Môr,gym,50,0
2026-10-03T05:00Z,Hartlepool,hartlepool,580,0
2026-10-03T05:00Z,Heysham 1,heysham1,395,0
2026-10-03T05:00Z,Heysham 2,heysham2,545,0
2026-10-03T05:00Z,Hornsea One,hornsea1,845,0
2026-10-03T05:00Z,Hornsea Two,hornsea2,995,0
2026-10-03T05:00Z,Keadby 2,keadby2,790,0
2026-10-03T05:00Z,Moray East,morayeast,250,250
2026-10-03T05:00Z,Moray West,moraywest,385,250
2026-10-03T05:00Z,Neart na Gaoithe,nng,415,140
2026-10-03T05:00Z,Pembroke,pembroke,1580,0
2026-10-03T05:00Z,Pen y Cymoedd,penycymoedd,25,0
2026-10-03T05:00Z,Race Bank,racebank,295,0
2026-10-03T05:00Z,Rampion,rampion,0,0
2026-10-03T05:00Z,Seagreen,seagreen,665,515
2026-10-03T05:00Z,Sizewell B,sizewellb,1190,0
2026-10-03T05:00Z,Staythorpe,staythorpe,0,0
2026-10-03T05:00Z,Torness,torness,1290,0
2026-10-03T05:00Z,Triton Knoll,triton,335,0
2026-10-03T05:00Z,Viking Link,viking,405,0
2026-10-03T05:00Z,Walney 1 & 2,walney,30,0
2026-10-03T05:00Z,Walney Extension,walneyx,60,0
2026-10-03T05:00Z,West Burton B,westburton,800,0
2026-10-03T05:00Z,Whitelee,whitelee,60,0
2026-10-03T05:00Z,connahsquay,connahsquay,0,0
2026-10-03T06:00Z,Beatrice,beatrice,245,0
2026-10-03T06:00Z,Burbo Bank Extension,burbo,20,0
2026-10-03T06:00Z,Carrington,carrington,430,0
2026-10-03T06:00Z,Clyde,clyde,60,0
2026-10-03T06:00Z,Cruachan,cruachan,240,0
2026-10-03T06:00Z,Didcot B,didcot,0,0
2026-10-03T06:00Z,Dinorwig,dinorwig,0,0
2026-10-03T06:00Z,Dogger Bank A,doggerA,445,0
2026-10-03T06:00Z,Dogger Bank B,doggerB,220,0
2026-10-03T06:00Z,Drax,drax,1935,0
2026-10-03T06:00Z,East Anglia ONE,ea1,155,0
2026-10-03T06:00Z,Ffestiniog,ffestiniog,0,0
2026-10-03T06:00Z,Foyers,foyers,150,0
2026-10-03T06:00Z,Galloper,galloper,30,0
2026-10-03T06:00Z,Grain,grainpp,0,0
2026-10-03T06:00Z,Greater Gabbard,gabbard,55,0
2026-10-03T06:00Z,Gwynt y Môr,gym,40,0
2026-10-03T06:00Z,Hartlepool,hartlepool,580,0
2026-10-03T06:00Z,Heysham 1,heysham1,395,0
2026-10-03T06:00Z,Heysham 2,heysham2,545,0
2026-10-03T06:00Z,Hornsea One,hornsea1,705,0
2026-10-03T06:00Z,Hornsea Two,hornsea2,820,0
2026-10-03T06:00Z,Keadby 2,keadby2,790,0
2026-10-03T06:00Z,Moray East,morayeast,230,230
2026-10-03T06:00Z,Moray West,moraywest,390,270
2026-10-03T06:00Z,Neart na Gaoithe,nng,400,185
2026-10-03T06:00Z,Pembroke,pembroke,2160,0
2026-10-03T06:00Z,Pen y Cymoedd,penycymoedd,15,0
2026-10-03T06:00Z,Race Bank,racebank,215,0
2026-10-03T06:00Z,Rampion,rampion,0,0
2026-10-03T06:00Z,Seagreen,seagreen,575,410
2026-10-03T06:00Z,Sizewell B,sizewellb,1190,0
2026-10-03T06:00Z,Staythorpe,staythorpe,0,0
2026-10-03T06:00Z,Torness,torness,1290,0
2026-10-03T06:00Z,Triton Knoll,triton,195,0
2026-10-03T06:00Z,Viking Link,viking,345,0
2026-10-03T06:00Z,Walney 1 & 2,walney,25,0
2026-10-03T06:00Z,Walney Extension,walneyx,50,0
2026-10-03T06:00Z,West Burton B,westburton,800,0
2026-10-03T06:00Z,Whitelee,whitelee,70,0
2026-10-03T06:00Z,connahsquay,connahsquay,0,0
2026-10-03T07:00Z,Beatrice,beatrice,235,0
2026-10-03T07:00Z,Burbo Bank Extension,burbo,15,0
2026-10-03T07:00Z,Carrington,carrington,420,0
2026-10-03T07:00Z,Clyde,clyde,50,0
2026-10-03T07:00Z,Cruachan,cruachan,240,0
2026-10-03T07:00Z,Didcot B,didcot,0,0
2026-10-03T07:00Z,Dinorwig,dinorwig,0,0
2026-10-03T07:00Z,Dogger Bank A,doggerA,325,0
2026-10-03T07:00Z,Dogger Bank B,doggerB,190,0
2026-10-03T07:00Z,Drax,drax,1935,0
2026-10-03T07:00Z,East Anglia ONE,ea1,150,0
2026-10-03T07:00Z,Ffestiniog,ffestiniog,0,0
2026-10-03T07:00Z,Foyers,foyers,150,0
2026-10-03T07:00Z,Galloper,galloper,25,0
2026-10-03T07:00Z,Grain,grainpp,0,0
2026-10-03T07:00Z,Greater Gabbard,gabbard,45,0
2026-10-03T07:00Z,Gwynt y Môr,gym,30,0
2026-10-03T07:00Z,Hartlepool,hartlepool,580,0
2026-10-03T07:00Z,Heysham 1,heysham1,395,0
2026-10-03T07:00Z,Heysham 2,heysham2,545,0
2026-10-03T07:00Z,Hornsea One,hornsea1,520,0
2026-10-03T07:00Z,Hornsea Two,hornsea2,570,0
2026-10-03T07:00Z,Keadby 2,keadby2,790,0
2026-10-03T07:00Z,Moray East,morayeast,265,140
2026-10-03T07:00Z,Moray West,moraywest,430,315
2026-10-03T07:00Z,Neart na Gaoithe,nng,350,235
2026-10-03T07:00Z,Pembroke,pembroke,2170,0
2026-10-03T07:00Z,Pen y Cymoedd,penycymoedd,10,0
2026-10-03T07:00Z,Race Bank,racebank,115,0
2026-10-03T07:00Z,Rampion,rampion,0,0
2026-10-03T07:00Z,Seagreen,seagreen,540,425
2026-10-03T07:00Z,Sizewell B,sizewellb,1190,0
2026-10-03T07:00Z,Staythorpe,staythorpe,0,0
2026-10-03T07:00Z,Torness,torness,1290,0
2026-10-03T07:00Z,Triton Knoll,triton,105,0
2026-10-03T07:00Z,Viking Link,viking,300,0
2026-10-03T07:00Z,Walney 1 & 2,walney,20,0
2026-10-03T07:00Z,Walney Extension,walneyx,40,0
2026-10-03T07:00Z,West Burton B,westburton,800,0
2026-10-03T07:00Z,Whitelee,whitelee,65,0
2026-10-03T07:00Z,connahsquay,connahsquay,0,0
2026-10-03T08:00Z,Beatrice,beatrice,240,0
2026-10-03T08:00Z,Burbo Bank Extension,burbo,10,0
2026-10-03T08:00Z,Carrington,carrington,60,0
2026-10-03T08:00Z,Clyde,clyde,50,0
2026-10-03T08:00Z,Cruachan,cruachan,240,0
2026-10-03T08:00Z,Didcot B,didcot,0,0
2026-10-03T08:00Z,Dinorwig,dinorwig,0,0
2026-10-03T08:00Z,Dogger Bank A,doggerA,310,0
2026-10-03T08:00Z,Dogger Bank B,doggerB,210,0
2026-10-03T08:00Z,Drax,drax,1935,0
2026-10-03T08:00Z,East Anglia ONE,ea1,140,0
2026-10-03T08:00Z,Ffestiniog,ffestiniog,0,0
2026-10-03T08:00Z,Foyers,foyers,150,0
2026-10-03T08:00Z,Galloper,galloper,25,0
2026-10-03T08:00Z,Grain,grainpp,0,0
2026-10-03T08:00Z,Greater Gabbard,gabbard,35,0
2026-10-03T08:00Z,Gwynt y Môr,gym,20,0
2026-10-03T08:00Z,Hartlepool,hartlepool,580,0
2026-10-03T08:00Z,Heysham 1,heysham1,395,0
2026-10-03T08:00Z,Heysham 2,heysham2,545,0
2026-10-03T08:00Z,Hornsea One,hornsea1,380,0
2026-10-03T08:00Z,Hornsea Two,hornsea2,420,0
2026-10-03T08:00Z,Keadby 2,keadby2,785,0
2026-10-03T08:00Z,Moray East,morayeast,235,170
2026-10-03T08:00Z,Moray West,moraywest,370,160
2026-10-03T08:00Z,Neart na Gaoithe,nng,245,140
2026-10-03T08:00Z,Pembroke,pembroke,2160,0
2026-10-03T08:00Z,Pen y Cymoedd,penycymoedd,5,0
2026-10-03T08:00Z,Race Bank,racebank,35,0
2026-10-03T08:00Z,Rampion,rampion,0,0
2026-10-03T08:00Z,Seagreen,seagreen,475,365
2026-10-03T08:00Z,Sizewell B,sizewellb,1190,0
2026-10-03T08:00Z,Staythorpe,staythorpe,0,0
2026-10-03T08:00Z,Torness,torness,1290,0
2026-10-03T08:00Z,Triton Knoll,triton,50,0
2026-10-03T08:00Z,Viking Link,viking,280,0
2026-10-03T08:00Z,Walney 1 & 2,walney,15,0
2026-10-03T08:00Z,Walney Extension,walneyx,35,0
2026-10-03T08:00Z,West Burton B,westburton,345,0
2026-10-03T08:00Z,Whitelee,whitelee,55,0
2026-10-03T08:00Z,connahsquay,connahsquay,0,0
2026-10-03T09:00Z,Beatrice,beatrice,255,0
2026-10-03T09:00Z,Burbo Bank Extension,burbo,5,0
2026-10-03T09:00Z,Carrington,carrington,0,0
2026-10-03T09:00Z,Clyde,clyde,55,0
2026-10-03T09:00Z,Cruachan,cruachan,240,0
2026-10-03T09:00Z,Didcot B,didcot,0,0
2026-10-03T09:00Z,Dinorwig,dinorwig,0,0
2026-10-03T09:00Z,Dogger Bank A,doggerA,300,0
2026-10-03T09:00Z,Dogger Bank B,doggerB,200,0
2026-10-03T09:00Z,Drax,drax,1935,0
2026-10-03T09:00Z,East Anglia ONE,ea1,145,0
2026-10-03T09:00Z,Ffestiniog,ffestiniog,0,0
2026-10-03T09:00Z,Foyers,foyers,150,0
2026-10-03T09:00Z,Galloper,galloper,20,0
2026-10-03T09:00Z,Grain,grainpp,0,0
2026-10-03T09:00Z,Greater Gabbard,gabbard,25,0
2026-10-03T09:00Z,Gwynt y Môr,gym,10,0
2026-10-03T09:00Z,Hartlepool,hartlepool,580,0
2026-10-03T09:00Z,Heysham 1,heysham1,395,0
2026-10-03T09:00Z,Heysham 2,heysham2,545,0
2026-10-03T09:00Z,Hornsea One,hornsea1,250,0
2026-10-03T09:00Z,Hornsea Two,hornsea2,245,0
2026-10-03T09:00Z,Keadby 2,keadby2,785,0
2026-10-03T09:00Z,Moray East,morayeast,230,230
2026-10-03T09:00Z,Moray West,moraywest,400,215
2026-10-03T09:00Z,Neart na Gaoithe,nng,170,70
2026-10-03T09:00Z,Pembroke,pembroke,2155,0
2026-10-03T09:00Z,Pen y Cymoedd,penycymoedd,5,0
2026-10-03T09:00Z,Race Bank,racebank,20,0
2026-10-03T09:00Z,Rampion,rampion,0,0
2026-10-03T09:00Z,Seagreen,seagreen,420,320
2026-10-03T09:00Z,Sizewell B,sizewellb,1190,0
2026-10-03T09:00Z,Staythorpe,staythorpe,0,0
2026-10-03T09:00Z,Torness,torness,1290,0
2026-10-03T09:00Z,Triton Knoll,triton,25,0
2026-10-03T09:00Z,Viking Link,viking,280,0
2026-10-03T09:00Z,Walney 1 & 2,walney,10,0
2026-10-03T09:00Z,Walney Extension,walneyx,20,0
2026-10-03T09:00Z,West Burton B,westburton,0,0
2026-10-03T09:00Z,Whitelee,whitelee,60,0
2026-10-03T09:00Z,connahsquay,connahsquay,0,0
2026-10-03T10:00Z,Beatrice,beatrice,290,0
2026-10-03T10:00Z,Burbo Bank Extension,burbo,5,0
2026-10-03T10:00Z,Carrington,carrington,0,0
2026-10-03T10:00Z,Clyde,clyde,70,0
2026-10-03T10:00Z,Cruachan,cruachan,0,0
2026-10-03T10:00Z,Didcot B,didcot,0,0
2026-10-03T10:00Z,Dinorwig,dinorwig,0,0
2026-10-03T10:00Z,Dogger Bank A,doggerA,250,0
2026-10-03T10:00Z,Dogger Bank B,doggerB,175,0
2026-10-03T10:00Z,Drax,drax,1935,0
2026-10-03T10:00Z,East Anglia ONE,ea1,110,0
2026-10-03T10:00Z,Ffestiniog,ffestiniog,0,0
2026-10-03T10:00Z,Foyers,foyers,150,0
2026-10-03T10:00Z,Galloper,galloper,10,0
2026-10-03T10:00Z,Grain,grainpp,0,0
2026-10-03T10:00Z,Greater Gabbard,gabbard,20,0
2026-10-03T10:00Z,Gwynt y Môr,gym,5,0
2026-10-03T10:00Z,Hartlepool,hartlepool,580,0
2026-10-03T10:00Z,Heysham 1,heysham1,395,0
2026-10-03T10:00Z,Heysham 2,heysham2,545,0
2026-10-03T10:00Z,Hornsea One,hornsea1,150,0
2026-10-03T10:00Z,Hornsea Two,hornsea2,160,0
2026-10-03T10:00Z,Keadby 2,keadby2,710,0
2026-10-03T10:00Z,Moray East,morayeast,270,270
2026-10-03T10:00Z,Moray West,moraywest,445,395
2026-10-03T10:00Z,Neart na Gaoithe,nng,175,30
2026-10-03T10:00Z,Pembroke,pembroke,1910,0
2026-10-03T10:00Z,Pen y Cymoedd,penycymoedd,0,0
2026-10-03T10:00Z,Race Bank,racebank,25,0
2026-10-03T10:00Z,Rampion,rampion,0,0
2026-10-03T10:00Z,Seagreen,seagreen,400,320
2026-10-03T10:00Z,Sizewell B,sizewellb,1190,0
2026-10-03T10:00Z,Staythorpe,staythorpe,0,0
2026-10-03T10:00Z,Torness,torness,1290,0
2026-10-03T10:00Z,Triton Knoll,triton,15,0
2026-10-03T10:00Z,Viking Link,viking,305,0
2026-10-03T10:00Z,Walney 1 & 2,walney,5,0
2026-10-03T10:00Z,Walney Extension,walneyx,15,0
2026-10-03T10:00Z,West Burton B,westburton,0,0
2026-10-03T10:00Z,Whitelee,whitelee,75,0
2026-10-03T10:00Z,connahsquay,connahsquay,0,0
2026-10-03T11:00Z,Beatrice,beatrice,335,0
2026-10-03T11:00Z,Burbo Bank Extension,burbo,5,0
2026-10-03T11:00Z,Carrington,carrington,0,0
2026-10-03T11:00Z,Clyde,clyde,85,0
2026-10-03T11:00Z,Cruachan,cruachan,0,0
2026-10-03T11:00Z,Didcot B,didcot,0,0
2026-10-03T11:00Z,Dinorwig,dinorwig,0,0
2026-10-03T11:00Z,Dogger Bank A,doggerA,205,0
2026-10-03T11:00Z,Dogger Bank B,doggerB,150,0
2026-10-03T11:00Z,Drax,drax,1935,0
2026-10-03T11:00Z,East Anglia ONE,ea1,60,0
2026-10-03T11:00Z,Ffestiniog,ffestiniog,0,0
2026-10-03T11:00Z,Foyers,foyers,150,0
2026-10-03T11:00Z,Galloper,galloper,5,0
2026-10-03T11:00Z,Grain,grainpp,0,0
2026-10-03T11:00Z,Greater Gabbard,gabbard,15,0
2026-10-03T11:00Z,Gwynt y Môr,gym,5,0
2026-10-03T11:00Z,Hartlepool,hartlepool,580,0
2026-10-03T11:00Z,Heysham 1,heysham1,395,0
2026-10-03T11:00Z,Heysham 2,heysham2,545,0
2026-10-03T11:00Z,Hornsea One,hornsea1,100,0
2026-10-03T11:00Z,Hornsea Two,hornsea2,155,0
2026-10-03T11:00Z,Keadby 2,keadby2,725,0
2026-10-03T11:00Z,Moray East,morayeast,285,285
2026-10-03T11:00Z,Moray West,moraywest,485,485
2026-10-03T11:00Z,Neart na Gaoithe,nng,245,0
2026-10-03T11:00Z,Pembroke,pembroke,2065,0
2026-10-03T11:00Z,Pen y Cymoedd,penycymoedd,0,0
2026-10-03T11:00Z,Race Bank,racebank,15,0
2026-10-03T11:00Z,Rampion,rampion,0,0
2026-10-03T11:00Z,Seagreen,seagreen,325,310
2026-10-03T11:00Z,Sizewell B,sizewellb,1190,0
2026-10-03T11:00Z,Staythorpe,staythorpe,0,0
2026-10-03T11:00Z,Torness,torness,1290,0
2026-10-03T11:00Z,Triton Knoll,triton,5,0
2026-10-03T11:00Z,Viking Link,viking,325,0
2026-10-03T11:00Z,Walney 1 & 2,walney,10,0
2026-10-03T11:00Z,Walney Extension,walneyx,25,0
2026-10-03T11:00Z,West Burton B,westburton,0,0
2026-10-03T11:00Z,Whitelee,whitelee,80,0
2026-10-03T11:00Z,connahsquay,connahsquay,0,0
2026-10-03T12:00Z,Beatrice,beatrice,330,0
2026-10-03T12:00Z,Burbo Bank Extension,burbo,10,0
2026-10-03T12:00Z,Carrington,carrington,0,0
2026-10-03T12:00Z,Clyde,clyde,105,0
2026-10-03T12:00Z,Cruachan,cruachan,0,0
2026-10-03T12:00Z,Didcot B,didcot,0,0
2026-10-03T12:00Z,Dinorwig,dinorwig,0,0
2026-10-03T12:00Z,Dogger Bank A,doggerA,170,0
2026-10-03T12:00Z,Dogger Bank B,doggerB,120,0
2026-10-03T12:00Z,Drax,drax,1935,0
2026-10-03T12:00Z,East Anglia ONE,ea1,50,0
2026-10-03T12:00Z,Ffestiniog,ffestiniog,0,0
2026-10-03T12:00Z,Foyers,foyers,150,0
2026-10-03T12:00Z,Galloper,galloper,5,0
2026-10-03T12:00Z,Grain,grainpp,0,0
2026-10-03T12:00Z,Greater Gabbard,gabbard,10,0
2026-10-03T12:00Z,Gwynt y Môr,gym,5,0
2026-10-03T12:00Z,Hartlepool,hartlepool,580,0
2026-10-03T12:00Z,Heysham 1,heysham1,395,0
2026-10-03T12:00Z,Heysham 2,heysham2,545,0
2026-10-03T12:00Z,Hornsea One,hornsea1,90,0
2026-10-03T12:00Z,Hornsea Two,hornsea2,125,0
2026-10-03T12:00Z,Keadby 2,keadby2,780,0
2026-10-03T12:00Z,Moray East,morayeast,315,315
2026-10-03T12:00Z,Moray West,moraywest,580,575
2026-10-03T12:00Z,Neart na Gaoithe,nng,270,0
2026-10-03T12:00Z,Pembroke,pembroke,2080,0
2026-10-03T12:00Z,Pen y Cymoedd,penycymoedd,5,0
2026-10-03T12:00Z,Race Bank,racebank,0,0
2026-10-03T12:00Z,Rampion,rampion,0,0
2026-10-03T12:00Z,Seagreen,seagreen,290,290
2026-10-03T12:00Z,Sizewell B,sizewellb,1190,0
2026-10-03T12:00Z,Staythorpe,staythorpe,0,0
2026-10-03T12:00Z,Torness,torness,1290,0
2026-10-03T12:00Z,Triton Knoll,triton,0,0
2026-10-03T12:00Z,Viking Link,viking,340,0
2026-10-03T12:00Z,Walney 1 & 2,walney,15,0
2026-10-03T12:00Z,Walney Extension,walneyx,30,0
2026-10-03T12:00Z,West Burton B,westburton,0,0
2026-10-03T12:00Z,Whitelee,whitelee,85,0
2026-10-03T12:00Z,connahsquay,connahsquay,5,0
2026-10-03T13:00Z,Beatrice,beatrice,335,0
2026-10-03T13:00Z,Burbo Bank Extension,burbo,10,0
2026-10-03T13:00Z,Carrington,carrington,0,0
2026-10-03T13:00Z,Clyde,clyde,110,0
2026-10-03T13:00Z,Cruachan,cruachan,0,0
2026-10-03T13:00Z,Didcot B,didcot,145,0
2026-10-03T13:00Z,Dinorwig,dinorwig,0,0
2026-10-03T13:00Z,Dogger Bank A,doggerA,145,0
2026-10-03T13:00Z,Dogger Bank B,doggerB,105,0
2026-10-03T13:00Z,Drax,drax,1935,0
2026-10-03T13:00Z,East Anglia ONE,ea1,35,0
2026-10-03T13:00Z,Ffestiniog,ffestiniog,0,0
2026-10-03T13:00Z,Foyers,foyers,150,0
2026-10-03T13:00Z,Galloper,galloper,5,0
2026-10-03T13:00Z,Grain,grainpp,0,0
2026-10-03T13:00Z,Greater Gabbard,gabbard,5,0
2026-10-03T13:00Z,Gwynt y Môr,gym,5,0
2026-10-03T13:00Z,Hartlepool,hartlepool,580,0
2026-10-03T13:00Z,Heysham 1,heysham1,395,0
2026-10-03T13:00Z,Heysham 2,heysham2,545,0
2026-10-03T13:00Z,Hornsea One,hornsea1,75,0
2026-10-03T13:00Z,Hornsea Two,hornsea2,105,0
2026-10-03T13:00Z,Keadby 2,keadby2,730,0
2026-10-03T13:00Z,Moray East,morayeast,325,325
2026-10-03T13:00Z,Moray West,moraywest,595,410
2026-10-03T13:00Z,Neart na Gaoithe,nng,280,155
2026-10-03T13:00Z,Pembroke,pembroke,2105,0
2026-10-03T13:00Z,Pen y Cymoedd,penycymoedd,0,0
2026-10-03T13:00Z,Race Bank,racebank,0,0
2026-10-03T13:00Z,Rampion,rampion,0,0
2026-10-03T13:00Z,Seagreen,seagreen,285,285
2026-10-03T13:00Z,Sizewell B,sizewellb,1190,0
2026-10-03T13:00Z,Staythorpe,staythorpe,75,0
2026-10-03T13:00Z,Torness,torness,1290,0
2026-10-03T13:00Z,Triton Knoll,triton,0,0
2026-10-03T13:00Z,Viking Link,viking,355,0
2026-10-03T13:00Z,Walney 1 & 2,walney,10,0
2026-10-03T13:00Z,Walney Extension,walneyx,35,0
2026-10-03T13:00Z,West Burton B,westburton,0,0
2026-10-03T13:00Z,Whitelee,whitelee,100,0
2026-10-03T13:00Z,connahsquay,connahsquay,100,0
2026-10-03T14:00Z,Beatrice,beatrice,320,0
2026-10-03T14:00Z,Burbo Bank Extension,burbo,0,0
2026-10-03T14:00Z,Carrington,carrington,150,0
2026-10-03T14:00Z,Clyde,clyde,100,0
2026-10-03T14:00Z,Cruachan,cruachan,0,0
2026-10-03T14:00Z,Didcot B,didcot,635,0
2026-10-03T14:00Z,Dinorwig,dinorwig,0,0
2026-10-03T14:00Z,Dogger Bank A,doggerA,130,0
2026-10-03T14:00Z,Dogger Bank B,doggerB,90,0
2026-10-03T14:00Z,Drax,drax,1935,0
2026-10-03T14:00Z,East Anglia ONE,ea1,15,0
2026-10-03T14:00Z,Ffestiniog,ffestiniog,0,0
2026-10-03T14:00Z,Foyers,foyers,150,0
2026-10-03T14:00Z,Galloper,galloper,5,0
2026-10-03T14:00Z,Grain,grainpp,80,0
2026-10-03T14:00Z,Greater Gabbard,gabbard,0,0
2026-10-03T14:00Z,Gwynt y Môr,gym,5,0
2026-10-03T14:00Z,Hartlepool,hartlepool,580,0
2026-10-03T14:00Z,Heysham 1,heysham1,395,0
2026-10-03T14:00Z,Heysham 2,heysham2,545,0
2026-10-03T14:00Z,Hornsea One,hornsea1,65,0
2026-10-03T14:00Z,Hornsea Two,hornsea2,85,0
2026-10-03T14:00Z,Keadby 2,keadby2,675,0
2026-10-03T14:00Z,Moray East,morayeast,330,330
2026-10-03T14:00Z,Moray West,moraywest,580,535
2026-10-03T14:00Z,Neart na Gaoithe,nng,265,260
2026-10-03T14:00Z,Pembroke,pembroke,2135,0
2026-10-03T14:00Z,Pen y Cymoedd,penycymoedd,5,0
2026-10-03T14:00Z,Race Bank,racebank,0,0
2026-10-03T14:00Z,Rampion,rampion,0,0
2026-10-03T14:00Z,Seagreen,seagreen,275,275
2026-10-03T14:00Z,Sizewell B,sizewellb,1190,0
2026-10-03T14:00Z,Staythorpe,staythorpe,520,0
2026-10-03T14:00Z,Torness,torness,1290,0
2026-10-03T14:00Z,Triton Knoll,triton,0,0
2026-10-03T14:00Z,Viking Link,viking,370,0
2026-10-03T14:00Z,Walney 1 & 2,walney,10,0
2026-10-03T14:00Z,Walney Extension,walneyx,30,0
2026-10-03T14:00Z,West Burton B,westburton,95,0
2026-10-03T14:00Z,Whitelee,whitelee,110,0
2026-10-03T14:00Z,connahsquay,connahsquay,290,0
2026-10-03T15:00Z,Beatrice,beatrice,305,0
2026-10-03T15:00Z,Burbo Bank Extension,burbo,0,0
2026-10-03T15:00Z,Carrington,carrington,415,0
2026-10-03T15:00Z,Clyde,clyde,95,0
2026-10-03T15:00Z,Cruachan,cruachan,0,0
2026-10-03T15:00Z,Didcot B,didcot,1310,0
2026-10-03T15:00Z,Dinorwig,dinorwig,0,0
2026-10-03T15:00Z,Dogger Bank A,doggerA,115,0
2026-10-03T15:00Z,Dogger Bank B,doggerB,80,0
2026-10-03T15:00Z,Drax,drax,1935,0
2026-10-03T15:00Z,East Anglia ONE,ea1,5,0
2026-10-03T15:00Z,Ffestiniog,ffestiniog,0,0
2026-10-03T15:00Z,Foyers,foyers,150,0
2026-10-03T15:00Z,Galloper,galloper,5,0
2026-10-03T15:00Z,Grain,grainpp,395,0
2026-10-03T15:00Z,Greater Gabbard,gabbard,0,0
2026-10-03T15:00Z,Gwynt y Môr,gym,5,0
2026-10-03T15:00Z,Hartlepool,hartlepool,580,0
2026-10-03T15:00Z,Heysham 1,heysham1,395,0
2026-10-03T15:00Z,Heysham 2,heysham2,545,0
2026-10-03T15:00Z,Hornsea One,hornsea1,60,0
2026-10-03T15:00Z,Hornsea Two,hornsea2,70,0
2026-10-03T15:00Z,Keadby 2,keadby2,780,0
2026-10-03T15:00Z,Moray East,morayeast,345,345
2026-10-03T15:00Z,Moray West,moraywest,630,325
2026-10-03T15:00Z,Neart na Gaoithe,nng,285,255
2026-10-03T15:00Z,Pembroke,pembroke,2135,0
2026-10-03T15:00Z,Pen y Cymoedd,penycymoedd,5,0
2026-10-03T15:00Z,Race Bank,racebank,0,0
2026-10-03T15:00Z,Rampion,rampion,0,0
2026-10-03T15:00Z,Seagreen,seagreen,290,155
2026-10-03T15:00Z,Sizewell B,sizewellb,1190,0
2026-10-03T15:00Z,Staythorpe,staythorpe,1105,0
2026-10-03T15:00Z,Torness,torness,1290,0
2026-10-03T15:00Z,Triton Knoll,triton,0,0
2026-10-03T15:00Z,Viking Link,viking,385,0
2026-10-03T15:00Z,Walney 1 & 2,walney,5,0
2026-10-03T15:00Z,Walney Extension,walneyx,20,0
2026-10-03T15:00Z,West Burton B,westburton,715,0
2026-10-03T15:00Z,Whitelee,whitelee,80,0
2026-10-03T15:00Z,connahsquay,connahsquay,550,0
2026-10-03T16:00Z,Beatrice,beatrice,310,0
2026-10-03T16:00Z,Burbo Bank Extension,burbo,0,0
2026-10-03T16:00Z,Carrington,carrington,430,0
2026-10-03T16:00Z,Clyde,clyde,85,0
2026-10-03T16:00Z,Cruachan,cruachan,240,0
2026-10-03T16:00Z,Didcot B,didcot,1360,0
2026-10-03T16:00Z,Dinorwig,dinorwig,300,0
2026-10-03T16:00Z,Dogger Bank A,doggerA,95,0
2026-10-03T16:00Z,Dogger Bank B,doggerB,60,0
2026-10-03T16:00Z,Drax,drax,1935,0
2026-10-03T16:00Z,East Anglia ONE,ea1,10,0
2026-10-03T16:00Z,Ffestiniog,ffestiniog,90,0
2026-10-03T16:00Z,Foyers,foyers,295,0
2026-10-03T16:00Z,Galloper,galloper,5,0
2026-10-03T16:00Z,Grain,grainpp,785,0
2026-10-03T16:00Z,Greater Gabbard,gabbard,0,0
2026-10-03T16:00Z,Gwynt y Môr,gym,5,0
2026-10-03T16:00Z,Hartlepool,hartlepool,580,0
2026-10-03T16:00Z,Heysham 1,heysham1,395,0
2026-10-03T16:00Z,Heysham 2,heysham2,545,0
2026-10-03T16:00Z,Hornsea One,hornsea1,40,0
2026-10-03T16:00Z,Hornsea Two,hornsea2,45,0
2026-10-03T16:00Z,Keadby 2,keadby2,785,0
2026-10-03T16:00Z,Moray East,morayeast,355,355
2026-10-03T16:00Z,Moray West,moraywest,665,55
2026-10-03T16:00Z,Neart na Gaoithe,nng,265,0
2026-10-03T16:00Z,Pembroke,pembroke,2140,0
2026-10-03T16:00Z,Pen y Cymoedd,penycymoedd,0,0
2026-10-03T16:00Z,Race Bank,racebank,0,0
2026-10-03T16:00Z,Rampion,rampion,0,0
2026-10-03T16:00Z,Seagreen,seagreen,400,115
2026-10-03T16:00Z,Sizewell B,sizewellb,1190,0
2026-10-03T16:00Z,Staythorpe,staythorpe,1240,0
2026-10-03T16:00Z,Torness,torness,1290,0
2026-10-03T16:00Z,Triton Knoll,triton,0,0
2026-10-03T16:00Z,Viking Link,viking,370,0
2026-10-03T16:00Z,Walney 1 & 2,walney,5,0
2026-10-03T16:00Z,Walney Extension,walneyx,10,0
2026-10-03T16:00Z,West Burton B,westburton,1210,0
2026-10-03T16:00Z,Whitelee,whitelee,80,0
2026-10-03T16:00Z,connahsquay,connahsquay,765,0
2026-10-03T17:00Z,Beatrice,beatrice,350,0
2026-10-03T17:00Z,Burbo Bank Extension,burbo,0,0
2026-10-03T17:00Z,Carrington,carrington,435,0
2026-10-03T17:00Z,Clyde,clyde,60,0
2026-10-03T17:00Z,Cruachan,cruachan,240,0
2026-10-03T17:00Z,Didcot B,didcot,1375,0
2026-10-03T17:00Z,Dinorwig,dinorwig,600,0
2026-10-03T17:00Z,Dogger Bank A,doggerA,70,0
2026-10-03T17:00Z,Dogger Bank B,doggerB,45,0
2026-10-03T17:00Z,Drax,drax,1935,0
2026-10-03T17:00Z,East Anglia ONE,ea1,20,0
2026-10-03T17:00Z,Ffestiniog,ffestiniog,180,0
2026-10-03T17:00Z,Foyers,foyers,300,0
2026-10-03T17:00Z,Galloper,galloper,5,0
2026-10-03T17:00Z,Grain,grainpp,800,0
2026-10-03T17:00Z,Greater Gabbard,gabbard,0,0
2026-10-03T17:00Z,Gwynt y Môr,gym,5,0
2026-10-03T17:00Z,Hartlepool,hartlepool,580,0
2026-10-03T17:00Z,Heysham 1,heysham1,395,0
2026-10-03T17:00Z,Heysham 2,heysham2,545,0
2026-10-03T17:00Z,Hornsea One,hornsea1,15,0
2026-10-03T17:00Z,Hornsea Two,hornsea2,15,0
2026-10-03T17:00Z,Keadby 2,keadby2,790,0
2026-10-03T17:00Z,Moray East,morayeast,355,355
2026-10-03T17:00Z,Moray West,moraywest,610,20
2026-10-03T17:00Z,Neart na Gaoithe,nng,305,0
2026-10-03T17:00Z,Pembroke,pembroke,2150,0
2026-10-03T17:00Z,Pen y Cymoedd,penycymoedd,0,0
2026-10-03T17:00Z,Race Bank,racebank,0,0
2026-10-03T17:00Z,Rampion,rampion,0,0
2026-10-03T17:00Z,Seagreen,seagreen,505,395
2026-10-03T17:00Z,Sizewell B,sizewellb,1190,0
2026-10-03T17:00Z,Staythorpe,staythorpe,1275,0
2026-10-03T17:00Z,Torness,torness,1290,0
2026-10-03T17:00Z,Triton Knoll,triton,0,0
2026-10-03T17:00Z,Viking Link,viking,350,0
2026-10-03T17:00Z,Walney 1 & 2,walney,0,0
2026-10-03T17:00Z,Walney Extension,walneyx,5,0
2026-10-03T17:00Z,West Burton B,westburton,1220,0
2026-10-03T17:00Z,Whitelee,whitelee,60,0
2026-10-03T17:00Z,connahsquay,connahsquay,910,0
2026-10-03T18:00Z,Beatrice,beatrice,365,0
2026-10-03T18:00Z,Burbo Bank Extension,burbo,0,0
2026-10-03T18:00Z,Carrington,carrington,435,0
2026-10-03T18:00Z,Clyde,clyde,45,0
2026-10-03T18:00Z,Cruachan,cruachan,240,0
2026-10-03T18:00Z,Didcot B,didcot,1385,0
2026-10-03T18:00Z,Dinorwig,dinorwig,600,0
2026-10-03T18:00Z,Dogger Bank A,doggerA,45,0
2026-10-03T18:00Z,Dogger Bank B,doggerB,30,0
2026-10-03T18:00Z,Drax,drax,1935,0
2026-10-03T18:00Z,East Anglia ONE,ea1,25,0
2026-10-03T18:00Z,Ffestiniog,ffestiniog,135,0
2026-10-03T18:00Z,Foyers,foyers,300,0
2026-10-03T18:00Z,Galloper,galloper,5,0
2026-10-03T18:00Z,Grain,grainpp,800,0
2026-10-03T18:00Z,Greater Gabbard,gabbard,0,0
2026-10-03T18:00Z,Gwynt y Môr,gym,5,0
2026-10-03T18:00Z,Hartlepool,hartlepool,580,0
2026-10-03T18:00Z,Heysham 1,heysham1,395,0
2026-10-03T18:00Z,Heysham 2,heysham2,545,0
2026-10-03T18:00Z,Hornsea One,hornsea1,5,0
2026-10-03T18:00Z,Hornsea Two,hornsea2,0,0
2026-10-03T18:00Z,Keadby 2,keadby2,795,0
2026-10-03T18:00Z,Moray East,morayeast,320,320
2026-10-03T18:00Z,Moray West,moraywest,580,330
2026-10-03T18:00Z,Neart na Gaoithe,nng,285,0
2026-10-03T18:00Z,Pembroke,pembroke,2145,0
2026-10-03T18:00Z,Pen y Cymoedd,penycymoedd,5,0
2026-10-03T18:00Z,Race Bank,racebank,0,0
2026-10-03T18:00Z,Rampion,rampion,0,0
2026-10-03T18:00Z,Seagreen,seagreen,600,510
2026-10-03T18:00Z,Sizewell B,sizewellb,1190,0
2026-10-03T18:00Z,Staythorpe,staythorpe,1280,0
2026-10-03T18:00Z,Torness,torness,1290,0
2026-10-03T18:00Z,Triton Knoll,triton,0,0
2026-10-03T18:00Z,Viking Link,viking,340,0
2026-10-03T18:00Z,Walney 1 & 2,walney,0,0
2026-10-03T18:00Z,Walney Extension,walneyx,10,0
2026-10-03T18:00Z,West Burton B,westburton,1220,0
2026-10-03T18:00Z,Whitelee,whitelee,60,0
2026-10-03T18:00Z,connahsquay,connahsquay,995,0
2026-10-03T19:00Z,Beatrice,beatrice,400,40
2026-10-03T19:00Z,Burbo Bank Extension,burbo,0,0
2026-10-03T19:00Z,Carrington,carrington,435,0
2026-10-03T19:00Z,Clyde,clyde,50,0
2026-10-03T19:00Z,Cruachan,cruachan,240,0
2026-10-03T19:00Z,Didcot B,didcot,1395,0
2026-10-03T19:00Z,Dinorwig,dinorwig,195,0
2026-10-03T19:00Z,Dogger Bank A,doggerA,30,0
2026-10-03T19:00Z,Dogger Bank B,doggerB,20,0
2026-10-03T19:00Z,Drax,drax,1935,0
2026-10-03T19:00Z,East Anglia ONE,ea1,35,0
2026-10-03T19:00Z,Ffestiniog,ffestiniog,0,0
2026-10-03T19:00Z,Foyers,foyers,300,0
2026-10-03T19:00Z,Galloper,galloper,5,0
2026-10-03T19:00Z,Grain,grainpp,805,0
2026-10-03T19:00Z,Greater Gabbard,gabbard,0,0
2026-10-03T19:00Z,Gwynt y Môr,gym,5,0
2026-10-03T19:00Z,Hartlepool,hartlepool,580,0
2026-10-03T19:00Z,Heysham 1,heysham1,395,0
2026-10-03T19:00Z,Heysham 2,heysham2,545,0
2026-10-03T19:00Z,Hornsea One,hornsea1,0,0
2026-10-03T19:00Z,Hornsea Two,hornsea2,0,0
2026-10-03T19:00Z,Keadby 2,keadby2,795,0
2026-10-03T19:00Z,Moray East,morayeast,340,340
2026-10-03T19:00Z,Moray West,moraywest,665,610
2026-10-03T19:00Z,Neart na Gaoithe,nng,280,0
2026-10-03T19:00Z,Pembroke,pembroke,2155,0
2026-10-03T19:00Z,Pen y Cymoedd,penycymoedd,5,0
2026-10-03T19:00Z,Race Bank,racebank,0,0
2026-10-03T19:00Z,Rampion,rampion,0,0
2026-10-03T19:00Z,Seagreen,seagreen,670,610
2026-10-03T19:00Z,Sizewell B,sizewellb,1190,0
2026-10-03T19:00Z,Staythorpe,staythorpe,1285,0
2026-10-03T19:00Z,Torness,torness,1290,0
2026-10-03T19:00Z,Triton Knoll,triton,0,0
2026-10-03T19:00Z,Viking Link,viking,365,0
2026-10-03T19:00Z,Walney 1 & 2,walney,0,0
2026-10-03T19:00Z,Walney Extension,walneyx,10,0
2026-10-03T19:00Z,West Burton B,westburton,1225,0
2026-10-03T19:00Z,Whitelee,whitelee,60,0
2026-10-03T19:00Z,connahsquay,connahsquay,1010,0
2026-10-03T20:00Z,Beatrice,beatrice,450,105
2026-10-03T20:00Z,Burbo Bank Extension,burbo,0,0
2026-10-03T20:00Z,Carrington,carrington,435,0
2026-10-03T20:00Z,Clyde,clyde,65,0
2026-10-03T20:00Z,Cruachan,cruachan,0,0
2026-10-03T20:00Z,Didcot B,didcot,1400,0
2026-10-03T20:00Z,Dinorwig,dinorwig,0,0
2026-10-03T20:00Z,Dogger Bank A,doggerA,10,0
2026-10-03T20:00Z,Dogger Bank B,doggerB,10,0
2026-10-03T20:00Z,Drax,drax,2075,0
2026-10-03T20:00Z,East Anglia ONE,ea1,40,0
2026-10-03T20:00Z,Ffestiniog,ffestiniog,0,0
2026-10-03T20:00Z,Foyers,foyers,300,0
2026-10-03T20:00Z,Galloper,galloper,5,0
2026-10-03T20:00Z,Grain,grainpp,805,0
2026-10-03T20:00Z,Greater Gabbard,gabbard,0,0
2026-10-03T20:00Z,Gwynt y Môr,gym,5,0
2026-10-03T20:00Z,Hartlepool,hartlepool,580,0
2026-10-03T20:00Z,Heysham 1,heysham1,395,0
2026-10-03T20:00Z,Heysham 2,heysham2,545,0
2026-10-03T20:00Z,Hornsea One,hornsea1,0,0
2026-10-03T20:00Z,Hornsea Two,hornsea2,0,0
2026-10-03T20:00Z,Keadby 2,keadby2,795,0
2026-10-03T20:00Z,Moray East,morayeast,420,420
2026-10-03T20:00Z,Moray West,moraywest,720,720
2026-10-03T20:00Z,Neart na Gaoithe,nng,255,0
2026-10-03T20:00Z,Pembroke,pembroke,2160,0
2026-10-03T20:00Z,Pen y Cymoedd,penycymoedd,5,0
2026-10-03T20:00Z,Race Bank,racebank,0,0
2026-10-03T20:00Z,Rampion,rampion,0,0
2026-10-03T20:00Z,Seagreen,seagreen,740,730
2026-10-03T20:00Z,Sizewell B,sizewellb,1190,0
2026-10-03T20:00Z,Staythorpe,staythorpe,1290,0
2026-10-03T20:00Z,Torness,torness,1290,0
2026-10-03T20:00Z,Triton Knoll,triton,0,0
2026-10-03T20:00Z,Viking Link,viking,375,0
2026-10-03T20:00Z,Walney 1 & 2,walney,0,0
2026-10-03T20:00Z,Walney Extension,walneyx,15,0
2026-10-03T20:00Z,West Burton B,westburton,1230,0
2026-10-03T20:00Z,Whitelee,whitelee,80,0
2026-10-03T20:00Z,connahsquay,connahsquay,1015,0
2026-10-03T21:00Z,Beatrice,beatrice,480,85
2026-10-03T21:00Z,Burbo Bank Extension,burbo,0,0
2026-10-03T21:00Z,Carrington,carrington,420,0
2026-10-03T21:00Z,Clyde,clyde,80,0
2026-10-03T21:00Z,Cruachan,cruachan,0,0
2026-10-03T21:00Z,Didcot B,didcot,1280,0
2026-10-03T21:00Z,Dinorwig,dinorwig,0,0
2026-10-03T21:00Z,Dogger Bank A,doggerA,10,0
2026-10-03T21:00Z,Dogger Bank B,doggerB,15,0
2026-10-03T21:00Z,Drax,drax,2485,0
2026-10-03T21:00Z,East Anglia ONE,ea1,40,0
2026-10-03T21:00Z,Ffestiniog,ffestiniog,0,0
2026-10-03T21:00Z,Foyers,foyers,300,0
2026-10-03T21:00Z,Galloper,galloper,5,0
2026-10-03T21:00Z,Grain,grainpp,620,0
2026-10-03T21:00Z,Greater Gabbard,gabbard,0,0
2026-10-03T21:00Z,Gwynt y Môr,gym,5,0
2026-10-03T21:00Z,Hartlepool,hartlepool,580,0
2026-10-03T21:00Z,Heysham 1,heysham1,395,0
2026-10-03T21:00Z,Heysham 2,heysham2,545,0
2026-10-03T21:00Z,Hornsea One,hornsea1,0,0
2026-10-03T21:00Z,Hornsea Two,hornsea2,0,0
2026-10-03T21:00Z,Keadby 2,keadby2,800,0
2026-10-03T21:00Z,Moray East,morayeast,430,430
2026-10-03T21:00Z,Moray West,moraywest,760,760
2026-10-03T21:00Z,Neart na Gaoithe,nng,255,0
2026-10-03T21:00Z,Pembroke,pembroke,2160,0
2026-10-03T21:00Z,Pen y Cymoedd,penycymoedd,5,0
2026-10-03T21:00Z,Race Bank,racebank,0,0
2026-10-03T21:00Z,Rampion,rampion,0,0
2026-10-03T21:00Z,Seagreen,seagreen,760,750
2026-10-03T21:00Z,Sizewell B,sizewellb,1190,0
2026-10-03T21:00Z,Staythorpe,staythorpe,1290,0
2026-10-03T21:00Z,Torness,torness,1290,0
2026-10-03T21:00Z,Triton Knoll,triton,0,0
2026-10-03T21:00Z,Viking Link,viking,395,0
2026-10-03T21:00Z,Walney 1 & 2,walney,5,0
2026-10-03T21:00Z,Walney Extension,walneyx,20,0
2026-10-03T21:00Z,West Burton B,westburton,1235,0
2026-10-03T21:00Z,Whitelee,whitelee,100,0
2026-10-03T21:00Z,connahsquay,connahsquay,935,0
2026-10-03T22:00Z,Beatrice,beatrice,495,260
2026-10-03T22:00Z,Burbo Bank Extension,burbo,0,0
2026-10-03T22:00Z,Carrington,carrington,420,0
2026-10-03T22:00Z,Clyde,clyde,105,0
2026-10-03T22:00Z,Cruachan,cruachan,0,0
2026-10-03T22:00Z,Didcot B,didcot,330,0
2026-10-03T22:00Z,Dinorwig,dinorwig,0,0
2026-10-03T22:00Z,Dogger Bank A,doggerA,10,0
2026-10-03T22:00Z,Dogger Bank B,doggerB,30,0
2026-10-03T22:00Z,Drax,drax,2580,0
2026-10-03T22:00Z,East Anglia ONE,ea1,40,0
2026-10-03T22:00Z,Ffestiniog,ffestiniog,0,0
2026-10-03T22:00Z,Foyers,foyers,225,0
2026-10-03T22:00Z,Galloper,galloper,5,0
2026-10-03T22:00Z,Grain,grainpp,0,0
2026-10-03T22:00Z,Greater Gabbard,gabbard,0,0
2026-10-03T22:00Z,Gwynt y Môr,gym,5,0
2026-10-03T22:00Z,Hartlepool,hartlepool,580,0
2026-10-03T22:00Z,Heysham 1,heysham1,695,0
2026-10-03T22:00Z,Heysham 2,heysham2,545,0
2026-10-03T22:00Z,Hornsea One,hornsea1,0,0
2026-10-03T22:00Z,Hornsea Two,hornsea2,0,0
2026-10-03T22:00Z,Keadby 2,keadby2,800,0
2026-10-03T22:00Z,Moray East,morayeast,425,425
2026-10-03T22:00Z,Moray West,moraywest,760,760
2026-10-03T22:00Z,Neart na Gaoithe,nng,250,0
2026-10-03T22:00Z,Pembroke,pembroke,2165,0
2026-10-03T22:00Z,Pen y Cymoedd,penycymoedd,5,0
2026-10-03T22:00Z,Race Bank,racebank,5,0
2026-10-03T22:00Z,Rampion,rampion,0,0
2026-10-03T22:00Z,Seagreen,seagreen,755,745
2026-10-03T22:00Z,Sizewell B,sizewellb,1190,0
2026-10-03T22:00Z,Staythorpe,staythorpe,1295,0
2026-10-03T22:00Z,Torness,torness,1290,0
2026-10-03T22:00Z,Triton Knoll,triton,0,0
2026-10-03T22:00Z,Viking Link,viking,415,0
2026-10-03T22:00Z,Walney 1 & 2,walney,5,0
2026-10-03T22:00Z,Walney Extension,walneyx,35,0
2026-10-03T22:00Z,West Burton B,westburton,920,0
2026-10-03T22:00Z,Whitelee,whitelee,125,0
2026-10-03T22:00Z,connahsquay,connahsquay,335,0
2026-10-03T23:00Z,Beatrice,beatrice,525,510
2026-10-03T23:00Z,Burbo Bank Extension,burbo,0,0
2026-10-03T23:00Z,Carrington,carrington,60,0
2026-10-03T23:00Z,Clyde,clyde,135,0
2026-10-03T23:00Z,Cruachan,cruachan,0,0
2026-10-03T23:00Z,Dinorwig,dinorwig,0,0
2026-10-03T23:00Z,Dogger Bank A,doggerA,25,0
2026-10-03T23:00Z,Dogger Bank B,doggerB,45,0
2026-10-03T23:00Z,Drax,drax,2580,0
2026-10-03T23:00Z,East Anglia ONE,ea1,30,0
2026-10-03T23:00Z,Ffestiniog,ffestiniog,0,0
2026-10-03T23:00Z,Foyers,foyers,300,0
2026-10-03T23:00Z,Galloper,galloper,5,0
2026-10-03T23:00Z,Greater Gabbard,gabbard,0,0
2026-10-03T23:00Z,Gwynt y Môr,gym,5,0
2026-10-03T23:00Z,Hartlepool,hartlepool,580,0
2026-10-03T23:00Z,Heysham 1,heysham1,695,0
2026-10-03T23:00Z,Heysham 2,heysham2,545,0
2026-10-03T23:00Z,Hornsea One,hornsea1,0,0
2026-10-03T23:00Z,Hornsea Two,hornsea2,5,0
2026-10-03T23:00Z,Keadby 2,keadby2,800,0
2026-10-03T23:00Z,Moray East,morayeast,425,425
2026-10-03T23:00Z,Moray West,moraywest,780,780
2026-10-03T23:00Z,Neart na Gaoithe,nng,240,0
2026-10-03T23:00Z,Pembroke,pembroke,2170,0
2026-10-03T23:00Z,Pen y Cymoedd,penycymoedd,5,0
2026-10-03T23:00Z,Race Bank,racebank,10,0
2026-10-03T23:00Z,Rampion,rampion,0,0
2026-10-03T23:00Z,Seagreen,seagreen,765,760
2026-10-03T23:00Z,Sizewell B,sizewellb,1190,0
2026-10-03T23:00Z,Staythorpe,staythorpe,1120,0
2026-10-03T23:00Z,Torness,torness,1290,0
2026-10-03T23:00Z,Triton Knoll,triton,5,0
2026-10-03T23:00Z,Viking Link,viking,430,0
2026-10-03T23:00Z,Walney 1 & 2,walney,10,0
2026-10-03T23:00Z,Walney Extension,walneyx,60,0
2026-10-03T23:00Z,West Burton B,westburton,505,0
2026-10-03T23:00Z,Whitelee,whitelee,170,0
2026-10-03T23:00Z,connahsquay,connahsquay,0,0
2026-10-04T00:00Z,Beatrice,beatrice,535,475
2026-10-04T00:00Z,Burbo Bank Extension,burbo,0,0
2026-10-04T00:00Z,Carrington,carrington,0,0
2026-10-04T00:00Z,Clyde,clyde,175,0
2026-10-04T00:00Z,Cruachan,cruachan,0,0
2026-10-04T00:00Z,Dinorwig,dinorwig,0,0
2026-10-04T00:00Z,Dogger Bank A,doggerA,45,0
2026-10-04T00:00Z,Dogger Bank B,doggerB,60,0
2026-10-04T00:00Z,Drax,drax,2580,0
2026-10-04T00:00Z,East Anglia ONE,ea1,25,0
2026-10-04T00:00Z,Ffestiniog,ffestiniog,0,0
2026-10-04T00:00Z,Foyers,foyers,300,0
2026-10-04T00:00Z,Galloper,galloper,5,0
2026-10-04T00:00Z,Greater Gabbard,gabbard,0,0
2026-10-04T00:00Z,Gwynt y Môr,gym,10,0
2026-10-04T00:00Z,Hartlepool,hartlepool,580,0
2026-10-04T00:00Z,Heysham 1,heysham1,695,0
2026-10-04T00:00Z,Heysham 2,heysham2,545,0
2026-10-04T00:00Z,Hornsea One,hornsea1,5,0
2026-10-04T00:00Z,Hornsea Two,hornsea2,15,0
2026-10-04T00:00Z,Keadby 2,keadby2,580,0
2026-10-04T00:00Z,Moray East,morayeast,445,445
2026-10-04T00:00Z,Moray West,moraywest,790,790
2026-10-04T00:00Z,Neart na Gaoithe,nng,225,10
2026-10-04T00:00Z,Pembroke,pembroke,1460,0
2026-10-04T00:00Z,Pen y Cymoedd,penycymoedd,5,0
2026-10-04T00:00Z,Race Bank,racebank,10,0
2026-10-04T00:00Z,Rampion,rampion,0,0
2026-10-04T00:00Z,Seagreen,seagreen,790,695
2026-10-04T00:00Z,Sizewell B,sizewellb,1190,0
2026-10-04T00:00Z,Staythorpe,staythorpe,85,0
2026-10-04T00:00Z,Torness,torness,1290,0
2026-10-04T00:00Z,Triton Knoll,triton,5,0
2026-10-04T00:00Z,Viking Link,viking,440,0
2026-10-04T00:00Z,Walney 1 & 2,walney,20,0
2026-10-04T00:00Z,Walney Extension,walneyx,85,0
2026-10-04T00:00Z,West Burton B,westburton,335,0
2026-10-04T00:00Z,Whitelee,whitelee,215,0
2026-10-04T00:00Z,connahsquay,connahsquay,0,0
2026-10-04T01:00Z,Beatrice,beatrice,545,515
2026-10-04T01:00Z,Burbo Bank Extension,burbo,5,0
2026-10-04T01:00Z,Carrington,carrington,0,0
2026-10-04T01:00Z,Clyde,clyde,210,0
2026-10-04T01:00Z,Cruachan,cruachan,0,0
2026-10-04T01:00Z,Dinorwig,dinorwig,0,0
2026-10-04T01:00Z,Dogger Bank A,doggerA,75,0
2026-10-04T01:00Z,Dogger Bank B,doggerB,85,0
2026-10-04T01:00Z,Drax,drax,2580,0
2026-10-04T01:00Z,East Anglia ONE,ea1,25,0
2026-10-04T01:00Z,Ffestiniog,ffestiniog,0,0
2026-10-04T01:00Z,Foyers,foyers,300,0
2026-10-04T01:00Z,Galloper,galloper,5,0
2026-10-04T01:00Z,Greater Gabbard,gabbard,0,0
2026-10-04T01:00Z,Gwynt y Môr,gym,5,0
2026-10-04T01:00Z,Hartlepool,hartlepool,580,0
2026-10-04T01:00Z,Heysham 1,heysham1,695,0
2026-10-04T01:00Z,Heysham 2,heysham2,545,0
2026-10-04T01:00Z,Hornsea One,hornsea1,15,0
2026-10-04T01:00Z,Hornsea Two,hornsea2,30,0
2026-10-04T01:00Z,Keadby 2,keadby2,0,0
2026-10-04T01:00Z,Moray East,morayeast,460,460
2026-10-04T01:00Z,Moray West,moraywest,795,795
2026-10-04T01:00Z,Neart na Gaoithe,nng,275,75
2026-10-04T01:00Z,Pembroke,pembroke,1035,0
2026-10-04T01:00Z,Pen y Cymoedd,penycymoedd,5,0
2026-10-04T01:00Z,Race Bank,racebank,20,0
2026-10-04T01:00Z,Rampion,rampion,0,0
2026-10-04T01:00Z,Seagreen,seagreen,850,850
2026-10-04T01:00Z,Sizewell B,sizewellb,1190,0
2026-10-04T01:00Z,Staythorpe,staythorpe,0,0
2026-10-04T01:00Z,Torness,torness,1290,0
2026-10-04T01:00Z,Triton Knoll,triton,5,0
2026-10-04T01:00Z,Viking Link,viking,440,0
2026-10-04T01:00Z,Walney 1 & 2,walney,25,0
2026-10-04T01:00Z,Walney Extension,walneyx,105,0
2026-10-04T01:00Z,West Burton B,westburton,0,0
2026-10-04T01:00Z,Whitelee,whitelee,215,0
2026-10-04T01:00Z,connahsquay,connahsquay,0,0
2026-10-04T02:00Z,Beatrice,beatrice,545,545
2026-10-04T02:00Z,Burbo Bank Extension,burbo,0,0
2026-10-04T02:00Z,Carrington,carrington,0,0
2026-10-04T02:00Z,Clyde,clyde,230,0
2026-10-04T02:00Z,Cruachan,cruachan,0,0
2026-10-04T02:00Z,Dinorwig,dinorwig,0,0
2026-10-04T02:00Z,Dogger Bank A,doggerA,125,0
2026-10-04T02:00Z,Dogger Bank B,doggerB,120,0
2026-10-04T02:00Z,Drax,drax,2580,0
2026-10-04T02:00Z,East Anglia ONE,ea1,15,0
2026-10-04T02:00Z,Ffestiniog,ffestiniog,0,0
2026-10-04T02:00Z,Foyers,foyers,80,0
2026-10-04T02:00Z,Galloper,galloper,5,0
2026-10-04T02:00Z,Greater Gabbard,gabbard,0,0
2026-10-04T02:00Z,Gwynt y Môr,gym,5,0
2026-10-04T02:00Z,Hartlepool,hartlepool,580,0
2026-10-04T02:00Z,Heysham 1,heysham1,695,0
2026-10-04T02:00Z,Heysham 2,heysham2,545,0
2026-10-04T02:00Z,Hornsea One,hornsea1,35,0
2026-10-04T02:00Z,Hornsea Two,hornsea2,55,0
2026-10-04T02:00Z,Keadby 2,keadby2,0,0
2026-10-04T02:00Z,Moray East,morayeast,470,470
2026-10-04T02:00Z,Moray West,moraywest,805,805
2026-10-04T02:00Z,Neart na Gaoithe,nng,305,190
2026-10-04T02:00Z,Pembroke,pembroke,80,0
2026-10-04T02:00Z,Pen y Cymoedd,penycymoedd,5,0
2026-10-04T02:00Z,Race Bank,racebank,25,0
2026-10-04T02:00Z,Rampion,rampion,0,0
2026-10-04T02:00Z,Seagreen,seagreen,895,895
2026-10-04T02:00Z,Sizewell B,sizewellb,1190,0
2026-10-04T02:00Z,Staythorpe,staythorpe,0,0
2026-10-04T02:00Z,Torness,torness,1290,0
2026-10-04T02:00Z,Triton Knoll,triton,10,0
2026-10-04T02:00Z,Viking Link,viking,440,0
2026-10-04T02:00Z,Walney 1 & 2,walney,25,0
2026-10-04T02:00Z,Walney Extension,walneyx,105,0
2026-10-04T02:00Z,West Burton B,westburton,0,0
2026-10-04T02:00Z,Whitelee,whitelee,230,0
2026-10-04T02:00Z,connahsquay,connahsquay,0,0
2026-10-04T03:00Z,Beatrice,beatrice,550,550
2026-10-04T03:00Z,Burbo Bank Extension,burbo,5,0
2026-10-04T03:00Z,Carrington,carrington,0,0
2026-10-04T03:00Z,Clyde,clyde,250,0
2026-10-04T03:00Z,Cruachan,cruachan,0,0
2026-10-04T03:00Z,Dinorwig,dinorwig,0,0
2026-10-04T03:00Z,Dogger Bank A,doggerA,180,0
2026-10-04T03:00Z,Dogger Bank B,doggerB,150,0
2026-10-04T03:00Z,Drax,drax,2580,0
2026-10-04T03:00Z,East Anglia ONE,ea1,15,0
2026-10-04T03:00Z,Ffestiniog,ffestiniog,0,0
2026-10-04T03:00Z,Foyers,foyers,0,0
2026-10-04T03:00Z,Galloper,galloper,5,0
2026-10-04T03:00Z,Greater Gabbard,gabbard,0,0
2026-10-04T03:00Z,Gwynt y Môr,gym,5,0
2026-10-04T03:00Z,Hartlepool,hartlepool,580,0
2026-10-04T03:00Z,Heysham 1,heysham1,695,0
2026-10-04T03:00Z,Heysham 2,heysham2,545,0
2026-10-04T03:00Z,Hornsea One,hornsea1,55,0
2026-10-04T03:00Z,Hornsea Two,hornsea2,80,0
2026-10-04T03:00Z,Keadby 2,keadby2,0,0
2026-10-04T03:00Z,Moray East,morayeast,480,480
2026-10-04T03:00Z,Moray West,moraywest,810,810
2026-10-04T03:00Z,Neart na Gaoithe,nng,270,260
2026-10-04T03:00Z,Pembroke,pembroke,0,0
2026-10-04T03:00Z,Pen y Cymoedd,penycymoedd,10,0
2026-10-04T03:00Z,Race Bank,racebank,35,0
2026-10-04T03:00Z,Rampion,rampion,0,0
2026-10-04T03:00Z,Seagreen,seagreen,915,915
2026-10-04T03:00Z,Sizewell B,sizewellb,1190,0
2026-10-04T03:00Z,Staythorpe,staythorpe,0,0
2026-10-04T03:00Z,Torness,torness,1290,0
2026-10-04T03:00Z,Triton Knoll,triton,10,0
2026-10-04T03:00Z,Viking Link,viking,440,0
2026-10-04T03:00Z,Walney 1 & 2,walney,35,0
2026-10-04T03:00Z,Walney Extension,walneyx,125,0
2026-10-04T03:00Z,West Burton B,westburton,0,0
2026-10-04T03:00Z,Whitelee,whitelee,235,0
2026-10-04T03:00Z,connahsquay,connahsquay,0,0
2026-10-04T04:00Z,Beatrice,beatrice,550,550
2026-10-04T04:00Z,Burbo Bank Extension,burbo,0,0
2026-10-04T04:00Z,Carrington,carrington,0,0
2026-10-04T04:00Z,Clyde,clyde,265,0
2026-10-04T04:00Z,Cruachan,cruachan,0,0
2026-10-04T04:00Z,Dinorwig,dinorwig,0,0
2026-10-04T04:00Z,Dogger Bank A,doggerA,230,0
2026-10-04T04:00Z,Dogger Bank B,doggerB,175,0
2026-10-04T04:00Z,Drax,drax,2580,0
2026-10-04T04:00Z,East Anglia ONE,ea1,10,0
2026-10-04T04:00Z,Ffestiniog,ffestiniog,0,0
2026-10-04T04:00Z,Foyers,foyers,225,0
2026-10-04T04:00Z,Galloper,galloper,5,0
2026-10-04T04:00Z,Greater Gabbard,gabbard,0,0
2026-10-04T04:00Z,Gwynt y Môr,gym,5,0
2026-10-04T04:00Z,Hartlepool,hartlepool,580,0
2026-10-04T04:00Z,Heysham 1,heysham1,695,0
2026-10-04T04:00Z,Heysham 2,heysham2,545,0
2026-10-04T04:00Z,Hornsea One,hornsea1,75,0
2026-10-04T04:00Z,Hornsea Two,hornsea2,115,0
2026-10-04T04:00Z,Keadby 2,keadby2,0,0
2026-10-04T04:00Z,Moray East,morayeast,480,480
2026-10-04T04:00Z,Moray West,moraywest,810,810
2026-10-04T04:00Z,Neart na Gaoithe,nng,220,180
2026-10-04T04:00Z,Pembroke,pembroke,0,0
2026-10-04T04:00Z,Pen y Cymoedd,penycymoedd,10,0
2026-10-04T04:00Z,Race Bank,racebank,25,0
2026-10-04T04:00Z,Rampion,rampion,0,0
2026-10-04T04:00Z,Seagreen,seagreen,910,910
2026-10-04T04:00Z,Sizewell B,sizewellb,1190,0
2026-10-04T04:00Z,Staythorpe,staythorpe,0,0
2026-10-04T04:00Z,Torness,torness,1290,0
2026-10-04T04:00Z,Triton Knoll,triton,10,0
2026-10-04T04:00Z,Viking Link,viking,440,0
2026-10-04T04:00Z,Walney 1 & 2,walney,50,0
2026-10-04T04:00Z,Walney Extension,walneyx,170,0
2026-10-04T04:00Z,West Burton B,westburton,0,0
2026-10-04T04:00Z,Whitelee,whitelee,235,0
2026-10-04T04:00Z,connahsquay,connahsquay,0,0
2026-10-04T05:00Z,Beatrice,beatrice,550,550
2026-10-04T05:00Z,Burbo Bank Extension,burbo,0,0
2026-10-04T05:00Z,Carrington,carrington,0,0
2026-10-04T05:00Z,Clyde,clyde,285,0
2026-10-04T05:00Z,Cruachan,cruachan,0,0
2026-10-04T05:00Z,Dinorwig,dinorwig,0,0
2026-10-04T05:00Z,Dogger Bank A,doggerA,285,0
2026-10-04T05:00Z,Dogger Bank B,doggerB,205,0
2026-10-04T05:00Z,Drax,drax,2580,0
2026-10-04T05:00Z,East Anglia ONE,ea1,10,0
2026-10-04T05:00Z,Ffestiniog,ffestiniog,0,0
2026-10-04T05:00Z,Foyers,foyers,295,0
2026-10-04T05:00Z,Galloper,galloper,5,0
2026-10-04T05:00Z,Greater Gabbard,gabbard,0,0
2026-10-04T05:00Z,Gwynt y Môr,gym,10,0
2026-10-04T05:00Z,Hartlepool,hartlepool,580,0
2026-10-04T05:00Z,Heysham 1,heysham1,695,0
2026-10-04T05:00Z,Heysham 2,heysham2,545,0
2026-10-04T05:00Z,Hornsea One,hornsea1,100,0
2026-10-04T05:00Z,Hornsea Two,hornsea2,140,0
2026-10-04T05:00Z,Keadby 2,keadby2,0,0
2026-10-04T05:00Z,Moray East,morayeast,490,490
2026-10-04T05:00Z,Moray West,moraywest,815,815
2026-10-04T05:00Z,Neart na Gaoithe,nng,250,245
2026-10-04T05:00Z,Pembroke,pembroke,0,0
2026-10-04T05:00Z,Pen y Cymoedd,penycymoedd,15,0
2026-10-04T05:00Z,Race Bank,racebank,25,0
2026-10-04T05:00Z,Rampion,rampion,0,0
2026-10-04T05:00Z,Seagreen,seagreen,910,910
2026-10-04T05:00Z,Sizewell B,sizewellb,1190,0
2026-10-04T05:00Z,Staythorpe,staythorpe,0,0
2026-10-04T05:00Z,Torness,torness,1290,0
2026-10-04T05:00Z,Triton Knoll,triton,10,0
2026-10-04T05:00Z,Viking Link,viking,440,0
2026-10-04T05:00Z,Walney 1 & 2,walney,70,0
2026-10-04T05:00Z,Walney Extension,walneyx,215,0
2026-10-04T05:00Z,West Burton B,westburton,0,0
2026-10-04T05:00Z,Whitelee,whitelee,235,0
2026-10-04T05:00Z,connahsquay,connahsquay,0,0
2026-10-04T06:00Z,Beatrice,beatrice,550,550
2026-10-04T06:00Z,Burbo Bank Extension,burbo,5,0
2026-10-04T06:00Z,Carrington,carrington,0,0
2026-10-04T06:00Z,Clyde,clyde,335,0
2026-10-04T06:00Z,Cruachan,cruachan,0,0
2026-10-04T06:00Z,Dinorwig,dinorwig,0,0
2026-10-04T06:00Z,Dogger Bank A,doggerA,345,0
2026-10-04T06:00Z,Dogger Bank B,doggerB,255,0
2026-10-04T06:00Z,Drax,drax,2580,0
2026-10-04T06:00Z,East Anglia ONE,ea1,0,0
2026-10-04T06:00Z,Ffestiniog,ffestiniog,0,0
2026-10-04T06:00Z,Foyers,foyers,150,0
2026-10-04T06:00Z,Galloper,galloper,5,0
2026-10-04T06:00Z,Greater Gabbard,gabbard,0,0
2026-10-04T06:00Z,Gwynt y Môr,gym,15,0
2026-10-04T06:00Z,Hartlepool,hartlepool,580,0
2026-10-04T06:00Z,Heysham 1,heysham1,695,0
2026-10-04T06:00Z,Heysham 2,heysham2,545,0
2026-10-04T06:00Z,Hornsea One,hornsea1,130,0
2026-10-04T06:00Z,Hornsea Two,hornsea2,170,0
2026-10-04T06:00Z,Keadby 2,keadby2,0,0
2026-10-04T06:00Z,Moray East,morayeast,505,505
2026-10-04T06:00Z,Moray West,moraywest,815,815
2026-10-04T06:00Z,Neart na Gaoithe,nng,345,340
2026-10-04T06:00Z,Pembroke,pembroke,0,0
2026-10-04T06:00Z,Pen y Cymoedd,penycymoedd,15,0
2026-10-04T06:00Z,Race Bank,racebank,25,0
2026-10-04T06:00Z,Rampion,rampion,0,0
2026-10-04T06:00Z,Seagreen,seagreen,915,915
2026-10-04T06:00Z,Sizewell B,sizewellb,1190,0
2026-10-04T06:00Z,Staythorpe,staythorpe,0,0
2026-10-04T06:00Z,Torness,torness,1290,0
2026-10-04T06:00Z,Triton Knoll,triton,15,0
2026-10-04T06:00Z,Viking Link,viking,440,0
2026-10-04T06:00Z,Walney 1 & 2,walney,105,0
2026-10-04T06:00Z,Walney Extension,walneyx,290,0
2026-10-04T06:00Z,West Burton B,westburton,0,0
2026-10-04T06:00Z,Whitelee,whitelee,260,0
2026-10-04T06:00Z,connahsquay,connahsquay,0,0
2026-10-04T07:00Z,Beatrice,beatrice,550,550
2026-10-04T07:00Z,Burbo Bank Extension,burbo,10,0
2026-10-04T07:00Z,Carrington,carrington,0,0
2026-10-04T07:00Z,Clyde,clyde,375,0
2026-10-04T07:00Z,Cruachan,cruachan,0,0
2026-10-04T07:00Z,Dinorwig,dinorwig,0,0
2026-10-04T07:00Z,Dogger Bank A,doggerA,400,0
2026-10-04T07:00Z,Dogger Bank B,doggerB,295,0
2026-10-04T07:00Z,Drax,drax,2580,0
2026-10-04T07:00Z,East Anglia ONE,ea1,0,0
2026-10-04T07:00Z,Ffestiniog,ffestiniog,0,0
2026-10-04T07:00Z,Foyers,foyers,150,0
2026-10-04T07:00Z,Galloper,galloper,5,0
2026-10-04T07:00Z,Greater Gabbard,gabbard,0,0
2026-10-04T07:00Z,Gwynt y Môr,gym,25,0
2026-10-04T07:00Z,Hartlepool,hartlepool,580,0
2026-10-04T07:00Z,Heysham 1,heysham1,695,0
2026-10-04T07:00Z,Heysham 2,heysham2,545,0
2026-10-04T07:00Z,Hornsea One,hornsea1,185,0
2026-10-04T07:00Z,Hornsea Two,hornsea2,230,0
2026-10-04T07:00Z,Keadby 2,keadby2,0,0
2026-10-04T07:00Z,Moray East,morayeast,510,510
2026-10-04T07:00Z,Moray West,moraywest,815,815
2026-10-04T07:00Z,Neart na Gaoithe,nng,400,395
2026-10-04T07:00Z,Pembroke,pembroke,0,0
2026-10-04T07:00Z,Pen y Cymoedd,penycymoedd,20,0
2026-10-04T07:00Z,Race Bank,racebank,25,0
2026-10-04T07:00Z,Rampion,rampion,0,0
2026-10-04T07:00Z,Seagreen,seagreen,920,920
2026-10-04T07:00Z,Sizewell B,sizewellb,1190,0
2026-10-04T07:00Z,Staythorpe,staythorpe,0,0
2026-10-04T07:00Z,Torness,torness,1290,0
2026-10-04T07:00Z,Triton Knoll,triton,15,0
2026-10-04T07:00Z,Viking Link,viking,440,0
2026-10-04T07:00Z,Walney 1 & 2,walney,135,0
2026-10-04T07:00Z,Walney Extension,walneyx,375,0
2026-10-04T07:00Z,West Burton B,westburton,0,0
2026-10-04T07:00Z,Whitelee,whitelee,255,0
2026-10-04T07:00Z,connahsquay,connahsquay,0,0
2026-10-04T08:00Z,Beatrice,beatrice,550,530
2026-10-04T08:00Z,Burbo Bank Extension,burbo,15,0
2026-10-04T08:00Z,Carrington,carrington,0,0
2026-10-04T08:00Z,Clyde,clyde,325,0
2026-10-04T08:00Z,Cruachan,cruachan,0,0
2026-10-04T08:00Z,Dinorwig,dinorwig,0,0
2026-10-04T08:00Z,Dogger Bank A,doggerA,480,0
2026-10-04T08:00Z,Dogger Bank B,doggerB,335,0
2026-10-04T08:00Z,Drax,drax,1715,0
2026-10-04T08:00Z,East Anglia ONE,ea1,0,0
2026-10-04T08:00Z,Ffestiniog,ffestiniog,0,0
2026-10-04T08:00Z,Foyers,foyers,0,0
2026-10-04T08:00Z,Galloper,galloper,5,0
2026-10-04T08:00Z,Greater Gabbard,gabbard,0,0
2026-10-04T08:00Z,Gwynt y Môr,gym,35,0
2026-10-04T08:00Z,Hartlepool,hartlepool,580,0
2026-10-04T08:00Z,Heysham 1,heysham1,695,0
2026-10-04T08:00Z,Heysham 2,heysham2,545,0
2026-10-04T08:00Z,Hornsea One,hornsea1,255,0
2026-10-04T08:00Z,Hornsea Two,hornsea2,310,0
2026-10-04T08:00Z,Keadby 2,keadby2,0,0
2026-10-04T08:00Z,Moray East,morayeast,520,520
2026-10-04T08:00Z,Moray West,moraywest,815,815
2026-10-04T08:00Z,Neart na Gaoithe,nng,445,440
2026-10-04T08:00Z,Pembroke,pembroke,0,0
2026-10-04T08:00Z,Pen y Cymoedd,penycymoedd,15,0
2026-10-04T08:00Z,Race Bank,racebank,40,0
2026-10-04T08:00Z,Rampion,rampion,0,0
2026-10-04T08:00Z,Seagreen,seagreen,910,910
2026-10-04T08:00Z,Sizewell B,sizewellb,1190,0
2026-10-04T08:00Z,Staythorpe,staythorpe,0,0
2026-10-04T08:00Z,Torness,torness,1290,0
2026-10-04T08:00Z,Triton Knoll,triton,20,0
2026-10-04T08:00Z,Viking Link,viking,440,0
2026-10-04T08:00Z,Walney 1 & 2,walney,160,0
2026-10-04T08:00Z,Walney Extension,walneyx,430,0
2026-10-04T08:00Z,West Burton B,westburton,0,0
2026-10-04T08:00Z,Whitelee,whitelee,255,0
2026-10-04T08:00Z,connahsquay,connahsquay,0,0
2026-10-04T09:00Z,Beatrice,beatrice,550,125
2026-10-04T09:00Z,Burbo Bank Extension,burbo,15,0
2026-10-04T09:00Z,Carrington,carrington,0,0
2026-10-04T09:00Z,Clyde,clyde,305,0
2026-10-04T09:00Z,Cruachan,cruachan,0,0
2026-10-04T09:00Z,Dinorwig,dinorwig,0,0
2026-10-04T09:00Z,Dogger Bank A,doggerA,530,0
2026-10-04T09:00Z,Dogger Bank B,doggerB,385,0
2026-10-04T09:00Z,Drax,drax,365,0
2026-10-04T09:00Z,East Anglia ONE,ea1,0,0
2026-10-04T09:00Z,Ffestiniog,ffestiniog,0,0
2026-10-04T09:00Z,Foyers,foyers,0,0
2026-10-04T09:00Z,Galloper,galloper,5,0
2026-10-04T09:00Z,Greater Gabbard,gabbard,0,0
2026-10-04T09:00Z,Gwynt y Môr,gym,40,0
2026-10-04T09:00Z,Hartlepool,hartlepool,580,0
2026-10-04T09:00Z,Heysham 1,heysham1,695,0
2026-10-04T09:00Z,Heysham 2,heysham2,545,0
2026-10-04T09:00Z,Hornsea One,hornsea1,295,0
2026-10-04T09:00Z,Hornsea Two,hornsea2,340,0
2026-10-04T09:00Z,Keadby 2,keadby2,0,0
2026-10-04T09:00Z,Moray East,morayeast,530,530
2026-10-04T09:00Z,Moray West,moraywest,815,815
2026-10-04T09:00Z,Neart na Gaoithe,nng,445,440
2026-10-04T09:00Z,Pembroke,pembroke,0,0
2026-10-04T09:00Z,Pen y Cymoedd,penycymoedd,15,0
2026-10-04T09:00Z,Race Bank,racebank,50,0
2026-10-04T09:00Z,Rampion,rampion,0,0
2026-10-04T09:00Z,Seagreen,seagreen,900,900
2026-10-04T09:00Z,Sizewell B,sizewellb,1190,0
2026-10-04T09:00Z,Staythorpe,staythorpe,0,0
2026-10-04T09:00Z,Torness,torness,1290,0
2026-10-04T09:00Z,Triton Knoll,triton,15,0
2026-10-04T09:00Z,Viking Link,viking,440,0
2026-10-04T09:00Z,Walney 1 & 2,walney,175,0
2026-10-04T09:00Z,Walney Extension,walneyx,450,0
2026-10-04T09:00Z,West Burton B,westburton,0,0
2026-10-04T09:00Z,Whitelee,whitelee,260,0
2026-10-04T09:00Z,connahsquay,connahsquay,0,0
2026-10-04T10:00Z,Beatrice,beatrice,550,0
2026-10-04T10:00Z,Burbo Bank Extension,burbo,15,0
2026-10-04T10:00Z,Carrington,carrington,0,0
2026-10-04T10:00Z,Clyde,clyde,315,0
2026-10-04T10:00Z,Cruachan,cruachan,0,0
2026-10-04T10:00Z,Dinorwig,dinorwig,0,0
2026-10-04T10:00Z,Dogger Bank A,doggerA,550,0
2026-10-04T10:00Z,Dogger Bank B,doggerB,390,0
2026-10-04T10:00Z,Drax,drax,200,0
2026-10-04T10:00Z,East Anglia ONE,ea1,5,0
2026-10-04T10:00Z,Ffestiniog,ffestiniog,0,0
2026-10-04T10:00Z,Foyers,foyers,0,0
2026-10-04T10:00Z,Galloper,galloper,5,0
2026-10-04T10:00Z,Greater Gabbard,gabbard,0,0
2026-10-04T10:00Z,Gwynt y Môr,gym,45,0
2026-10-04T10:00Z,Hartlepool,hartlepool,580,0
2026-10-04T10:00Z,Heysham 1,heysham1,695,0
2026-10-04T10:00Z,Heysham 2,heysham2,545,0
2026-10-04T10:00Z,Hornsea One,hornsea1,325,0
2026-10-04T10:00Z,Hornsea Two,hornsea2,340,0
2026-10-04T10:00Z,Keadby 2,keadby2,0,0
2026-10-04T10:00Z,Moray East,morayeast,530,530
2026-10-04T10:00Z,Moray West,moraywest,815,815
2026-10-04T10:00Z,Neart na Gaoithe,nng,440,330
2026-10-04T10:00Z,Pembroke,pembroke,0,0
2026-10-04T10:00Z,Pen y Cymoedd,penycymoedd,15,0
2026-10-04T10:00Z,Race Bank,racebank,40,0
2026-10-04T10:00Z,Rampion,rampion,0,0
2026-10-04T10:00Z,Seagreen,seagreen,955,955
2026-10-04T10:00Z,Sizewell B,sizewellb,1190,0
2026-10-04T10:00Z,Staythorpe,staythorpe,0,0
2026-10-04T10:00Z,Torness,torness,1290,0
2026-10-04T10:00Z,Triton Knoll,triton,20,0
2026-10-04T10:00Z,Viking Link,viking,440,0
2026-10-04T10:00Z,Walney 1 & 2,walney,155,0
2026-10-04T10:00Z,Walney Extension,walneyx,425,0
2026-10-04T10:00Z,West Burton B,westburton,0,0
2026-10-04T10:00Z,Whitelee,whitelee,270,0
2026-10-04T10:00Z,connahsquay,connahsquay,0,0
2026-10-04T11:00Z,Beatrice,beatrice,550,0
2026-10-04T11:00Z,Burbo Bank Extension,burbo,15,0
2026-10-04T11:00Z,Carrington,carrington,0,0
2026-10-04T11:00Z,Clyde,clyde,255,0
2026-10-04T11:00Z,Cruachan,cruachan,0,0
2026-10-04T11:00Z,Dinorwig,dinorwig,0,0
2026-10-04T11:00Z,Dogger Bank A,doggerA,550,0
2026-10-04T11:00Z,Dogger Bank B,doggerB,390,0
2026-10-04T11:00Z,Drax,drax,200,0
2026-10-04T11:00Z,East Anglia ONE,ea1,5,0
2026-10-04T11:00Z,Ffestiniog,ffestiniog,0,0
2026-10-04T11:00Z,Foyers,foyers,0,0
2026-10-04T11:00Z,Galloper,galloper,5,0
2026-10-04T11:00Z,Greater Gabbard,gabbard,0,0
2026-10-04T11:00Z,Gwynt y Môr,gym,60,0
2026-10-04T11:00Z,Hartlepool,hartlepool,580,0
2026-10-04T11:00Z,Heysham 1,heysham1,695,0
2026-10-04T11:00Z,Heysham 2,heysham2,545,0
2026-10-04T11:00Z,Hornsea One,hornsea1,345,0
2026-10-04T11:00Z,Hornsea Two,hornsea2,340,0
2026-10-04T11:00Z,Keadby 2,keadby2,0,0
2026-10-04T11:00Z,Moray East,morayeast,530,530
2026-10-04T11:00Z,Moray West,moraywest,815,815
2026-10-04T11:00Z,Neart na Gaoithe,nng,440,0
2026-10-04T11:00Z,Pembroke,pembroke,0,0
2026-10-04T11:00Z,Pen y Cymoedd,penycymoedd,15,0
2026-10-04T11:00Z,Race Bank,racebank,45,0
2026-10-04T11:00Z,Rampion,rampion,0,0
2026-10-04T11:00Z,Seagreen,seagreen,970,730
2026-10-04T11:00Z,Sizewell B,sizewellb,1190,0
2026-10-04T11:00Z,Staythorpe,staythorpe,0,0
2026-10-04T11:00Z,Torness,torness,1290,0
2026-10-04T11:00Z,Triton Knoll,triton,35,0
2026-10-04T11:00Z,Viking Link,viking,440,0
2026-10-04T11:00Z,Walney 1 & 2,walney,165,0
2026-10-04T11:00Z,Walney Extension,walneyx,430,0
2026-10-04T11:00Z,West Burton B,westburton,0,0
2026-10-04T11:00Z,Whitelee,whitelee,320,0
2026-10-04T11:00Z,connahsquay,connahsquay,0,0
2026-10-04T12:00Z,Beatrice,beatrice,545,0
2026-10-04T12:00Z,Burbo Bank Extension,burbo,20,0
2026-10-04T12:00Z,Carrington,carrington,0,0
2026-10-04T12:00Z,Clyde,clyde,250,0
2026-10-04T12:00Z,Cruachan,cruachan,0,0
2026-10-04T12:00Z,Dinorwig,dinorwig,0,0
2026-10-04T12:00Z,Dogger Bank A,doggerA,545,0
2026-10-04T12:00Z,Dogger Bank B,doggerB,395,0
2026-10-04T12:00Z,Drax,drax,200,0
2026-10-04T12:00Z,East Anglia ONE,ea1,5,0
2026-10-04T12:00Z,Ffestiniog,ffestiniog,0,0
2026-10-04T12:00Z,Foyers,foyers,0,0
2026-10-04T12:00Z,Galloper,galloper,5,0
2026-10-04T12:00Z,Greater Gabbard,gabbard,0,0
2026-10-04T12:00Z,Gwynt y Môr,gym,85,0
2026-10-04T12:00Z,Hartlepool,hartlepool,580,0
2026-10-04T12:00Z,Heysham 1,heysham1,695,0
2026-10-04T12:00Z,Heysham 2,heysham2,545,0
2026-10-04T12:00Z,Hornsea One,hornsea1,340,0
2026-10-04T12:00Z,Hornsea Two,hornsea2,345,0
2026-10-04T12:00Z,Keadby 2,keadby2,0,0
2026-10-04T12:00Z,Moray East,morayeast,535,535
2026-10-04T12:00Z,Moray West,moraywest,815,815
2026-10-04T12:00Z,Neart na Gaoithe,nng,410,0
2026-10-04T12:00Z,Pembroke,pembroke,0,0
2026-10-04T12:00Z,Pen y Cymoedd,penycymoedd,15,0
2026-10-04T12:00Z,Race Bank,racebank,60,0
2026-10-04T12:00Z,Rampion,rampion,0,0
2026-10-04T12:00Z,Seagreen,seagreen,980,765
2026-10-04T12:00Z,Sizewell B,sizewellb,1190,0
2026-10-04T12:00Z,Staythorpe,staythorpe,0,0
2026-10-04T12:00Z,Torness,torness,1290,0
2026-10-04T12:00Z,Triton Knoll,triton,50,0
2026-10-04T12:00Z,Viking Link,viking,435,0
2026-10-04T12:00Z,Walney 1 & 2,walney,190,0
2026-10-04T12:00Z,Walney Extension,walneyx,500,0
2026-10-04T12:00Z,West Burton B,westburton,0,0
2026-10-04T12:00Z,Whitelee,whitelee,310,0
2026-10-04T12:00Z,connahsquay,connahsquay,0,0
2026-10-04T13:00Z,Beatrice,beatrice,535,0
2026-10-04T13:00Z,Burbo Bank Extension,burbo,30,0
2026-10-04T13:00Z,Carrington,carrington,15,0
2026-10-04T13:00Z,Clyde,clyde,265,0
2026-10-04T13:00Z,Cruachan,cruachan,0,0
2026-10-04T13:00Z,Dinorwig,dinorwig,0,0
2026-10-04T13:00Z,Dogger Bank A,doggerA,550,0
2026-10-04T13:00Z,Dogger Bank B,doggerB,390,0
2026-10-04T13:00Z,Drax,drax,200,0
2026-10-04T13:00Z,East Anglia ONE,ea1,10,0
2026-10-04T13:00Z,Ffestiniog,ffestiniog,0,0
2026-10-04T13:00Z,Foyers,foyers,70,0
2026-10-04T13:00Z,Galloper,galloper,5,0
2026-10-04T13:00Z,Greater Gabbard,gabbard,0,0
2026-10-04T13:00Z,Gwynt y Môr,gym,135,0
2026-10-04T13:00Z,Hartlepool,hartlepool,580,0
2026-10-04T13:00Z,Heysham 1,heysham1,695,0
2026-10-04T13:00Z,Heysham 2,heysham2,545,0
2026-10-04T13:00Z,Hornsea One,hornsea1,370,0
2026-10-04T13:00Z,Hornsea Two,hornsea2,365,0
2026-10-04T13:00Z,Keadby 2,keadby2,0,0
2026-10-04T13:00Z,Moray East,morayeast,530,530
2026-10-04T13:00Z,Moray West,moraywest,815,815
2026-10-04T13:00Z,Neart na Gaoithe,nng,375,65
2026-10-04T13:00Z,Pembroke,pembroke,0,0
2026-10-04T13:00Z,Pen y Cymoedd,penycymoedd,10,0
2026-10-04T13:00Z,Race Bank,racebank,75,0
2026-10-04T13:00Z,Rampion,rampion,0,0
2026-10-04T13:00Z,Seagreen,seagreen,980,875
2026-10-04T13:00Z,Sizewell B,sizewellb,1190,0
2026-10-04T13:00Z,Staythorpe,staythorpe,0,0
2026-10-04T13:00Z,Torness,torness,1290,0
2026-10-04T13:00Z,Triton Knoll,triton,70,0
2026-10-04T13:00Z,Viking Link,viking,435,0
2026-10-04T13:00Z,Walney 1 & 2,walney,175,0
2026-10-04T13:00Z,Walney Extension,walneyx,510,0
2026-10-04T13:00Z,West Burton B,westburton,0,0
2026-10-04T13:00Z,Whitelee,whitelee,330,0
2026-10-04T13:00Z,connahsquay,connahsquay,165,0
2026-10-04T14:00Z,Beatrice,beatrice,495,0
2026-10-04T14:00Z,Burbo Bank Extension,burbo,40,0
2026-10-04T14:00Z,Carrington,carrington,165,0
2026-10-04T14:00Z,Clyde,clyde,260,0
2026-10-04T14:00Z,Cruachan,cruachan,0,0
2026-10-04T14:00Z,Dinorwig,dinorwig,0,0
2026-10-04T14:00Z,Dogger Bank A,doggerA,550,0
2026-10-04T14:00Z,Dogger Bank B,doggerB,390,0
2026-10-04T14:00Z,Drax,drax,500,0
2026-10-04T14:00Z,East Anglia ONE,ea1,10,0
2026-10-04T14:00Z,Ffestiniog,ffestiniog,0,0
2026-10-04T14:00Z,Foyers,foyers,150,0
2026-10-04T14:00Z,Galloper,galloper,5,0
2026-10-04T14:00Z,Greater Gabbard,gabbard,5,0
2026-10-04T14:00Z,Gwynt y Môr,gym,190,0
2026-10-04T14:00Z,Hartlepool,hartlepool,580,0
2026-10-04T14:00Z,Heysham 1,heysham1,695,0
2026-10-04T14:00Z,Heysham 2,heysham2,545,0
2026-10-04T14:00Z,Hornsea One,hornsea1,290,0
2026-10-04T14:00Z,Hornsea Two,hornsea2,295,0
2026-10-04T14:00Z,Keadby 2,keadby2,5,0
2026-10-04T14:00Z,Moray East,morayeast,520,520
2026-10-04T14:00Z,Moray West,moraywest,815,815
2026-10-04T14:00Z,Neart na Gaoithe,nng,410,70
2026-10-04T14:00Z,Pembroke,pembroke,65,0
2026-10-04T14:00Z,Pen y Cymoedd,penycymoedd,10,0
2026-10-04T14:00Z,Race Bank,racebank,80,0
2026-10-04T14:00Z,Rampion,rampion,0,0
2026-10-04T14:00Z,Seagreen,seagreen,995,980
2026-10-04T14:00Z,Sizewell B,sizewellb,1190,0
2026-10-04T14:00Z,Staythorpe,staythorpe,0,0
2026-10-04T14:00Z,Torness,torness,1290,0
2026-10-04T14:00Z,Triton Knoll,triton,80,0
2026-10-04T14:00Z,Viking Link,viking,430,0
2026-10-04T14:00Z,Walney 1 & 2,walney,215,0
2026-10-04T14:00Z,Walney Extension,walneyx,550,0
2026-10-04T14:00Z,West Burton B,westburton,0,0
2026-10-04T14:00Z,Whitelee,whitelee,325,0
2026-10-04T14:00Z,connahsquay,connahsquay,300,0
2026-10-04T15:00Z,Beatrice,beatrice,445,0
2026-10-04T15:00Z,Burbo Bank Extension,burbo,40,0
2026-10-04T15:00Z,Carrington,carrington,410,0
2026-10-04T15:00Z,Clyde,clyde,265,0
2026-10-04T15:00Z,Cruachan,cruachan,0,0
2026-10-04T15:00Z,Dinorwig,dinorwig,0,0
2026-10-04T15:00Z,Dogger Bank A,doggerA,520,0
2026-10-04T15:00Z,Dogger Bank B,doggerB,380,0
2026-10-04T15:00Z,Drax,drax,885,0
2026-10-04T15:00Z,East Anglia ONE,ea1,20,0
2026-10-04T15:00Z,Ffestiniog,ffestiniog,0,0
2026-10-04T15:00Z,Foyers,foyers,295,0
2026-10-04T15:00Z,Galloper,galloper,10,0
2026-10-04T15:00Z,Greater Gabbard,gabbard,5,0
2026-10-04T15:00Z,Gwynt y Môr,gym,190,0
2026-10-04T15:00Z,Hartlepool,hartlepool,580,0
2026-10-04T15:00Z,Heysham 1,heysham1,695,0
2026-10-04T15:00Z,Heysham 2,heysham2,545,0
2026-10-04T15:00Z,Hornsea One,hornsea1,265,0
2026-10-04T15:00Z,Hornsea Two,hornsea2,305,0
2026-10-04T15:00Z,Keadby 2,keadby2,310,0
2026-10-04T15:00Z,Moray East,morayeast,500,500
2026-10-04T15:00Z,Moray West,moraywest,815,815
2026-10-04T15:00Z,Neart na Gaoithe,nng,440,360
2026-10-04T15:00Z,Pembroke,pembroke,765,0
2026-10-04T15:00Z,Pen y Cymoedd,penycymoedd,20,0
2026-10-04T15:00Z,Race Bank,racebank,85,0
2026-10-04T15:00Z,Rampion,rampion,0,0
2026-10-04T15:00Z,Seagreen,seagreen,1010,1010
2026-10-04T15:00Z,Sizewell B,sizewellb,1190,0
2026-10-04T15:00Z,Staythorpe,staythorpe,155,0
2026-10-04T15:00Z,Torness,torness,1290,0
2026-10-04T15:00Z,Triton Knoll,triton,85,0
2026-10-04T15:00Z,Viking Link,viking,425,0
2026-10-04T15:00Z,Walney 1 & 2,walney,255,0
2026-10-04T15:00Z,Walney Extension,walneyx,545,0
2026-10-04T15:00Z,West Burton B,westburton,260,0
2026-10-04T15:00Z,Whitelee,whitelee,325,0
2026-10-04T15:00Z,connahsquay,connahsquay,700,0
2026-10-04T16:00Z,Beatrice,beatrice,445,105
2026-10-04T16:00Z,Burbo Bank Extension,burbo,30,0
2026-10-04T16:00Z,Carrington,carrington,430,0
2026-10-04T16:00Z,Clyde,clyde,275,0
2026-10-04T16:00Z,Cruachan,cruachan,240,0
2026-10-04T16:00Z,Dinorwig,dinorwig,30,0
2026-10-04T16:00Z,Dogger Bank A,doggerA,530,0
2026-10-04T16:00Z,Dogger Bank B,doggerB,380,0
2026-10-04T16:00Z,Drax,drax,2295,0
2026-10-04T16:00Z,East Anglia ONE,ea1,20,0
2026-10-04T16:00Z,Ffestiniog,ffestiniog,135,0
2026-10-04T16:00Z,Foyers,foyers,300,0
2026-10-04T16:00Z,Galloper,galloper,10,0
2026-10-04T16:00Z,Greater Gabbard,gabbard,5,0
2026-10-04T16:00Z,Gwynt y Môr,gym,190,0
2026-10-04T16:00Z,Hartlepool,hartlepool,580,0
2026-10-04T16:00Z,Heysham 1,heysham1,695,0
2026-10-04T16:00Z,Heysham 2,heysham2,545,0
2026-10-04T16:00Z,Hornsea One,hornsea1,300,0
2026-10-04T16:00Z,Hornsea Two,hornsea2,320,0
2026-10-04T16:00Z,Keadby 2,keadby2,790,0
2026-10-04T16:00Z,Moray East,morayeast,495,495
2026-10-04T16:00Z,Moray West,moraywest,815,815
2026-10-04T16:00Z,Neart na Gaoithe,nng,445,445
2026-10-04T16:00Z,Pembroke,pembroke,1780,0
2026-10-04T16:00Z,Pen y Cymoedd,penycymoedd,30,0
2026-10-04T16:00Z,Race Bank,racebank,110,0
2026-10-04T16:00Z,Rampion,rampion,5,0
2026-10-04T16:00Z,Seagreen,seagreen,1035,1035
2026-10-04T16:00Z,Sizewell B,sizewellb,1190,0
2026-10-04T16:00Z,Staythorpe,staythorpe,750,0
2026-10-04T16:00Z,Torness,torness,1290,0
2026-10-04T16:00Z,Triton Knoll,triton,95,0
2026-10-04T16:00Z,Viking Link,viking,415,0
2026-10-04T16:00Z,Walney 1 & 2,walney,275,0
2026-10-04T16:00Z,Walney Extension,walneyx,540,0
2026-10-04T16:00Z,West Burton B,westburton,1150,0
2026-10-04T16:00Z,Whitelee,whitelee,340,0
2026-10-04T16:00Z,connahsquay,connahsquay,975,0
2026-10-04T17:00Z,Beatrice,beatrice,435,150
2026-10-04T17:00Z,Burbo Bank Extension,burbo,35,0
2026-10-04T17:00Z,Carrington,carrington,430,0
2026-10-04T17:00Z,Clyde,clyde,285,0
2026-10-04T17:00Z,Cruachan,cruachan,240,0
2026-10-04T17:00Z,Dinorwig,dinorwig,600,0
2026-10-04T17:00Z,Dogger Bank A,doggerA,530,0
2026-10-04T17:00Z,Dogger Bank B,doggerB,390,0
2026-10-04T17:00Z,Drax,drax,2580,0
2026-10-04T17:00Z,East Anglia ONE,ea1,35,0
2026-10-04T17:00Z,Ffestiniog,ffestiniog,180,0
2026-10-04T17:00Z,Foyers,foyers,300,0
2026-10-04T17:00Z,Galloper,galloper,15,0
2026-10-04T17:00Z,Greater Gabbard,gabbard,10,0
2026-10-04T17:00Z,Gwynt y Môr,gym,200,0
2026-10-04T17:00Z,Hartlepool,hartlepool,580,0
2026-10-04T17:00Z,Heysham 1,heysham1,695,0
2026-10-04T17:00Z,Heysham 2,heysham2,545,0
2026-10-04T17:00Z,Hornsea One,hornsea1,350,0
2026-10-04T17:00Z,Hornsea Two,hornsea2,375,0
2026-10-04T17:00Z,Keadby 2,keadby2,795,0
2026-10-04T17:00Z,Moray East,morayeast,480,480
2026-10-04T17:00Z,Moray West,moraywest,730,730
2026-10-04T17:00Z,Neart na Gaoithe,nng,445,435
2026-10-04T17:00Z,Pembroke,pembroke,2120,0
2026-10-04T17:00Z,Pen y Cymoedd,penycymoedd,30,0
2026-10-04T17:00Z,Race Bank,racebank,105,0
2026-10-04T17:00Z,Rampion,rampion,5,0
2026-10-04T17:00Z,Seagreen,seagreen,1010,1010
2026-10-04T17:00Z,Sizewell B,sizewellb,1190,0
2026-10-04T17:00Z,Staythorpe,staythorpe,815,0
2026-10-04T17:00Z,Torness,torness,1290,0
2026-10-04T17:00Z,Triton Knoll,triton,115,0
2026-10-04T17:00Z,Viking Link,viking,415,0
2026-10-04T17:00Z,Walney 1 & 2,walney,250,0
2026-10-04T17:00Z,Walney Extension,walneyx,540,0
2026-10-04T17:00Z,West Burton B,westburton,1215,0
2026-10-04T17:00Z,Whitelee,whitelee,350,0
2026-10-04T17:00Z,connahsquay,connahsquay,975,0
2026-10-04T18:00Z,Beatrice,beatrice,460,370
2026-10-04T18:00Z,Burbo Bank Extension,burbo,45,0
2026-10-04T18:00Z,Carrington,carrington,430,0
2026-10-04T18:00Z,Clyde,clyde,290,80
2026-10-04T18:00Z,Cruachan,cruachan,240,0
2026-10-04T18:00Z,Dinorwig,dinorwig,500,0
2026-10-04T18:00Z,Dogger Bank A,doggerA,505,0
2026-10-04T18:00Z,Dogger Bank B,doggerB,395,0
2026-10-04T18:00Z,Drax,drax,2580,0
2026-10-04T18:00Z,East Anglia ONE,ea1,55,0
2026-10-04T18:00Z,Ffestiniog,ffestiniog,180,0
2026-10-04T18:00Z,Foyers,foyers,300,0
2026-10-04T18:00Z,Galloper,galloper,20,0
2026-10-04T18:00Z,Greater Gabbard,gabbard,15,0
2026-10-04T18:00Z,Gwynt y Môr,gym,220,0
2026-10-04T18:00Z,Hartlepool,hartlepool,580,0
2026-10-04T18:00Z,Heysham 1,heysham1,695,0
2026-10-04T18:00Z,Heysham 2,heysham2,545,0
2026-10-04T18:00Z,Hornsea One,hornsea1,350,0
2026-10-04T18:00Z,Hornsea Two,hornsea2,385,0
2026-10-04T18:00Z,Keadby 2,keadby2,795,0
2026-10-04T18:00Z,Moray East,morayeast,480,480
2026-10-04T18:00Z,Moray West,moraywest,775,775
2026-10-04T18:00Z,Neart na Gaoithe,nng,445,445
2026-10-04T18:00Z,Pembroke,pembroke,2135,0
2026-10-04T18:00Z,Pen y Cymoedd,penycymoedd,35,0
2026-10-04T18:00Z,Race Bank,racebank,130,0
2026-10-04T18:00Z,Rampion,rampion,5,0
2026-10-04T18:00Z,Seagreen,seagreen,1010,1010
2026-10-04T18:00Z,Sizewell B,sizewellb,1190,0
2026-10-04T18:00Z,Staythorpe,staythorpe,840,0
2026-10-04T18:00Z,Torness,torness,1290,0
2026-10-04T18:00Z,Triton Knoll,triton,140,0
2026-10-04T18:00Z,Viking Link,viking,395,0
2026-10-04T18:00Z,Walney 1 & 2,walney,265,0
2026-10-04T18:00Z,Walney Extension,walneyx,575,0
2026-10-04T18:00Z,West Burton B,westburton,1210,0
2026-10-04T18:00Z,Whitelee,whitelee,335,0
2026-10-04T18:00Z,connahsquay,connahsquay,980,0
2026-10-04T19:00Z,Beatrice,beatrice,495,435
2026-10-04T19:00Z,Burbo Bank Extension,burbo,70,0
2026-10-04T19:00Z,Carrington,carrington,430,0
2026-10-04T19:00Z,Clyde,clyde,305,235
2026-10-04T19:00Z,Cruachan,cruachan,240,0
2026-10-04T19:00Z,Dinorwig,dinorwig,300,0
2026-10-04T19:00Z,Dogger Bank A,doggerA,515,0
2026-10-04T19:00Z,Dogger Bank B,doggerB,390,0
2026-10-04T19:00Z,Drax,drax,2580,0
2026-10-04T19:00Z,East Anglia ONE,ea1,70,0
2026-10-04T19:00Z,Ffestiniog,ffestiniog,135,0
2026-10-04T19:00Z,Foyers,foyers,300,0
2026-10-04T19:00Z,Galloper,galloper,25,0
2026-10-04T19:00Z,Greater Gabbard,gabbard,20,0
2026-10-04T19:00Z,Gwynt y Môr,gym,215,0
2026-10-04T19:00Z,Hartlepool,hartlepool,580,0
2026-10-04T19:00Z,Heysham 1,heysham1,695,0
2026-10-04T19:00Z,Heysham 2,heysham2,545,0
2026-10-04T19:00Z,Hornsea One,hornsea1,330,0
2026-10-04T19:00Z,Hornsea Two,hornsea2,405,0
2026-10-04T19:00Z,Keadby 2,keadby2,785,0
2026-10-04T19:00Z,Moray East,morayeast,505,505
2026-10-04T19:00Z,Moray West,moraywest,815,815
2026-10-04T19:00Z,Neart na Gaoithe,nng,445,445
2026-10-04T19:00Z,Pembroke,pembroke,2110,0
2026-10-04T19:00Z,Pen y Cymoedd,penycymoedd,40,0
2026-10-04T19:00Z,Race Bank,racebank,110,0
2026-10-04T19:00Z,Rampion,rampion,5,0
2026-10-04T19:00Z,Seagreen,seagreen,1010,1010
2026-10-04T19:00Z,Sizewell B,sizewellb,1190,0
2026-10-04T19:00Z,Staythorpe,staythorpe,845,0
2026-10-04T19:00Z,Torness,torness,1290,0
2026-10-04T19:00Z,Triton Knoll,triton,145,0
2026-10-04T19:00Z,Viking Link,viking,370,0
2026-10-04T19:00Z,Walney 1 & 2,walney,300,0
2026-10-04T19:00Z,Walney Extension,walneyx,605,0
2026-10-04T19:00Z,West Burton B,westburton,1210,0
2026-10-04T19:00Z,Whitelee,whitelee,345,0
2026-10-04T19:00Z,connahsquay,connahsquay,910,0
2026-10-04T20:00Z,Beatrice,beatrice,535,475
2026-10-04T20:00Z,Burbo Bank Extension,burbo,80,0
2026-10-04T20:00Z,Carrington,carrington,420,0
2026-10-04T20:00Z,Clyde,clyde,315,280
2026-10-04T20:00Z,Cruachan,cruachan,240,0
2026-10-04T20:00Z,Dinorwig,dinorwig,0,0
2026-10-04T20:00Z,Dogger Bank A,doggerA,525,0
2026-10-04T20:00Z,Dogger Bank B,doggerB,395,0
2026-10-04T20:00Z,Drax,drax,2580,0
2026-10-04T20:00Z,East Anglia ONE,ea1,110,0
2026-10-04T20:00Z,Ffestiniog,ffestiniog,0,0
2026-10-04T20:00Z,Foyers,foyers,225,0
2026-10-04T20:00Z,Galloper,galloper,35,0
2026-10-04T20:00Z,Greater Gabbard,gabbard,35,0
2026-10-04T20:00Z,Gwynt y Môr,gym,220,0
2026-10-04T20:00Z,Hartlepool,hartlepool,580,0
2026-10-04T20:00Z,Heysham 1,heysham1,695,0
2026-10-04T20:00Z,Heysham 2,heysham2,545,0
2026-10-04T20:00Z,Hornsea One,hornsea1,345,0
2026-10-04T20:00Z,Hornsea Two,hornsea2,430,0
2026-10-04T20:00Z,Keadby 2,keadby2,760,0
2026-10-04T20:00Z,Moray East,morayeast,535,535
2026-10-04T20:00Z,Moray West,moraywest,815,815
2026-10-04T20:00Z,Neart na Gaoithe,nng,450,450
2026-10-04T20:00Z,Pembroke,pembroke,1950,0
2026-10-04T20:00Z,Pen y Cymoedd,penycymoedd,40,0
2026-10-04T20:00Z,Race Bank,racebank,115,0
2026-10-04T20:00Z,Rampion,rampion,10,0
2026-10-04T20:00Z,Seagreen,seagreen,1010,1010
2026-10-04T20:00Z,Sizewell B,sizewellb,1190,0
2026-10-04T20:00Z,Staythorpe,staythorpe,820,0
2026-10-04T20:00Z,Torness,torness,1290,0
2026-10-04T20:00Z,Triton Knoll,triton,145,0
2026-10-04T20:00Z,Viking Link,viking,365,0
2026-10-04T20:00Z,Walney 1 & 2,walney,320,0
2026-10-04T20:00Z,Walney Extension,walneyx,615,0
2026-10-04T20:00Z,West Burton B,westburton,945,0
2026-10-04T20:00Z,Whitelee,whitelee,355,120
2026-10-04T20:00Z,connahsquay,connahsquay,565,0
2026-10-04T21:00Z,Beatrice,beatrice,545,485
2026-10-04T21:00Z,Burbo Bank Extension,burbo,105,0
2026-10-04T21:00Z,Carrington,carrington,415,0
2026-10-04T21:00Z,Clyde,clyde,320,285
2026-10-04T21:00Z,Cruachan,cruachan,240,0
2026-10-04T21:00Z,Dinorwig,dinorwig,0,0
2026-10-04T21:00Z,Dogger Bank A,doggerA,525,0
2026-10-04T21:00Z,Dogger Bank B,doggerB,405,0
2026-10-04T21:00Z,Drax,drax,2580,0
2026-10-04T21:00Z,East Anglia ONE,ea1,135,0
2026-10-04T21:00Z,Ffestiniog,ffestiniog,0,0
2026-10-04T21:00Z,Foyers,foyers,150,0
2026-10-04T21:00Z,Galloper,galloper,45,0
2026-10-04T21:00Z,Greater Gabbard,gabbard,60,0
2026-10-04T21:00Z,Gwynt y Môr,gym,260,0
2026-10-04T21:00Z,Hartlepool,hartlepool,580,0
2026-10-04T21:00Z,Heysham 1,heysham1,695,0
2026-10-04T21:00Z,Heysham 2,heysham2,545,0
2026-10-04T21:00Z,Hornsea One,hornsea1,335,0
2026-10-04T21:00Z,Hornsea Two,hornsea2,395,0
2026-10-04T21:00Z,Keadby 2,keadby2,695,0
2026-10-04T21:00Z,Moray East,morayeast,545,545
2026-10-04T21:00Z,Moray West,moraywest,815,815
2026-10-04T21:00Z,Neart na Gaoithe,nng,445,445
2026-10-04T21:00Z,Pembroke,pembroke,740,0
2026-10-04T21:00Z,Pen y Cymoedd,penycymoedd,45,0
2026-10-04T21:00Z,Race Bank,racebank,125,0
2026-10-04T21:00Z,Rampion,rampion,10,0
2026-10-04T21:00Z,Seagreen,seagreen,1010,1010
2026-10-04T21:00Z,Sizewell B,sizewellb,1190,0
2026-10-04T21:00Z,Staythorpe,staythorpe,155,0
2026-10-04T21:00Z,Torness,torness,1290,0
2026-10-04T21:00Z,Triton Knoll,triton,170,0
2026-10-04T21:00Z,Viking Link,viking,375,0
2026-10-04T21:00Z,Walney 1 & 2,walney,325,0
2026-10-04T21:00Z,Walney Extension,walneyx,625,0
2026-10-04T21:00Z,West Burton B,westburton,0,0
2026-10-04T21:00Z,Whitelee,whitelee,360,140
2026-10-04T21:00Z,connahsquay,connahsquay,70,0
2026-10-04T22:00Z,Beatrice,beatrice,550,490
2026-10-04T22:00Z,Burbo Bank Extension,burbo,125,0
2026-10-04T22:00Z,Carrington,carrington,60,0
2026-10-04T22:00Z,Clyde,clyde,325,295
2026-10-04T22:00Z,Cruachan,cruachan,240,0
2026-10-04T22:00Z,Dinorwig,dinorwig,0,0
2026-10-04T22:00Z,Dogger Bank A,doggerA,520,0
2026-10-04T22:00Z,Dogger Bank B,doggerB,410,0
2026-10-04T22:00Z,Drax,drax,2580,0
2026-10-04T22:00Z,East Anglia ONE,ea1,200,0
2026-10-04T22:00Z,Ffestiniog,ffestiniog,0,0
2026-10-04T22:00Z,Foyers,foyers,150,0
2026-10-04T22:00Z,Galloper,galloper,45,0
2026-10-04T22:00Z,Greater Gabbard,gabbard,70,0
2026-10-04T22:00Z,Gwynt y Môr,gym,300,0
2026-10-04T22:00Z,Hartlepool,hartlepool,580,0
2026-10-04T22:00Z,Heysham 1,heysham1,695,0
2026-10-04T22:00Z,Heysham 2,heysham2,545,0
2026-10-04T22:00Z,Hornsea One,hornsea1,380,0
2026-10-04T22:00Z,Hornsea Two,hornsea2,465,0
2026-10-04T22:00Z,Keadby 2,keadby2,170,0
2026-10-04T22:00Z,Moray East,morayeast,540,540
2026-10-04T22:00Z,Moray West,moraywest,815,815
2026-10-04T22:00Z,Neart na Gaoithe,nng,450,450
2026-10-04T22:00Z,Pembroke,pembroke,0,0
2026-10-04T22:00Z,Pen y Cymoedd,penycymoedd,60,0
2026-10-04T22:00Z,Race Bank,racebank,165,0
2026-10-04T22:00Z,Rampion,rampion,10,0
2026-10-04T22:00Z,Seagreen,seagreen,1010,1010
2026-10-04T22:00Z,Sizewell B,sizewellb,1190,0
2026-10-04T22:00Z,Staythorpe,staythorpe,0,0
2026-10-04T22:00Z,Torness,torness,1290,0
2026-10-04T22:00Z,Triton Knoll,triton,195,0
2026-10-04T22:00Z,Viking Link,viking,410,0
2026-10-04T22:00Z,Walney 1 & 2,walney,325,0
2026-10-04T22:00Z,Walney Extension,walneyx,620,0
2026-10-04T22:00Z,West Burton B,westburton,0,0
2026-10-04T22:00Z,Whitelee,whitelee,340,240
2026-10-04T22:00Z,connahsquay,connahsquay,0,0
2026-10-04T23:00Z,Beatrice,beatrice,550,480
2026-10-04T23:00Z,Burbo Bank Extension,burbo,145,0
2026-10-04T23:00Z,Carrington,carrington,0,0
2026-10-04T23:00Z,Clyde,clyde,320,210
2026-10-04T23:00Z,Cruachan,cruachan,240,0
2026-10-04T23:00Z,Didcot B,didcot,0,0
2026-10-04T23:00Z,Dinorwig,dinorwig,0,0
2026-10-04T23:00Z,Dogger Bank A,doggerA,530,0
2026-10-04T23:00Z,Dogger Bank B,doggerB,415,0
2026-10-04T23:00Z,Drax,drax,2580,0
2026-10-04T23:00Z,East Anglia ONE,ea1,170,0
2026-10-04T23:00Z,Ffestiniog,ffestiniog,0,0
2026-10-04T23:00Z,Foyers,foyers,150,0
2026-10-04T23:00Z,Galloper,galloper,40,0
2026-10-04T23:00Z,Greater Gabbard,gabbard,60,0
2026-10-04T23:00Z,Gwynt y Môr,gym,265,0
2026-10-04T23:00Z,Hartlepool,hartlepool,580,0
2026-10-04T23:00Z,Heysham 1,heysham1,695,0
2026-10-04T23:00Z,Heysham 2,heysham2,545,0
2026-10-04T23:00Z,Hornsea One,hornsea1,405,0
2026-10-04T23:00Z,Hornsea Two,hornsea2,450,0
2026-10-04T23:00Z,Keadby 2,keadby2,0,0
2026-10-04T23:00Z,Moray East,morayeast,545,545
2026-10-04T23:00Z,Moray West,moraywest,815,815
2026-10-04T23:00Z,Neart na Gaoithe,nng,450,450
2026-10-04T23:00Z,Pembroke,pembroke,0,0
2026-10-04T23:00Z,Pen y Cymoedd,penycymoedd,60,0
2026-10-04T23:00Z,Peterhead,peterhead,0,0
2026-10-04T23:00Z,Race Bank,racebank,200,0
2026-10-04T23:00Z,Rampion,rampion,5,0
2026-10-04T23:00Z,Seagreen,seagreen,1015,1015
2026-10-04T23:00Z,Sizewell B,sizewellb,1190,0
2026-10-04T23:00Z,Staythorpe,staythorpe,0,0
2026-10-04T23:00Z,Torness,torness,1290,0
2026-10-04T23:00Z,Triton Knoll,triton,225,0
2026-10-04T23:00Z,Viking Link,viking,430,0
2026-10-04T23:00Z,Walney 1 & 2,walney,325,0
2026-10-04T23:00Z,Walney Extension,walneyx,620,0
2026-10-04T23:00Z,West Burton B,westburton,0,0
2026-10-04T23:00Z,Whitelee,whitelee,360,260
2026-10-04T23:00Z,connahsquay,connahsquay,0,0
2026-10-05T00:00Z,Beatrice,beatrice,550,450
2026-10-05T00:00Z,Burbo Bank Extension,burbo,135,0
2026-10-05T00:00Z,Carrington,carrington,0,0
2026-10-05T00:00Z,Clyde,clyde,325,120
2026-10-05T00:00Z,Cruachan,cruachan,240,0
2026-10-05T00:00Z,Didcot B,didcot,0,0
2026-10-05T00:00Z,Dinorwig,dinorwig,0,0
2026-10-05T00:00Z,Dogger Bank A,doggerA,545,0
2026-10-05T00:00Z,Dogger Bank B,doggerB,420,0
2026-10-05T00:00Z,Drax,drax,2580,0
2026-10-05T00:00Z,East Anglia ONE,ea1,150,0
2026-10-05T00:00Z,Ffestiniog,ffestiniog,0,0
2026-10-05T00:00Z,Foyers,foyers,295,0
2026-10-05T00:00Z,Galloper,galloper,30,0
2026-10-05T00:00Z,Greater Gabbard,gabbard,45,0
2026-10-05T00:00Z,Gwynt y Môr,gym,240,0
2026-10-05T00:00Z,Hartlepool,hartlepool,580,0
2026-10-05T00:00Z,Heysham 1,heysham1,695,0
2026-10-05T00:00Z,Heysham 2,heysham2,545,0
2026-10-05T00:00Z,Hornsea One,hornsea1,415,0
2026-10-05T00:00Z,Hornsea Two,hornsea2,470,0
2026-10-05T00:00Z,Keadby 2,keadby2,0,0
2026-10-05T00:00Z,Moray East,morayeast,555,555
2026-10-05T00:00Z,Moray West,moraywest,815,815
2026-10-05T00:00Z,Neart na Gaoithe,nng,445,445
2026-10-05T00:00Z,Pembroke,pembroke,0,0
2026-10-05T00:00Z,Pen y Cymoedd,penycymoedd,65,0
2026-10-05T00:00Z,Peterhead,peterhead,0,0
2026-10-05T00:00Z,Race Bank,racebank,215,0
2026-10-05T00:00Z,Rampion,rampion,5,0
2026-10-05T00:00Z,Seagreen,seagreen,1015,1015
2026-10-05T00:00Z,Sizewell B,sizewellb,1190,0
2026-10-05T00:00Z,Staythorpe,staythorpe,0,0
2026-10-05T00:00Z,Torness,torness,1290,0
2026-10-05T00:00Z,Triton Knoll,triton,270,0
2026-10-05T00:00Z,Viking Link,viking,440,0
2026-10-05T00:00Z,Walney 1 & 2,walney,320,0
2026-10-05T00:00Z,Walney Extension,walneyx,615,0
2026-10-05T00:00Z,West Burton B,westburton,0,0
2026-10-05T00:00Z,Whitelee,whitelee,385,150
2026-10-05T00:00Z,connahsquay,connahsquay,0,0
2026-10-05T01:00Z,Beatrice,beatrice,550,480
2026-10-05T01:00Z,Burbo Bank Extension,burbo,125,0
2026-10-05T01:00Z,Carrington,carrington,0,0
2026-10-05T01:00Z,Clyde,clyde,330,120
2026-10-05T01:00Z,Cruachan,cruachan,240,0
2026-10-05T01:00Z,Didcot B,didcot,0,0
2026-10-05T01:00Z,Dinorwig,dinorwig,0,0
2026-10-05T01:00Z,Dogger Bank A,doggerA,555,0
2026-10-05T01:00Z,Dogger Bank B,doggerB,390,0
2026-10-05T01:00Z,Drax,drax,2580,0
2026-10-05T01:00Z,East Anglia ONE,ea1,140,0
2026-10-05T01:00Z,Ffestiniog,ffestiniog,0,0
2026-10-05T01:00Z,Foyers,foyers,150,0
2026-10-05T01:00Z,Galloper,galloper,30,0
2026-10-05T01:00Z,Greater Gabbard,gabbard,35,0
2026-10-05T01:00Z,Gwynt y Môr,gym,290,0
2026-10-05T01:00Z,Hartlepool,hartlepool,580,0
2026-10-05T01:00Z,Heysham 1,heysham1,695,0
2026-10-05T01:00Z,Heysham 2,heysham2,545,0
2026-10-05T01:00Z,Hornsea One,hornsea1,490,0
2026-10-05T01:00Z,Hornsea Two,hornsea2,540,0
2026-10-05T01:00Z,Keadby 2,keadby2,0,0
2026-10-05T01:00Z,Moray East,morayeast,555,555
2026-10-05T01:00Z,Moray West,moraywest,815,815
2026-10-05T01:00Z,Neart na Gaoithe,nng,435,435
2026-10-05T01:00Z,Pembroke,pembroke,0,0
2026-10-05T01:00Z,Pen y Cymoedd,penycymoedd,60,0
2026-10-05T01:00Z,Peterhead,peterhead,0,0
2026-10-05T01:00Z,Race Bank,racebank,225,0
2026-10-05T01:00Z,Rampion,rampion,5,0
2026-10-05T01:00Z,Seagreen,seagreen,1015,1015
2026-10-05T01:00Z,Sizewell B,sizewellb,1190,0
2026-10-05T01:00Z,Staythorpe,staythorpe,0,0
2026-10-05T01:00Z,Torness,torness,1290,0
2026-10-05T01:00Z,Triton Knoll,triton,275,0
2026-10-05T01:00Z,Viking Link,viking,440,0
2026-10-05T01:00Z,Walney 1 & 2,walney,315,0
2026-10-05T01:00Z,Walney Extension,walneyx,605,0
2026-10-05T01:00Z,West Burton B,westburton,0,0
2026-10-05T01:00Z,Whitelee,whitelee,390,0
2026-10-05T01:00Z,connahsquay,connahsquay,0,0
2026-10-05T02:00Z,Beatrice,beatrice,550,490
2026-10-05T02:00Z,Burbo Bank Extension,burbo,110,0
2026-10-05T02:00Z,Carrington,carrington,0,0
2026-10-05T02:00Z,Clyde,clyde,335,40
2026-10-05T02:00Z,Cruachan,cruachan,240,0
2026-10-05T02:00Z,Didcot B,didcot,0,0
2026-10-05T02:00Z,Dinorwig,dinorwig,0,0
2026-10-05T02:00Z,Dogger Bank A,doggerA,555,0
2026-10-05T02:00Z,Dogger Bank B,doggerB,390,0
2026-10-05T02:00Z,Drax,drax,2580,0
2026-10-05T02:00Z,East Anglia ONE,ea1,130,0
2026-10-05T02:00Z,Ffestiniog,ffestiniog,0,0
2026-10-05T02:00Z,Foyers,foyers,75,0
2026-10-05T02:00Z,Galloper,galloper,35,0
2026-10-05T02:00Z,Greater Gabbard,gabbard,25,0
2026-10-05T02:00Z,Gwynt y Môr,gym,345,0
2026-10-05T02:00Z,Hartlepool,hartlepool,580,0
2026-10-05T02:00Z,Heysham 1,heysham1,695,0
2026-10-05T02:00Z,Heysham 2,heysham2,545,0
2026-10-05T02:00Z,Hornsea One,hornsea1,560,0
2026-10-05T02:00Z,Hornsea Two,hornsea2,590,0
2026-10-05T02:00Z,Keadby 2,keadby2,0,0
2026-10-05T02:00Z,Moray East,morayeast,545,545
2026-10-05T02:00Z,Moray West,moraywest,815,815
2026-10-05T02:00Z,Neart na Gaoithe,nng,445,445
2026-10-05T02:00Z,Pembroke,pembroke,0,0
2026-10-05T02:00Z,Pen y Cymoedd,penycymoedd,60,0
2026-10-05T02:00Z,Peterhead,peterhead,0,0
2026-10-05T02:00Z,Race Bank,racebank,270,0
2026-10-05T02:00Z,Rampion,rampion,5,0
2026-10-05T02:00Z,Seagreen,seagreen,1015,1015
2026-10-05T02:00Z,Sizewell B,sizewellb,1190,0
2026-10-05T02:00Z,Staythorpe,staythorpe,0,0
2026-10-05T02:00Z,Torness,torness,1290,0
2026-10-05T02:00Z,Triton Knoll,triton,270,0
2026-10-05T02:00Z,Viking Link,viking,440,0
2026-10-05T02:00Z,Walney 1 & 2,walney,310,0
2026-10-05T02:00Z,Walney Extension,walneyx,605,0
2026-10-05T02:00Z,West Burton B,westburton,0,0
2026-10-05T02:00Z,Whitelee,whitelee,405,0
2026-10-05T02:00Z,connahsquay,connahsquay,0,0
2026-10-05T03:00Z,Beatrice,beatrice,550,490
2026-10-05T03:00Z,Burbo Bank Extension,burbo,115,0
2026-10-05T03:00Z,Carrington,carrington,0,0
2026-10-05T03:00Z,Clyde,clyde,340,170
2026-10-05T03:00Z,Cruachan,cruachan,240,0
2026-10-05T03:00Z,Didcot B,didcot,0,0
2026-10-05T03:00Z,Dinorwig,dinorwig,0,0
2026-10-05T03:00Z,Dogger Bank A,doggerA,550,0
2026-10-05T03:00Z,Dogger Bank B,doggerB,390,0
2026-10-05T03:00Z,Drax,drax,2580,0
2026-10-05T03:00Z,East Anglia ONE,ea1,135,0
2026-10-05T03:00Z,Ffestiniog,ffestiniog,0,0
2026-10-05T03:00Z,Foyers,foyers,295,0
2026-10-05T03:00Z,Galloper,galloper,30,0
2026-10-05T03:00Z,Greater Gabbard,gabbard,25,0
2026-10-05T03:00Z,Gwynt y Môr,gym,375,0
2026-10-05T03:00Z,Hartlepool,hartlepool,580,0
2026-10-05T03:00Z,Heysham 1,heysham1,695,0
2026-10-05T03:00Z,Heysham 2,heysham2,545,0
2026-10-05T03:00Z,Hornsea One,hornsea1,525,0
2026-10-05T03:00Z,Hornsea Two,hornsea2,585,0
2026-10-05T03:00Z,Keadby 2,keadby2,0,0
2026-10-05T03:00Z,Moray East,morayeast,545,545
2026-10-05T03:00Z,Moray West,moraywest,815,815
2026-10-05T03:00Z,Neart na Gaoithe,nng,445,445
2026-10-05T03:00Z,Pembroke,pembroke,0,0
2026-10-05T03:00Z,Pen y Cymoedd,penycymoedd,60,0
2026-10-05T03:00Z,Peterhead,peterhead,0,0
2026-10-05T03:00Z,Race Bank,racebank,280,0
2026-10-05T03:00Z,Rampion,rampion,0,0
2026-10-05T03:00Z,Seagreen,seagreen,1015,1015
2026-10-05T03:00Z,Sizewell B,sizewellb,1190,0
2026-10-05T03:00Z,Staythorpe,staythorpe,0,0
2026-10-05T03:00Z,Torness,torness,1290,0
2026-10-05T03:00Z,Triton Knoll,triton,285,0
2026-10-05T03:00Z,Viking Link,viking,440,0
2026-10-05T03:00Z,Walney 1 & 2,walney,305,0
2026-10-05T03:00Z,Walney Extension,walneyx,605,0
2026-10-05T03:00Z,West Burton B,westburton,0,0
2026-10-05T03:00Z,Whitelee,whitelee,400,0
2026-10-05T03:00Z,connahsquay,connahsquay,0,0
2026-10-05T04:00Z,Beatrice,beatrice,550,490
2026-10-05T04:00Z,Burbo Bank Extension,burbo,125,0
2026-10-05T04:00Z,Carrington,carrington,0,0
2026-10-05T04:00Z,Clyde,clyde,340,35
2026-10-05T04:00Z,Cruachan,cruachan,240,0
2026-10-05T04:00Z,Didcot B,didcot,0,0
2026-10-05T04:00Z,Dinorwig,dinorwig,0,0
2026-10-05T04:00Z,Dogger Bank A,doggerA,560,0
2026-10-05T04:00Z,Dogger Bank B,doggerB,390,0
2026-10-05T04:00Z,Drax,drax,2580,0
2026-10-05T04:00Z,East Anglia ONE,ea1,105,0
2026-10-05T04:00Z,Ffestiniog,ffestiniog,0,0
2026-10-05T04:00Z,Foyers,foyers,225,0
2026-10-05T04:00Z,Galloper,galloper,25,0
2026-10-05T04:00Z,Greater Gabbard,gabbard,30,0
2026-10-05T04:00Z,Gwynt y Môr,gym,400,0
2026-10-05T04:00Z,Hartlepool,hartlepool,580,0
2026-10-05T04:00Z,Heysham 1,heysham1,695,0
2026-10-05T04:00Z,Heysham 2,heysham2,545,0
2026-10-05T04:00Z,Hornsea One,hornsea1,520,0
2026-10-05T04:00Z,Hornsea Two,hornsea2,635,0
2026-10-05T04:00Z,Keadby 2,keadby2,0,0
2026-10-05T04:00Z,Moray East,morayeast,555,555
2026-10-05T04:00Z,Moray West,moraywest,815,815
2026-10-05T04:00Z,Neart na Gaoithe,nng,445,445
2026-10-05T04:00Z,Pembroke,pembroke,0,0
2026-10-05T04:00Z,Pen y Cymoedd,penycymoedd,65,0
2026-10-05T04:00Z,Peterhead,peterhead,0,0
2026-10-05T04:00Z,Race Bank,racebank,275,0
2026-10-05T04:00Z,Rampion,rampion,0,0
2026-10-05T04:00Z,Seagreen,seagreen,1015,1015
2026-10-05T04:00Z,Sizewell B,sizewellb,1190,0
2026-10-05T04:00Z,Staythorpe,staythorpe,0,0
2026-10-05T04:00Z,Torness,torness,1290,0
2026-10-05T04:00Z,Triton Knoll,triton,295,0
2026-10-05T04:00Z,Viking Link,viking,440,0
2026-10-05T04:00Z,Walney 1 & 2,walney,315,0
2026-10-05T04:00Z,Walney Extension,walneyx,610,0
2026-10-05T04:00Z,West Burton B,westburton,0,0
2026-10-05T04:00Z,Whitelee,whitelee,405,0
2026-10-05T04:00Z,connahsquay,connahsquay,0,0
2026-10-05T05:00Z,Beatrice,beatrice,550,490
2026-10-05T05:00Z,Burbo Bank Extension,burbo,125,0
2026-10-05T05:00Z,Carrington,carrington,0,0
2026-10-05T05:00Z,Clyde,clyde,340,160
2026-10-05T05:00Z,Cruachan,cruachan,240,0
2026-10-05T05:00Z,Didcot B,didcot,0,0
2026-10-05T05:00Z,Dinorwig,dinorwig,0,0
2026-10-05T05:00Z,Dogger Bank A,doggerA,560,0
2026-10-05T05:00Z,Dogger Bank B,doggerB,390,0
2026-10-05T05:00Z,Drax,drax,2580,0
2026-10-05T05:00Z,East Anglia ONE,ea1,130,0
2026-10-05T05:00Z,Ffestiniog,ffestiniog,0,0
2026-10-05T05:00Z,Foyers,foyers,295,0
2026-10-05T05:00Z,Galloper,galloper,30,0
2026-10-05T05:00Z,Greater Gabbard,gabbard,45,0
2026-10-05T05:00Z,Gwynt y Môr,gym,400,0
2026-10-05T05:00Z,Hartlepool,hartlepool,580,0
2026-10-05T05:00Z,Heysham 1,heysham1,695,0
2026-10-05T05:00Z,Heysham 2,heysham2,545,0
2026-10-05T05:00Z,Hornsea One,hornsea1,575,0
2026-10-05T05:00Z,Hornsea Two,hornsea2,730,0
2026-10-05T05:00Z,Keadby 2,keadby2,0,0
2026-10-05T05:00Z,Moray East,morayeast,560,560
2026-10-05T05:00Z,Moray West,moraywest,815,815
2026-10-05T05:00Z,Neart na Gaoithe,nng,450,450
2026-10-05T05:00Z,Pembroke,pembroke,0,0
2026-10-05T05:00Z,Pen y Cymoedd,penycymoedd,60,0
2026-10-05T05:00Z,Peterhead,peterhead,0,0
2026-10-05T05:00Z,Race Bank,racebank,305,0
2026-10-05T05:00Z,Rampion,rampion,0,0
2026-10-05T05:00Z,Seagreen,seagreen,1035,1035
2026-10-05T05:00Z,Sizewell B,sizewellb,1190,0
2026-10-05T05:00Z,Staythorpe,staythorpe,0,0
2026-10-05T05:00Z,Torness,torness,1290,0
2026-10-05T05:00Z,Triton Knoll,triton,310,0
2026-10-05T05:00Z,Viking Link,viking,440,0
2026-10-05T05:00Z,Walney 1 & 2,walney,310,0
2026-10-05T05:00Z,Walney Extension,walneyx,605,0
2026-10-05T05:00Z,West Burton B,westburton,0,0
2026-10-05T05:00Z,Whitelee,whitelee,405,90
2026-10-05T05:00Z,connahsquay,connahsquay,0,0
2026-10-05T06:00Z,Beatrice,beatrice,550,490
2026-10-05T06:00Z,Burbo Bank Extension,burbo,115,0
2026-10-05T06:00Z,Carrington,carrington,0,0
2026-10-05T06:00Z,Clyde,clyde,340,40
2026-10-05T06:00Z,Cruachan,cruachan,240,0
2026-10-05T06:00Z,Didcot B,didcot,0,0
2026-10-05T06:00Z,Dinorwig,dinorwig,0,0
2026-10-05T06:00Z,Dogger Bank A,doggerA,565,0
2026-10-05T06:00Z,Dogger Bank B,doggerB,395,0
2026-10-05T06:00Z,Drax,drax,2580,0
2026-10-05T06:00Z,East Anglia ONE,ea1,185,0
2026-10-05T06:00Z,Ffestiniog,ffestiniog,0,0
2026-10-05T06:00Z,Foyers,foyers,300,0
2026-10-05T06:00Z,Galloper,galloper,40,0
2026-10-05T06:00Z,Greater Gabbard,gabbard,65,0
2026-10-05T06:00Z,Gwynt y Môr,gym,390,0
2026-10-05T06:00Z,Hartlepool,hartlepool,580,0
2026-10-05T06:00Z,Heysham 1,heysham1,695,0
2026-10-05T06:00Z,Heysham 2,heysham2,545,0
2026-10-05T06:00Z,Hornsea One,hornsea1,630,0
2026-10-05T06:00Z,Hornsea Two,hornsea2,790,0
2026-10-05T06:00Z,Keadby 2,keadby2,0,0
2026-10-05T06:00Z,Moray East,morayeast,555,555
2026-10-05T06:00Z,Moray West,moraywest,815,815
2026-10-05T06:00Z,Neart na Gaoithe,nng,450,450
2026-10-05T06:00Z,Pembroke,pembroke,0,0
2026-10-05T06:00Z,Pen y Cymoedd,penycymoedd,55,0
2026-10-05T06:00Z,Peterhead,peterhead,0,0
2026-10-05T06:00Z,Race Bank,racebank,355,0
2026-10-05T06:00Z,Rampion,rampion,0,0
2026-10-05T06:00Z,Seagreen,seagreen,1025,1025
2026-10-05T06:00Z,Sizewell B,sizewellb,1190,0
2026-10-05T06:00Z,Staythorpe,staythorpe,0,0
2026-10-05T06:00Z,Torness,torness,1290,0
2026-10-05T06:00Z,Triton Knoll,triton,340,0
2026-10-05T06:00Z,Viking Link,viking,440,0
2026-10-05T06:00Z,Walney 1 & 2,walney,300,0
2026-10-05T06:00Z,Walney Extension,walneyx,600,0
2026-10-05T06:00Z,West Burton B,westburton,0,0
2026-10-05T06:00Z,Whitelee,whitelee,410,90
2026-10-05T06:00Z,connahsquay,connahsquay,0,0
2026-10-05T07:00Z,Beatrice,beatrice,550,490
2026-10-05T07:00Z,Burbo Bank Extension,burbo,120,0
2026-10-05T07:00Z,Carrington,carrington,0,0
2026-10-05T07:00Z,Clyde,clyde,285,0
2026-10-05T07:00Z,Cruachan,cruachan,240,0
2026-10-05T07:00Z,Didcot B,didcot,0,0
2026-10-05T07:00Z,Dinorwig,dinorwig,0,0
2026-10-05T07:00Z,Dogger Bank A,doggerA,570,0
2026-10-05T07:00Z,Dogger Bank B,doggerB,420,0
2026-10-05T07:00Z,Drax,drax,2580,0
2026-10-05T07:00Z,East Anglia ONE,ea1,180,0
2026-10-05T07:00Z,Ffestiniog,ffestiniog,0,0
2026-10-05T07:00Z,Foyers,foyers,300,0
2026-10-05T07:00Z,Galloper,galloper,45,0
2026-10-05T07:00Z,Greater Gabbard,gabbard,80,0
2026-10-05T07:00Z,Gwynt y Môr,gym,420,0
2026-10-05T07:00Z,Hartlepool,hartlepool,580,0
2026-10-05T07:00Z,Heysham 1,heysham1,695,0
2026-10-05T07:00Z,Heysham 2,heysham2,545,0
2026-10-05T07:00Z,Hornsea One,hornsea1,735,0
2026-10-05T07:00Z,Hornsea Two,hornsea2,895,0
2026-10-05T07:00Z,Keadby 2,keadby2,0,0
2026-10-05T07:00Z,Moray East,morayeast,555,555
2026-10-05T07:00Z,Moray West,moraywest,815,815
2026-10-05T07:00Z,Neart na Gaoithe,nng,450,450
2026-10-05T07:00Z,Pembroke,pembroke,0,0
2026-10-05T07:00Z,Pen y Cymoedd,penycymoedd,50,0
2026-10-05T07:00Z,Peterhead,peterhead,0,0
2026-10-05T07:00Z,Race Bank,racebank,360,0
2026-10-05T07:00Z,Rampion,rampion,0,0
2026-10-05T07:00Z,Seagreen,seagreen,1025,1025
2026-10-05T07:00Z,Sizewell B,sizewellb,1190,0
2026-10-05T07:00Z,Staythorpe,staythorpe,0,0
2026-10-05T07:00Z,Torness,torness,1290,0
2026-10-05T07:00Z,Triton Knoll,triton,345,0
2026-10-05T07:00Z,Viking Link,viking,440,0
2026-10-05T07:00Z,Walney 1 & 2,walney,305,0
2026-10-05T07:00Z,Walney Extension,walneyx,605,0
2026-10-05T07:00Z,West Burton B,westburton,0,0
2026-10-05T07:00Z,Whitelee,whitelee,400,0
2026-10-05T07:00Z,connahsquay,connahsquay,0,0
2026-10-05T08:00Z,Beatrice,beatrice,550,490
2026-10-05T08:00Z,Burbo Bank Extension,burbo,110,0
2026-10-05T08:00Z,Carrington,carrington,0,0
2026-10-05T08:00Z,Clyde,clyde,295,0
2026-10-05T08:00Z,Cruachan,cruachan,240,0
2026-10-05T08:00Z,Didcot B,didcot,0,0
2026-10-05T08:00Z,Dinorwig,dinorwig,0,0
2026-10-05T08:00Z,Dogger Bank A,doggerA,570,0
2026-10-05T08:00Z,Dogger Bank B,doggerB,400,0
2026-10-05T08:00Z,Drax,drax,2150,0
2026-10-05T08:00Z,East Anglia ONE,ea1,195,0
2026-10-05T08:00Z,Ffestiniog,ffestiniog,0,0
2026-10-05T08:00Z,Foyers,foyers,150,0
2026-10-05T08:00Z,Galloper,galloper,45,0
2026-10-05T08:00Z,Greater Gabbard,gabbard,80,0
2026-10-05T08:00Z,Gwynt y Môr,gym,435,0
2026-10-05T08:00Z,Hartlepool,hartlepool,580,0
2026-10-05T08:00Z,Heysham 1,heysham1,695,0
2026-10-05T08:00Z,Heysham 2,heysham2,545,0
2026-10-05T08:00Z,Hornsea One,hornsea1,775,0
2026-10-05T08:00Z,Hornsea Two,hornsea2,925,0
2026-10-05T08:00Z,Keadby 2,keadby2,0,0
2026-10-05T08:00Z,Moray East,morayeast,550,550
2026-10-05T08:00Z,Moray West,moraywest,815,815
2026-10-05T08:00Z,Neart na Gaoithe,nng,450,450
2026-10-05T08:00Z,Pembroke,pembroke,0,0
2026-10-05T08:00Z,Pen y Cymoedd,penycymoedd,50,0
2026-10-05T08:00Z,Peterhead,peterhead,15,0
2026-10-05T08:00Z,Race Bank,racebank,320,0
2026-10-05T08:00Z,Rampion,rampion,0,0
2026-10-05T08:00Z,Seagreen,seagreen,1020,1020
2026-10-05T08:00Z,Sizewell B,sizewellb,1190,0
2026-10-05T08:00Z,Staythorpe,staythorpe,0,0
2026-10-05T08:00Z,Torness,torness,1290,0
2026-10-05T08:00Z,Triton Knoll,triton,340,0
2026-10-05T08:00Z,Viking Link,viking,440,0
2026-10-05T08:00Z,Walney 1 & 2,walney,300,0
2026-10-05T08:00Z,Walney Extension,walneyx,610,0
2026-10-05T08:00Z,West Burton B,westburton,0,0
2026-10-05T08:00Z,Whitelee,whitelee,350,0
2026-10-05T08:00Z,connahsquay,connahsquay,0,0
2026-10-05T09:00Z,Beatrice,beatrice,550,425
2026-10-05T09:00Z,Burbo Bank Extension,burbo,155,0
2026-10-05T09:00Z,Carrington,carrington,0,0
2026-10-05T09:00Z,Clyde,clyde,340,0
2026-10-05T09:00Z,Cruachan,cruachan,240,0
2026-10-05T09:00Z,Didcot B,didcot,0,0
2026-10-05T09:00Z,Dinorwig,dinorwig,0,0
2026-10-05T09:00Z,Dogger Bank A,doggerA,560,0
2026-10-05T09:00Z,Dogger Bank B,doggerB,405,0
2026-10-05T09:00Z,Drax,drax,695,0
2026-10-05T09:00Z,East Anglia ONE,ea1,205,0
2026-10-05T09:00Z,Ffestiniog,ffestiniog,0,0
2026-10-05T09:00Z,Foyers,foyers,0,0
2026-10-05T09:00Z,Galloper,galloper,45,0
2026-10-05T09:00Z,Greater Gabbard,gabbard,75,0
2026-10-05T09:00Z,Gwynt y Môr,gym,445,0
2026-10-05T09:00Z,Hartlepool,hartlepool,580,0
2026-10-05T09:00Z,Heysham 1,heysham1,695,0
2026-10-05T09:00Z,Heysham 2,heysham2,545,0
2026-10-05T09:00Z,Hornsea One,hornsea1,800,0
2026-10-05T09:00Z,Hornsea Two,hornsea2,985,0
2026-10-05T09:00Z,Keadby 2,keadby2,0,0
2026-10-05T09:00Z,Moray East,morayeast,540,540
2026-10-05T09:00Z,Moray West,moraywest,815,815
2026-10-05T09:00Z,Neart na Gaoithe,nng,450,450
2026-10-05T09:00Z,Pembroke,pembroke,0,0
2026-10-05T09:00Z,Pen y Cymoedd,penycymoedd,45,0
2026-10-05T09:00Z,Peterhead,peterhead,50,0
2026-10-05T09:00Z,Race Bank,racebank,375,0
2026-10-05T09:00Z,Rampion,rampion,0,0
2026-10-05T09:00Z,Seagreen,seagreen,1010,1010
2026-10-05T09:00Z,Sizewell B,sizewellb,1190,0
2026-10-05T09:00Z,Staythorpe,staythorpe,0,0
2026-10-05T09:00Z,Torness,torness,1290,0
2026-10-05T09:00Z,Triton Knoll,triton,360,0
2026-10-05T09:00Z,Viking Link,viking,440,0
2026-10-05T09:00Z,Walney 1 & 2,walney,305,0
2026-10-05T09:00Z,Walney Extension,walneyx,605,0
2026-10-05T09:00Z,West Burton B,westburton,0,0
2026-10-05T09:00Z,Whitelee,whitelee,355,0
2026-10-05T09:00Z,connahsquay,connahsquay,0,0
2026-10-05T10:00Z,Beatrice,beatrice,550,310
2026-10-05T10:00Z,Burbo Bank Extension,burbo,155,0
2026-10-05T10:00Z,Carrington,carrington,0,0
2026-10-05T10:00Z,Clyde,clyde,320,0
2026-10-05T10:00Z,Cruachan,cruachan,240,0
2026-10-05T10:00Z,Didcot B,didcot,0,0
2026-10-05T10:00Z,Dinorwig,dinorwig,0,0
2026-10-05T10:00Z,Dogger Bank A,doggerA,565,0
2026-10-05T10:00Z,Dogger Bank B,doggerB,405,0
2026-10-05T10:00Z,Drax,drax,365,0
2026-10-05T10:00Z,East Anglia ONE,ea1,185,0
2026-10-05T10:00Z,Ffestiniog,ffestiniog,0,0
2026-10-05T10:00Z,Foyers,foyers,0,0
2026-10-05T10:00Z,Galloper,galloper,50,0
2026-10-05T10:00Z,Greater Gabbard,gabbard,75,0
2026-10-05T10:00Z,Gwynt y Môr,gym,440,0
2026-10-05T10:00Z,Hartlepool,hartlepool,580,0
2026-10-05T10:00Z,Heysham 1,heysham1,695,0
2026-10-05T10:00Z,Heysham 2,heysham2,545,0
2026-10-05T10:00Z,Hornsea One,hornsea1,895,0
2026-10-05T10:00Z,Hornsea Two,hornsea2,1030,70
2026-10-05T10:00Z,Keadby 2,keadby2,0,0
2026-10-05T10:00Z,Moray East,morayeast,530,530
2026-10-05T10:00Z,Moray West,moraywest,815,815
2026-10-05T10:00Z,Neart na Gaoithe,nng,450,450
2026-10-05T10:00Z,Pembroke,pembroke,0,0
2026-10-05T10:00Z,Pen y Cymoedd,penycymoedd,45,0
2026-10-05T10:00Z,Peterhead,peterhead,90,0
2026-10-05T10:00Z,Race Bank,racebank,400,0
2026-10-05T10:00Z,Rampion,rampion,5,0
2026-10-05T10:00Z,Seagreen,seagreen,1005,950
2026-10-05T10:00Z,Sizewell B,sizewellb,1190,0
2026-10-05T10:00Z,Staythorpe,staythorpe,0,0
2026-10-05T10:00Z,Torness,torness,1290,0
2026-10-05T10:00Z,Triton Knoll,triton,355,0
2026-10-05T10:00Z,Viking Link,viking,440,0
2026-10-05T10:00Z,Walney 1 & 2,walney,300,0
2026-10-05T10:00Z,Walney Extension,walneyx,600,0
2026-10-05T10:00Z,West Burton B,westburton,0,0
2026-10-05T10:00Z,Whitelee,whitelee,325,0
2026-10-05T10:00Z,connahsquay,connahsquay,0,0
2026-10-05T11:00Z,Beatrice,beatrice,550,125
2026-10-05T11:00Z,Burbo Bank Extension,burbo,145,0
2026-10-05T11:00Z,Carrington,carrington,0,0
2026-10-05T11:00Z,Clyde,clyde,305,0
2026-10-05T11:00Z,Cruachan,cruachan,240,0
2026-10-05T11:00Z,Didcot B,didcot,0,0
2026-10-05T11:00Z,Dinorwig,dinorwig,0,0
2026-10-05T11:00Z,Dogger Bank A,doggerA,580,0
2026-10-05T11:00Z,Dogger Bank B,doggerB,405,0
2026-10-05T11:00Z,Drax,drax,200,0
2026-10-05T11:00Z,East Anglia ONE,ea1,140,0
2026-10-05T11:00Z,Ffestiniog,ffestiniog,0,0
2026-10-05T11:00Z,Foyers,foyers,0,0
2026-10-05T11:00Z,Galloper,galloper,50,0
2026-10-05T11:00Z,Greater Gabbard,gabbard,80,0
2026-10-05T11:00Z,Gwynt y Môr,gym,420,0
2026-10-05T11:00Z,Hartlepool,hartlepool,580,0
2026-10-05T11:00Z,Heysham 1,heysham1,695,0
2026-10-05T11:00Z,Heysham 2,heysham2,545,0
2026-10-05T11:00Z,Hornsea One,hornsea1,915,0
2026-10-05T11:00Z,Hornsea Two,hornsea2,1000,510
2026-10-05T11:00Z,Keadby 2,keadby2,0,0
2026-10-05T11:00Z,Moray East,morayeast,540,540
2026-10-05T11:00Z,Moray West,moraywest,815,815
2026-10-05T11:00Z,Neart na Gaoithe,nng,450,450
2026-10-05T11:00Z,Pembroke,pembroke,0,0
2026-10-05T11:00Z,Pen y Cymoedd,penycymoedd,45,0
2026-10-05T11:00Z,Peterhead,peterhead,125,0
2026-10-05T11:00Z,Race Bank,racebank,365,0
2026-10-05T11:00Z,Rampion,rampion,10,0
2026-10-05T11:00Z,Seagreen,seagreen,995,965
2026-10-05T11:00Z,Sizewell B,sizewellb,1190,0
2026-10-05T11:00Z,Staythorpe,staythorpe,0,0
2026-10-05T11:00Z,Torness,torness,1290,0
2026-10-05T11:00Z,Triton Knoll,triton,345,0
2026-10-05T11:00Z,Viking Link,viking,310,0
2026-10-05T11:00Z,Walney 1 & 2,walney,300,0
2026-10-05T11:00Z,Walney Extension,walneyx,600,0
2026-10-05T11:00Z,West Burton B,westburton,0,0
2026-10-05T11:00Z,Whitelee,whitelee,305,0
2026-10-05T11:00Z,connahsquay,connahsquay,0,0
2026-10-05T12:00Z,Beatrice,beatrice,545,0
2026-10-05T12:00Z,Burbo Bank Extension,burbo,170,0
2026-10-05T12:00Z,Carrington,carrington,0,0
2026-10-05T12:00Z,Clyde,clyde,315,0
2026-10-05T12:00Z,Cruachan,cruachan,0,0
2026-10-05T12:00Z,Didcot B,didcot,0,0
2026-10-05T12:00Z,Dinorwig,dinorwig,0,0
2026-10-05T12:00Z,Dogger Bank A,doggerA,575,0
2026-10-05T12:00Z,Dogger Bank B,doggerB,405,0
2026-10-05T12:00Z,Drax,drax,200,0
2026-10-05T12:00Z,East Anglia ONE,ea1,135,0
2026-10-05T12:00Z,Ffestiniog,ffestiniog,0,0
2026-10-05T12:00Z,Foyers,foyers,0,0
2026-10-05T12:00Z,Galloper,galloper,55,0
2026-10-05T12:00Z,Greater Gabbard,gabbard,90,0
2026-10-05T12:00Z,Gwynt y Môr,gym,405,0
2026-10-05T12:00Z,Hartlepool,hartlepool,580,0
2026-10-05T12:00Z,Heysham 1,heysham1,695,0
2026-10-05T12:00Z,Heysham 2,heysham2,545,0
2026-10-05T12:00Z,Hornsea One,hornsea1,840,0
2026-10-05T12:00Z,Hornsea Two,hornsea2,975,960
2026-10-05T12:00Z,Keadby 2,keadby2,0,0
2026-10-05T12:00Z,Moray East,morayeast,555,555
2026-10-05T12:00Z,Moray West,moraywest,815,815
2026-10-05T12:00Z,Neart na Gaoithe,nng,450,450
2026-10-05T12:00Z,Pembroke,pembroke,0,0
2026-10-05T12:00Z,Pen y Cymoedd,penycymoedd,55,0
2026-10-05T12:00Z,Peterhead,peterhead,160,0
2026-10-05T12:00Z,Race Bank,racebank,395,0
2026-10-05T12:00Z,Rampion,rampion,20,0
2026-10-05T12:00Z,Seagreen,seagreen,985,970
2026-10-05T12:00Z,Sizewell B,sizewellb,1190,0
2026-10-05T12:00Z,Staythorpe,staythorpe,0,0
2026-10-05T12:00Z,Torness,torness,1290,0
2026-10-05T12:00Z,Triton Knoll,triton,335,0
2026-10-05T12:00Z,Viking Link,viking,205,0
2026-10-05T12:00Z,Walney 1 & 2,walney,295,0
2026-10-05T12:00Z,Walney Extension,walneyx,585,0
2026-10-05T12:00Z,West Burton B,westburton,0,0
2026-10-05T12:00Z,Whitelee,whitelee,250,0
2026-10-05T12:00Z,connahsquay,connahsquay,0,0
2026-10-05T13:00Z,Beatrice,beatrice,545,95
2026-10-05T13:00Z,Burbo Bank Extension,burbo,180,0
2026-10-05T13:00Z,Carrington,carrington,15,0
2026-10-05T13:00Z,Clyde,clyde,295,0
2026-10-05T13:00Z,Cruachan,cruachan,0,0
2026-10-05T13:00Z,Didcot B,didcot,0,0
2026-10-05T13:00Z,Dinorwig,dinorwig,0,0
2026-10-05T13:00Z,Dogger Bank A,doggerA,570,0
2026-10-05T13:00Z,Dogger Bank B,doggerB,405,0
2026-10-05T13:00Z,Drax,drax,390,0
2026-10-05T13:00Z,East Anglia ONE,ea1,165,0
2026-10-05T13:00Z,Ffestiniog,ffestiniog,0,0
2026-10-05T13:00Z,Foyers,foyers,0,0
2026-10-05T13:00Z,Galloper,galloper,60,0
2026-10-05T13:00Z,Greater Gabbard,gabbard,105,0
2026-10-05T13:00Z,Gwynt y Môr,gym,380,0
2026-10-05T13:00Z,Hartlepool,hartlepool,580,0
2026-10-05T13:00Z,Heysham 1,heysham1,695,0
2026-10-05T13:00Z,Heysham 2,heysham2,545,0
2026-10-05T13:00Z,Hornsea One,hornsea1,850,0
2026-10-05T13:00Z,Hornsea Two,hornsea2,940,225
2026-10-05T13:00Z,Keadby 2,keadby2,0,0
2026-10-05T13:00Z,Moray East,morayeast,555,555
2026-10-05T13:00Z,Moray West,moraywest,815,815
2026-10-05T13:00Z,Neart na Gaoithe,nng,445,445
2026-10-05T13:00Z,Pembroke,pembroke,55,0
2026-10-05T13:00Z,Pen y Cymoedd,penycymoedd,55,0
2026-10-05T13:00Z,Peterhead,peterhead,260,0
2026-10-05T13:00Z,Race Bank,racebank,385,0
2026-10-05T13:00Z,Rampion,rampion,30,0
2026-10-05T13:00Z,Seagreen,seagreen,960,945
2026-10-05T13:00Z,Sizewell B,sizewellb,1190,0
2026-10-05T13:00Z,Staythorpe,staythorpe,10,0
2026-10-05T13:00Z,Torness,torness,1290,0
2026-10-05T13:00Z,Triton Knoll,triton,300,0
2026-10-05T13:00Z,Viking Link,viking,415,0
2026-10-05T13:00Z,Walney 1 & 2,walney,275,0
2026-10-05T13:00Z,Walney Extension,walneyx,555,0
2026-10-05T13:00Z,West Burton B,westburton,0,0
2026-10-05T13:00Z,Whitelee,whitelee,210,0
2026-10-05T13:00Z,connahsquay,connahsquay,0,0
2026-10-05T14:00Z,Beatrice,beatrice,545,155
2026-10-05T14:00Z,Burbo Bank Extension,burbo,165,0
2026-10-05T14:00Z,Carrington,carrington,165,0
2026-10-05T14:00Z,Clyde,clyde,285,0
2026-10-05T14:00Z,Cruachan,cruachan,120,0
2026-10-05T14:00Z,Didcot B,didcot,105,0
2026-10-05T14:00Z,Dinorwig,dinorwig,0,0
2026-10-05T14:00Z,Dogger Bank A,doggerA,560,0
2026-10-05T14:00Z,Dogger Bank B,doggerB,405,0
2026-10-05T14:00Z,Drax,drax,645,0
2026-10-05T14:00Z,East Anglia ONE,ea1,180,0
2026-10-05T14:00Z,Ffestiniog,ffestiniog,0,0
2026-10-05T14:00Z,Foyers,foyers,0,0
2026-10-05T14:00Z,Galloper,galloper,65,0
2026-10-05T14:00Z,Greater Gabbard,gabbard,110,0
2026-10-05T14:00Z,Gwynt y Môr,gym,325,0
2026-10-05T14:00Z,Hartlepool,hartlepool,580,0
2026-10-05T14:00Z,Heysham 1,heysham1,695,0
2026-10-05T14:00Z,Heysham 2,heysham2,545,0
2026-10-05T14:00Z,Hornsea One,hornsea1,745,0
2026-10-05T14:00Z,Hornsea Two,hornsea2,780,0
2026-10-05T14:00Z,Keadby 2,keadby2,5,0
2026-10-05T14:00Z,Moray East,morayeast,550,550
2026-10-05T14:00Z,Moray West,moraywest,815,815
2026-10-05T14:00Z,Neart na Gaoithe,nng,440,440
2026-10-05T14:00Z,Pembroke,pembroke,475,0
2026-10-05T14:00Z,Pen y Cymoedd,penycymoedd,60,0
2026-10-05T14:00Z,Peterhead,peterhead,495,0
2026-10-05T14:00Z,Race Bank,racebank,370,0
2026-10-05T14:00Z,Rampion,rampion,45,0
2026-10-05T14:00Z,Seagreen,seagreen,925,910
2026-10-05T14:00Z,Sizewell B,sizewellb,1190,0
2026-10-05T14:00Z,Staythorpe,staythorpe,200,0
2026-10-05T14:00Z,Torness,torness,1290,0
2026-10-05T14:00Z,Triton Knoll,triton,260,0
2026-10-05T14:00Z,Viking Link,viking,440,0
2026-10-05T14:00Z,Walney 1 & 2,walney,245,0
2026-10-05T14:00Z,Walney Extension,walneyx,495,0
2026-10-05T14:00Z,West Burton B,westburton,45,0
2026-10-05T14:00Z,Whitelee,whitelee,190,0
2026-10-05T14:00Z,connahsquay,connahsquay,0,0
2026-10-05T15:00Z,Beatrice,beatrice,535,385
2026-10-05T15:00Z,Burbo Bank Extension,burbo,145,0
2026-10-05T15:00Z,Carrington,carrington,410,0
2026-10-05T15:00Z,Clyde,clyde,255,0
2026-10-05T15:00Z,Cruachan,cruachan,240,0
2026-10-05T15:00Z,Didcot B,didcot,615,0
2026-10-05T15:00Z,Dinorwig,dinorwig,0,0
2026-10-05T15:00Z,Dogger Bank A,doggerA,555,0
2026-10-05T15:00Z,Dogger Bank B,doggerB,405,0
2026-10-05T15:00Z,Drax,drax,1620,0
2026-10-05T15:00Z,East Anglia ONE,ea1,220,0
2026-10-05T15:00Z,Ffestiniog,ffestiniog,0,0
2026-10-05T15:00Z,Foyers,foyers,220,0
2026-10-05T15:00Z,Galloper,galloper,65,0
2026-10-05T15:00Z,Greater Gabbard,gabbard,105,0
2026-10-05T15:00Z,Gwynt y Môr,gym,290,0
2026-10-05T15:00Z,Hartlepool,hartlepool,580,0
2026-10-05T15:00Z,Heysham 1,heysham1,695,0
2026-10-05T15:00Z,Heysham 2,heysham2,545,0
2026-10-05T15:00Z,Hornsea One,hornsea1,655,0
2026-10-05T15:00Z,Hornsea Two,hornsea2,760,0
2026-10-05T15:00Z,Keadby 2,keadby2,310,0
2026-10-05T15:00Z,Moray East,morayeast,535,535
2026-10-05T15:00Z,Moray West,moraywest,815,565
2026-10-05T15:00Z,Neart na Gaoithe,nng,440,440
2026-10-05T15:00Z,Pembroke,pembroke,1720,0
2026-10-05T15:00Z,Pen y Cymoedd,penycymoedd,65,0
2026-10-05T15:00Z,Peterhead,peterhead,805,0
2026-10-05T15:00Z,Race Bank,racebank,255,0
2026-10-05T15:00Z,Rampion,rampion,45,0
2026-10-05T15:00Z,Seagreen,seagreen,895,880
2026-10-05T15:00Z,Sizewell B,sizewellb,1190,0
2026-10-05T15:00Z,Staythorpe,staythorpe,670,0
2026-10-05T15:00Z,Torness,torness,1290,0
2026-10-05T15:00Z,Triton Knoll,triton,260,0
2026-10-05T15:00Z,Viking Link,viking,440,0
2026-10-05T15:00Z,Walney 1 & 2,walney,190,0
2026-10-05T15:00Z,Walney Extension,walneyx,435,0
2026-10-05T15:00Z,West Burton B,westburton,470,0
2026-10-05T15:00Z,Whitelee,whitelee,150,0
2026-10-05T15:00Z,connahsquay,connahsquay,215,0
2026-10-05T16:00Z,Beatrice,beatrice,510,365
2026-10-05T16:00Z,Burbo Bank Extension,burbo,130,0
2026-10-05T16:00Z,Carrington,carrington,425,0
2026-10-05T16:00Z,Clyde,clyde,210,0
2026-10-05T16:00Z,Cruachan,cruachan,240,0
2026-10-05T16:00Z,Didcot B,didcot,1315,0
2026-10-05T16:00Z,Dinorwig,dinorwig,320,0
2026-10-05T16:00Z,Dogger Bank A,doggerA,530,0
2026-10-05T16:00Z,Dogger Bank B,doggerB,390,0
2026-10-05T16:00Z,Drax,drax,2570,0
2026-10-05T16:00Z,East Anglia ONE,ea1,195,0
2026-10-05T16:00Z,Ffestiniog,ffestiniog,45,0
2026-10-05T16:00Z,Foyers,foyers,300,0
2026-10-05T16:00Z,Galloper,galloper,65,0
2026-10-05T16:00Z,Greater Gabbard,gabbard,100,0
2026-10-05T16:00Z,Gwynt y Môr,gym,260,0
2026-10-05T16:00Z,Hartlepool,hartlepool,580,0
2026-10-05T16:00Z,Heysham 1,heysham1,695,0
2026-10-05T16:00Z,Heysham 2,heysham2,545,0
2026-10-05T16:00Z,Hornsea One,hornsea1,560,0
2026-10-05T16:00Z,Hornsea Two,hornsea2,650,0
2026-10-05T16:00Z,Keadby 2,keadby2,770,0
2026-10-05T16:00Z,Moray East,morayeast,525,525
2026-10-05T16:00Z,Moray West,moraywest,815,410
2026-10-05T16:00Z,Neart na Gaoithe,nng,440,440
2026-10-05T16:00Z,Pembroke,pembroke,2085,0
2026-10-05T16:00Z,Pen y Cymoedd,penycymoedd,60,0
2026-10-05T16:00Z,Peterhead,peterhead,1135,0
2026-10-05T16:00Z,Race Bank,racebank,210,0
2026-10-05T16:00Z,Rampion,rampion,40,0
2026-10-05T16:00Z,Seagreen,seagreen,820,805
2026-10-05T16:00Z,Sizewell B,sizewellb,1190,0
2026-10-05T16:00Z,Staythorpe,staythorpe,795,0
2026-10-05T16:00Z,Torness,torness,1290,0
2026-10-05T16:00Z,Triton Knoll,triton,240,0
2026-10-05T16:00Z,Viking Link,viking,440,0
2026-10-05T16:00Z,Walney 1 & 2,walney,175,0
2026-10-05T16:00Z,Walney Extension,walneyx,390,0
2026-10-05T16:00Z,West Burton B,westburton,1135,0
2026-10-05T16:00Z,Whitelee,whitelee,100,0
2026-10-05T16:00Z,connahsquay,connahsquay,325,0
2026-10-05T17:00Z,Beatrice,beatrice,485,275
2026-10-05T17:00Z,Burbo Bank Extension,burbo,105,0
2026-10-05T17:00Z,Carrington,carrington,425,0
2026-10-05T17:00Z,Clyde,clyde,165,0
2026-10-05T17:00Z,Cruachan,cruachan,240,0
2026-10-05T17:00Z,Didcot B,didcot,1350,0
2026-10-05T17:00Z,Dinorwig,dinorwig,600,0
2026-10-05T17:00Z,Dogger Bank A,doggerA,500,0
2026-10-05T17:00Z,Dogger Bank B,doggerB,350,0
2026-10-05T17:00Z,Drax,drax,2580,0
2026-10-05T17:00Z,East Anglia ONE,ea1,195,0
2026-10-05T17:00Z,Ffestiniog,ffestiniog,180,0
2026-10-05T17:00Z,Foyers,foyers,150,0
2026-10-05T17:00Z,Galloper,galloper,60,0
2026-10-05T17:00Z,Greater Gabbard,gabbard,95,0
2026-10-05T17:00Z,Gwynt y Môr,gym,215,0
2026-10-05T17:00Z,Hartlepool,hartlepool,580,0
2026-10-05T17:00Z,Heysham 1,heysham1,695,0
2026-10-05T17:00Z,Heysham 2,heysham2,545,0
2026-10-05T17:00Z,Hornsea One,hornsea1,515,0
2026-10-05T17:00Z,Hornsea Two,hornsea2,545,0
2026-10-05T17:00Z,Keadby 2,keadby2,770,0
2026-10-05T17:00Z,Moray East,morayeast,515,515
2026-10-05T17:00Z,Moray West,moraywest,810,410
2026-10-05T17:00Z,Neart na Gaoithe,nng,415,415
2026-10-05T17:00Z,Pembroke,pembroke,2100,0
2026-10-05T17:00Z,Pen y Cymoedd,penycymoedd,55,0
2026-10-05T17:00Z,Peterhead,peterhead,1140,0
2026-10-05T17:00Z,Race Bank,racebank,245,0
2026-10-05T17:00Z,Rampion,rampion,30,0
2026-10-05T17:00Z,Seagreen,seagreen,755,740
2026-10-05T17:00Z,Sizewell B,sizewellb,1190,0
2026-10-05T17:00Z,Staythorpe,staythorpe,810,0
2026-10-05T17:00Z,Torness,torness,1290,0
2026-10-05T17:00Z,Triton Knoll,triton,210,0
2026-10-05T17:00Z,Viking Link,viking,440,0
2026-10-05T17:00Z,Walney 1 & 2,walney,135,0
2026-10-05T17:00Z,Walney Extension,walneyx,320,0
2026-10-05T17:00Z,West Burton B,westburton,1200,0
2026-10-05T17:00Z,Whitelee,whitelee,70,0
2026-10-05T17:00Z,connahsquay,connahsquay,325,0
2026-10-05T18:00Z,Beatrice,beatrice,470,300
2026-10-05T18:00Z,Burbo Bank Extension,burbo,95,0
2026-10-05T18:00Z,Carrington,carrington,430,0
2026-10-05T18:00Z,Clyde,clyde,135,0
2026-10-05T18:00Z,Cruachan,cruachan,240,0
2026-10-05T18:00Z,Didcot B,didcot,1360,0
2026-10-05T18:00Z,Dinorwig,dinorwig,600,0
2026-10-05T18:00Z,Dogger Bank A,doggerA,440,0
2026-10-05T18:00Z,Dogger Bank B,doggerB,320,0
2026-10-05T18:00Z,Drax,drax,2580,0
2026-10-05T18:00Z,East Anglia ONE,ea1,170,0
2026-10-05T18:00Z,Ffestiniog,ffestiniog,180,0
2026-10-05T18:00Z,Foyers,foyers,150,0
2026-10-05T18:00Z,Galloper,galloper,60,0
2026-10-05T18:00Z,Greater Gabbard,gabbard,90,0
2026-10-05T18:00Z,Gwynt y Môr,gym,190,0
2026-10-05T18:00Z,Hartlepool,hartlepool,580,0
2026-10-05T18:00Z,Heysham 1,heysham1,695,0
2026-10-05T18:00Z,Heysham 2,heysham2,545,0
2026-10-05T18:00Z,Hornsea One,hornsea1,390,0
2026-10-05T18:00Z,Hornsea Two,hornsea2,550,0
2026-10-05T18:00Z,Keadby 2,keadby2,770,0
2026-10-05T18:00Z,Moray East,morayeast,485,485
2026-10-05T18:00Z,Moray West,moraywest,805,405
2026-10-05T18:00Z,Neart na Gaoithe,nng,335,215
2026-10-05T18:00Z,Pembroke,pembroke,2110,0
2026-10-05T18:00Z,Pen y Cymoedd,penycymoedd,45,0
2026-10-05T18:00Z,Peterhead,peterhead,1140,0
2026-10-05T18:00Z,Race Bank,racebank,190,0
2026-10-05T18:00Z,Rampion,rampion,20,0
2026-10-05T18:00Z,Seagreen,seagreen,675,660
2026-10-05T18:00Z,Sizewell B,sizewellb,1190,0
2026-10-05T18:00Z,Staythorpe,staythorpe,820,0
2026-10-05T18:00Z,Torness,torness,1290,0
2026-10-05T18:00Z,Triton Knoll,triton,175,0
2026-10-05T18:00Z,Viking Link,viking,440,0
2026-10-05T18:00Z,Walney 1 & 2,walney,115,0
2026-10-05T18:00Z,Walney Extension,walneyx,265,0
2026-10-05T18:00Z,West Burton B,westburton,1195,0
2026-10-05T18:00Z,Whitelee,whitelee,45,0
2026-10-05T18:00Z,connahsquay,connahsquay,325,0
2026-10-05T19:00Z,Beatrice,beatrice,460,290
2026-10-05T19:00Z,Burbo Bank Extension,burbo,70,0
2026-10-05T19:00Z,Carrington,carrington,430,0
2026-10-05T19:00Z,Clyde,clyde,105,0
2026-10-05T19:00Z,Cruachan,cruachan,240,0
2026-10-05T19:00Z,Didcot B,didcot,1370,0
2026-10-05T19:00Z,Dinorwig,dinorwig,155,0
2026-10-05T19:00Z,Dogger Bank A,doggerA,380,0
2026-10-05T19:00Z,Dogger Bank B,doggerB,305,0
2026-10-05T19:00Z,Drax,drax,2580,0
2026-10-05T19:00Z,East Anglia ONE,ea1,155,0
2026-10-05T19:00Z,Ffestiniog,ffestiniog,45,0
2026-10-05T19:00Z,Foyers,foyers,150,0
2026-10-05T19:00Z,Galloper,galloper,55,0
2026-10-05T19:00Z,Greater Gabbard,gabbard,75,0
2026-10-05T19:00Z,Gwynt y Môr,gym,170,0
2026-10-05T19:00Z,Hartlepool,hartlepool,580,0
2026-10-05T19:00Z,Heysham 1,heysham1,695,0
2026-10-05T19:00Z,Heysham 2,heysham2,545,0
2026-10-05T19:00Z,Hornsea One,hornsea1,325,0
2026-10-05T19:00Z,Hornsea Two,hornsea2,580,0
2026-10-05T19:00Z,Keadby 2,keadby2,770,0
2026-10-05T19:00Z,Moray East,morayeast,480,480
2026-10-05T19:00Z,Moray West,moraywest,800,405
2026-10-05T19:00Z,Neart na Gaoithe,nng,245,145
2026-10-05T19:00Z,Pembroke,pembroke,2110,0
2026-10-05T19:00Z,Pen y Cymoedd,penycymoedd,40,0
2026-10-05T19:00Z,Peterhead,peterhead,1145,0
2026-10-05T19:00Z,Race Bank,racebank,140,0
2026-10-05T19:00Z,Rampion,rampion,10,0
2026-10-05T19:00Z,Seagreen,seagreen,555,430
2026-10-05T19:00Z,Sizewell B,sizewellb,1190,0
2026-10-05T19:00Z,Staythorpe,staythorpe,825,0
2026-10-05T19:00Z,Torness,torness,1290,0
2026-10-05T19:00Z,Triton Knoll,triton,175,0
2026-10-05T19:00Z,Viking Link,viking,440,0
2026-10-05T19:00Z,Walney 1 & 2,walney,95,0
2026-10-05T19:00Z,Walney Extension,walneyx,205,0
2026-10-05T19:00Z,West Burton B,westburton,1200,0
2026-10-05T19:00Z,Whitelee,whitelee,40,0
2026-10-05T19:00Z,connahsquay,connahsquay,325,0
2026-10-05T20:00Z,Beatrice,beatrice,455,265
2026-10-05T20:00Z,Burbo Bank Extension,burbo,55,0
2026-10-05T20:00Z,Carrington,carrington,430,0
2026-10-05T20:00Z,Clyde,clyde,90,0
2026-10-05T20:00Z,Cruachan,cruachan,240,0
2026-10-05T20:00Z,Didcot B,didcot,1380,0
2026-10-05T20:00Z,Dinorwig,dinorwig,0,0
2026-10-05T20:00Z,Dogger Bank A,doggerA,325,0
2026-10-05T20:00Z,Dogger Bank B,doggerB,255,0
2026-10-05T20:00Z,Drax,drax,2580,0
2026-10-05T20:00Z,East Anglia ONE,ea1,135,0
2026-10-05T20:00Z,Ffestiniog,ffestiniog,0,0
2026-10-05T20:00Z,Foyers,foyers,150,0
2026-10-05T20:00Z,Galloper,galloper,50,0
2026-10-05T20:00Z,Greater Gabbard,gabbard,75,0
2026-10-05T20:00Z,Gwynt y Môr,gym,145,0
2026-10-05T20:00Z,Hartlepool,hartlepool,580,0
2026-10-05T20:00Z,Heysham 1,heysham1,695,0
2026-10-05T20:00Z,Heysham 2,heysham2,545,0
2026-10-05T20:00Z,Hornsea One,hornsea1,300,0
2026-10-05T20:00Z,Hornsea Two,hornsea2,545,0
2026-10-05T20:00Z,Keadby 2,keadby2,770,0
2026-10-05T20:00Z,Moray East,morayeast,470,470
2026-10-05T20:00Z,Moray West,moraywest,790,400
2026-10-05T20:00Z,Neart na Gaoithe,nng,215,110
2026-10-05T20:00Z,Pembroke,pembroke,2110,0
2026-10-05T20:00Z,Pen y Cymoedd,penycymoedd,40,0
2026-10-05T20:00Z,Peterhead,peterhead,1145,0
2026-10-05T20:00Z,Race Bank,racebank,105,0
2026-10-05T20:00Z,Rampion,rampion,10,0
2026-10-05T20:00Z,Seagreen,seagreen,415,190
2026-10-05T20:00Z,Sizewell B,sizewellb,1190,0
2026-10-05T20:00Z,Staythorpe,staythorpe,830,0
2026-10-05T20:00Z,Torness,torness,1290,0
2026-10-05T20:00Z,Triton Knoll,triton,155,0
2026-10-05T20:00Z,Viking Link,viking,440,0
2026-10-05T20:00Z,Walney 1 & 2,walney,80,0
2026-10-05T20:00Z,Walney Extension,walneyx,160,0
2026-10-05T20:00Z,West Burton B,westburton,1110,0
2026-10-05T20:00Z,Whitelee,whitelee,40,0
2026-10-05T20:00Z,connahsquay,connahsquay,235,0
2026-10-05T21:00Z,Beatrice,beatrice,450,225
2026-10-05T21:00Z,Burbo Bank Extension,burbo,55,0
2026-10-05T21:00Z,Carrington,carrington,420,0
2026-10-05T21:00Z,Clyde,clyde,70,0
2026-10-05T21:00Z,Cruachan,cruachan,240,0
2026-10-05T21:00Z,Didcot B,didcot,1385,0
2026-10-05T21:00Z,Dinorwig,dinorwig,0,0
2026-10-05T21:00Z,Dogger Bank A,doggerA,285,0
2026-10-05T21:00Z,Dogger Bank B,doggerB,210,0
2026-10-05T21:00Z,Drax,drax,2580,0
2026-10-05T21:00Z,East Anglia ONE,ea1,130,0
2026-10-05T21:00Z,Ffestiniog,ffestiniog,0,0
2026-10-05T21:00Z,Foyers,foyers,150,0
2026-10-05T21:00Z,Galloper,galloper,50,0
2026-10-05T21:00Z,Greater Gabbard,gabbard,75,0
2026-10-05T21:00Z,Gwynt y Môr,gym,110,0
2026-10-05T21:00Z,Hartlepool,hartlepool,580,0
2026-10-05T21:00Z,Heysham 1,heysham1,695,0
2026-10-05T21:00Z,Heysham 2,heysham2,545,0
2026-10-05T21:00Z,Hornsea One,hornsea1,285,0
2026-10-05T21:00Z,Hornsea Two,hornsea2,430,0
2026-10-05T21:00Z,Keadby 2,keadby2,770,0
2026-10-05T21:00Z,Moray East,morayeast,455,455
2026-10-05T21:00Z,Moray West,moraywest,775,395
2026-10-05T21:00Z,Neart na Gaoithe,nng,185,85
2026-10-05T21:00Z,Pembroke,pembroke,2110,0
2026-10-05T21:00Z,Pen y Cymoedd,penycymoedd,35,0
2026-10-05T21:00Z,Peterhead,peterhead,885,0
2026-10-05T21:00Z,Race Bank,racebank,145,0
2026-10-05T21:00Z,Rampion,rampion,5,0
2026-10-05T21:00Z,Seagreen,seagreen,295,100
2026-10-05T21:00Z,Sizewell B,sizewellb,1190,0
2026-10-05T21:00Z,Staythorpe,staythorpe,710,0
2026-10-05T21:00Z,Torness,torness,1290,0
2026-10-05T21:00Z,Triton Knoll,triton,145,0
2026-10-05T21:00Z,Viking Link,viking,440,0
2026-10-05T21:00Z,Walney 1 & 2,walney,70,0
2026-10-05T21:00Z,Walney Extension,walneyx,115,0
2026-10-05T21:00Z,West Burton B,westburton,790,0
2026-10-05T21:00Z,Whitelee,whitelee,20,0
2026-10-05T21:00Z,connahsquay,connahsquay,0,0
2026-10-05T22:00Z,Beatrice,beatrice,415,80
2026-10-05T22:00Z,Burbo Bank Extension,burbo,40,0
2026-10-05T22:00Z,Carrington,carrington,415,0
2026-10-05T22:00Z,Clyde,clyde,55,0
2026-10-05T22:00Z,Cruachan,cruachan,0,0
2026-10-05T22:00Z,Didcot B,didcot,1390,0
2026-10-05T22:00Z,Dinorwig,dinorwig,0,0
2026-10-05T22:00Z,Dogger Bank A,doggerA,245,0
2026-10-05T22:00Z,Dogger Bank B,doggerB,155,0
2026-10-05T22:00Z,Drax,drax,2580,0
2026-10-05T22:00Z,East Anglia ONE,ea1,100,0
2026-10-05T22:00Z,Ffestiniog,ffestiniog,0,0
2026-10-05T22:00Z,Foyers,foyers,150,0
2026-10-05T22:00Z,Galloper,galloper,50,0
2026-10-05T22:00Z,Greater Gabbard,gabbard,65,0
2026-10-05T22:00Z,Gwynt y Môr,gym,85,0
2026-10-05T22:00Z,Hartlepool,hartlepool,580,0
2026-10-05T22:00Z,Heysham 1,heysham1,695,0
2026-10-05T22:00Z,Heysham 2,heysham2,545,0
2026-10-05T22:00Z,Hornsea One,hornsea1,295,0
2026-10-05T22:00Z,Hornsea Two,hornsea2,410,0
2026-10-05T22:00Z,Keadby 2,keadby2,770,0
2026-10-05T22:00Z,Moray East,morayeast,450,450
2026-10-05T22:00Z,Moray West,moraywest,765,370
2026-10-05T22:00Z,Neart na Gaoithe,nng,160,25
2026-10-05T22:00Z,Pembroke,pembroke,2050,0
2026-10-05T22:00Z,Pen y Cymoedd,penycymoedd,35,0
2026-10-05T22:00Z,Peterhead,peterhead,725,0
2026-10-05T22:00Z,Race Bank,racebank,130,0
2026-10-05T22:00Z,Rampion,rampion,5,0
2026-10-05T22:00Z,Seagreen,seagreen,265,40
2026-10-05T22:00Z,Sizewell B,sizewellb,1190,0
2026-10-05T22:00Z,Staythorpe,staythorpe,415,0
2026-10-05T22:00Z,Torness,torness,1290,0
2026-10-05T22:00Z,Triton Knoll,triton,140,0
2026-10-05T22:00Z,Viking Link,viking,440,0
2026-10-05T22:00Z,Walney 1 & 2,walney,35,0
2026-10-05T22:00Z,Walney Extension,walneyx,65,0
2026-10-05T22:00Z,West Burton B,westburton,790,0
2026-10-05T22:00Z,Whitelee,whitelee,20,0
2026-10-05T22:00Z,connahsquay,connahsquay,0,0
2026-10-05T23:00Z,Beatrice,beatrice,395,0
2026-10-05T23:00Z,Burbo Bank Extension,burbo,30,0
2026-10-05T23:00Z,Carrington,carrington,415,0
2026-10-05T23:00Z,Clyde,clyde,35,0
2026-10-05T23:00Z,Cruachan,cruachan,0,0
2026-10-05T23:00Z,Didcot B,didcot,1395,0
2026-10-05T23:00Z,Dinorwig,dinorwig,0,0
2026-10-05T23:00Z,Dogger Bank A,doggerA,185,0
2026-10-05T23:00Z,Dogger Bank B,doggerB,115,0
2026-10-05T23:00Z,Drax,drax,2560,0
2026-10-05T23:00Z,East Anglia ONE,ea1,55,0
2026-10-05T23:00Z,Ffestiniog,ffestiniog,0,0
2026-10-05T23:00Z,Foyers,foyers,150,0
2026-10-05T23:00Z,Galloper,galloper,45,0
2026-10-05T23:00Z,Grain,grainpp,0,0
2026-10-05T23:00Z,Greater Gabbard,gabbard,55,0
2026-10-05T23:00Z,Gwynt y Môr,gym,65,0
2026-10-05T23:00Z,Hartlepool,hartlepool,580,0
2026-10-05T23:00Z,Heysham 1,heysham1,695,0
2026-10-05T23:00Z,Heysham 2,heysham2,545,0
2026-10-05T23:00Z,Hornsea One,hornsea1,230,0
2026-10-05T23:00Z,Hornsea Two,hornsea2,355,0
2026-10-05T23:00Z,Keadby 2,keadby2,770,0
2026-10-05T23:00Z,Moray East,morayeast,425,425
2026-10-05T23:00Z,Moray West,moraywest,740,230
2026-10-05T23:00Z,Neart na Gaoithe,nng,105,0
2026-10-05T23:00Z,Pembroke,pembroke,2070,0
2026-10-05T23:00Z,Pen y Cymoedd,penycymoedd,40,0
2026-10-05T23:00Z,Peterhead,peterhead,725,0
2026-10-05T23:00Z,Race Bank,racebank,110,0
2026-10-05T23:00Z,Rampion,rampion,0,0
2026-10-05T23:00Z,Seagreen,seagreen,260,0
2026-10-05T23:00Z,Sizewell B,sizewellb,1190,0
2026-10-05T23:00Z,Staythorpe,staythorpe,405,0
2026-10-05T23:00Z,Torness,torness,1290,0
2026-10-05T23:00Z,Triton Knoll,triton,140,0
2026-10-05T23:00Z,Viking Link,viking,440,0
2026-10-05T23:00Z,Walney 1 & 2,walney,30,0
2026-10-05T23:00Z,Walney Extension,walneyx,50,0
2026-10-05T23:00Z,West Burton B,westburton,790,0
2026-10-05T23:00Z,Whitelee,whitelee,20,0
2026-10-05T23:00Z,connahsquay,connahsquay,0,0
2026-10-06T00:00Z,Beatrice,beatrice,370,0
2026-10-06T00:00Z,Burbo Bank Extension,burbo,30,0
2026-10-06T00:00Z,Carrington,carrington,415,0
2026-10-06T00:00Z,Clyde,clyde,25,0
2026-10-06T00:00Z,Cruachan,cruachan,0,0
2026-10-06T00:00Z,Didcot B,didcot,1395,0
2026-10-06T00:00Z,Dinorwig,dinorwig,0,0
2026-10-06T00:00Z,Dogger Bank A,doggerA,115,0
2026-10-06T00:00Z,Dogger Bank B,doggerB,100,0
2026-10-06T00:00Z,Drax,drax,2545,0
2026-10-06T00:00Z,East Anglia ONE,ea1,55,0
2026-10-06T00:00Z,Ffestiniog,ffestiniog,0,0
2026-10-06T00:00Z,Foyers,foyers,150,0
2026-10-06T00:00Z,Galloper,galloper,40,0
2026-10-06T00:00Z,Grain,grainpp,0,0
2026-10-06T00:00Z,Greater Gabbard,gabbard,45,0
2026-10-06T00:00Z,Gwynt y Môr,gym,50,0
2026-10-06T00:00Z,Hartlepool,hartlepool,580,0
2026-10-06T00:00Z,Heysham 1,heysham1,695,0
2026-10-06T00:00Z,Heysham 2,heysham2,545,0
2026-10-06T00:00Z,Hornsea One,hornsea1,230,0
2026-10-06T00:00Z,Hornsea Two,hornsea2,345,0
2026-10-06T00:00Z,Keadby 2,keadby2,770,0
2026-10-06T00:00Z,Moray East,morayeast,410,410
2026-10-06T00:00Z,Moray West,moraywest,670,115
2026-10-06T00:00Z,Neart na Gaoithe,nng,95,0
2026-10-06T00:00Z,Pembroke,pembroke,2105,0
2026-10-06T00:00Z,Pen y Cymoedd,penycymoedd,35,0
2026-10-06T00:00Z,Peterhead,peterhead,725,0
2026-10-06T00:00Z,Race Bank,racebank,110,0
2026-10-06T00:00Z,Rampion,rampion,0,0
2026-10-06T00:00Z,Seagreen,seagreen,235,0
2026-10-06T00:00Z,Sizewell B,sizewellb,1190,0
2026-10-06T00:00Z,Staythorpe,staythorpe,405,0
2026-10-06T00:00Z,Torness,torness,1290,0
2026-10-06T00:00Z,Triton Knoll,triton,140,0
2026-10-06T00:00Z,Viking Link,viking,440,0
2026-10-06T00:00Z,Walney 1 & 2,walney,15,0
2026-10-06T00:00Z,Walney Extension,walneyx,45,0
2026-10-06T00:00Z,West Burton B,westburton,790,0
2026-10-06T00:00Z,Whitelee,whitelee,15,0
2026-10-06T00:00Z,connahsquay,connahsquay,0,0
2026-10-06T01:00Z,Beatrice,beatrice,350,0
2026-10-06T01:00Z,Burbo Bank Extension,burbo,25,0
2026-10-06T01:00Z,Carrington,carrington,415,0
2026-10-06T01:00Z,Clyde,clyde,15,0
2026-10-06T01:00Z,Cruachan,cruachan,0,0
2026-10-06T01:00Z,Didcot B,didcot,1395,0
2026-10-06T01:00Z,Dinorwig,dinorwig,0,0
2026-10-06T01:00Z,Dogger Bank A,doggerA,80,0
2026-10-06T01:00Z,Dogger Bank B,doggerB,80,0
2026-10-06T01:00Z,Drax,drax,2545,0
2026-10-06T01:00Z,East Anglia ONE,ea1,85,0
2026-10-06T01:00Z,Ffestiniog,ffestiniog,0,0
2026-10-06T01:00Z,Foyers,foyers,150,0
2026-10-06T01:00Z,Galloper,galloper,30,0
2026-10-06T01:00Z,Grain,grainpp,0,0
2026-10-06T01:00Z,Greater Gabbard,gabbard,35,0
2026-10-06T01:00Z,Gwynt y Môr,gym,40,0
2026-10-06T01:00Z,Hartlepool,hartlepool,580,0
2026-10-06T01:00Z,Heysham 1,heysham1,695,0
2026-10-06T01:00Z,Heysham 2,heysham2,545,0
2026-10-06T01:00Z,Hornsea One,hornsea1,190,0
2026-10-06T01:00Z,Hornsea Two,hornsea2,305,0
2026-10-06T01:00Z,Keadby 2,keadby2,770,0
2026-10-06T01:00Z,Moray East,morayeast,370,370
2026-10-06T01:00Z,Moray West,moraywest,560,95
2026-10-06T01:00Z,Neart na Gaoithe,nng,85,0
2026-10-06T01:00Z,Pembroke,pembroke,2110,0
2026-10-06T01:00Z,Pen y Cymoedd,penycymoedd,35,0
2026-10-06T01:00Z,Peterhead,peterhead,725,0
2026-10-06T01:00Z,Race Bank,racebank,85,0
2026-10-06T01:00Z,Rampion,rampion,0,0
2026-10-06T01:00Z,Seagreen,seagreen,195,0
2026-10-06T01:00Z,Sizewell B,sizewellb,1190,0
2026-10-06T01:00Z,Staythorpe,staythorpe,405,0
2026-10-06T01:00Z,Torness,torness,1290,0
2026-10-06T01:00Z,Triton Knoll,triton,130,0
2026-10-06T01:00Z,Viking Link,viking,440,0
2026-10-06T01:00Z,Walney 1 & 2,walney,25,0
2026-10-06T01:00Z,Walney Extension,walneyx,45,0
2026-10-06T01:00Z,West Burton B,westburton,790,0
2026-10-06T01:00Z,Whitelee,whitelee,15,0
2026-10-06T01:00Z,connahsquay,connahsquay,0,0
2026-10-06T02:00Z,Beatrice,beatrice,340,0
2026-10-06T02:00Z,Burbo Bank Extension,burbo,10,0
2026-10-06T02:00Z,Carrington,carrington,415,0
2026-10-06T02:00Z,Clyde,clyde,10,0
2026-10-06T02:00Z,Cruachan,cruachan,0,0
2026-10-06T02:00Z,Didcot B,didcot,1395,0
2026-10-06T02:00Z,Dinorwig,dinorwig,0,0
2026-10-06T02:00Z,Dogger Bank A,doggerA,50,0
2026-10-06T02:00Z,Dogger Bank B,doggerB,60,0
2026-10-06T02:00Z,Drax,drax,2565,0
2026-10-06T02:00Z,East Anglia ONE,ea1,70,0
2026-10-06T02:00Z,Ffestiniog,ffestiniog,0,0
2026-10-06T02:00Z,Foyers,foyers,150,0
2026-10-06T02:00Z,Galloper,galloper,20,0
2026-10-06T02:00Z,Grain,grainpp,120,0
2026-10-06T02:00Z,Greater Gabbard,gabbard,30,0
2026-10-06T02:00Z,Gwynt y Môr,gym,35,0
2026-10-06T02:00Z,Hartlepool,hartlepool,580,0
2026-10-06T02:00Z,Heysham 1,heysham1,695,0
2026-10-06T02:00Z,Heysham 2,heysham2,545,0
2026-10-06T02:00Z,Hornsea One,hornsea1,170,0
2026-10-06T02:00Z,Hornsea Two,hornsea2,305,0
2026-10-06T02:00Z,Keadby 2,keadby2,770,0
2026-10-06T02:00Z,Moray East,morayeast,325,325
2026-10-06T02:00Z,Moray West,moraywest,600,85
2026-10-06T02:00Z,Neart na Gaoithe,nng,100,0
2026-10-06T02:00Z,Pembroke,pembroke,2050,0
2026-10-06T02:00Z,Pen y Cymoedd,penycymoedd,30,0
2026-10-06T02:00Z,Peterhead,peterhead,780,0
2026-10-06T02:00Z,Race Bank,racebank,40,0
2026-10-06T02:00Z,Rampion,rampion,0,0
2026-10-06T02:00Z,Seagreen,seagreen,160,0
2026-10-06T02:00Z,Sizewell B,sizewellb,1190,0
2026-10-06T02:00Z,Staythorpe,staythorpe,420,0
2026-10-06T02:00Z,Torness,torness,1290,0
2026-10-06T02:00Z,Triton Knoll,triton,95,0
2026-10-06T02:00Z,Viking Link,viking,440,0
2026-10-06T02:00Z,Walney 1 & 2,walney,15,0
2026-10-06T02:00Z,Walney Extension,walneyx,30,0
2026-10-06T02:00Z,West Burton B,westburton,790,0
2026-10-06T02:00Z,Whitelee,whitelee,10,0
2026-10-06T02:00Z,connahsquay,connahsquay,0,0
2026-10-06T03:00Z,Beatrice,beatrice,320,0
2026-10-06T03:00Z,Burbo Bank Extension,burbo,0,0
2026-10-06T03:00Z,Carrington,carrington,415,0
2026-10-06T03:00Z,Clyde,clyde,5,0
2026-10-06T03:00Z,Cruachan,cruachan,0,0
2026-10-06T03:00Z,Didcot B,didcot,1395,0
2026-10-06T03:00Z,Dinorwig,dinorwig,0,0
2026-10-06T03:00Z,Dogger Bank A,doggerA,30,0
2026-10-06T03:00Z,Dogger Bank B,doggerB,45,0
2026-10-06T03:00Z,Drax,drax,2565,0
2026-10-06T03:00Z,East Anglia ONE,ea1,65,0
2026-10-06T03:00Z,Ffestiniog,ffestiniog,0,0
2026-10-06T03:00Z,Foyers,foyers,5,0
2026-10-06T03:00Z,Galloper,galloper,10,0
2026-10-06T03:00Z,Grain,grainpp,470,0
2026-10-06T03:00Z,Greater Gabbard,gabbard,20,0
2026-10-06T03:00Z,Gwynt y Môr,gym,25,0
2026-10-06T03:00Z,Hartlepool,hartlepool,580,0
2026-10-06T03:00Z,Heysham 1,heysham1,395,0
2026-10-06T03:00Z,Heysham 2,heysham2,545,0
2026-10-06T03:00Z,Hornsea One,hornsea1,140,0
2026-10-06T03:00Z,Hornsea Two,hornsea2,245,0
2026-10-06T03:00Z,Keadby 2,keadby2,770,0
2026-10-06T03:00Z,Moray East,morayeast,310,310
2026-10-06T03:00Z,Moray West,moraywest,525,145
2026-10-06T03:00Z,Neart na Gaoithe,nng,105,0
2026-10-06T03:00Z,Pembroke,pembroke,2050,0
2026-10-06T03:00Z,Pen y Cymoedd,penycymoedd,20,0
2026-10-06T03:00Z,Peterhead,peterhead,1155,0
2026-10-06T03:00Z,Race Bank,racebank,30,0
2026-10-06T03:00Z,Rampion,rampion,0,0
2026-10-06T03:00Z,Seagreen,seagreen,130,0
2026-10-06T03:00Z,Sizewell B,sizewellb,1190,0
2026-10-06T03:00Z,Staythorpe,staythorpe,420,0
2026-10-06T03:00Z,Torness,torness,1290,0
2026-10-06T03:00Z,Triton Knoll,triton,60,0
2026-10-06T03:00Z,Viking Link,viking,435,0
2026-10-06T03:00Z,Walney 1 & 2,walney,20,0
2026-10-06T03:00Z,Walney Extension,walneyx,40,0
2026-10-06T03:00Z,West Burton B,westburton,940,0
2026-10-06T03:00Z,Whitelee,whitelee,10,0
2026-10-06T03:00Z,connahsquay,connahsquay,0,0
2026-10-06T04:00Z,Beatrice,beatrice,290,0
2026-10-06T04:00Z,Burbo Bank Extension,burbo,0,0
2026-10-06T04:00Z,Carrington,carrington,430,0
2026-10-06T04:00Z,Clyde,clyde,5,0
2026-10-06T04:00Z,Cruachan,cruachan,60,0
2026-10-06T04:00Z,Didcot B,didcot,1395,0
2026-10-06T04:00Z,Dinorwig,dinorwig,0,0
2026-10-06T04:00Z,Dogger Bank A,doggerA,15,0
2026-10-06T04:00Z,Dogger Bank B,doggerB,25,0
2026-10-06T04:00Z,Drax,drax,2565,0
2026-10-06T04:00Z,East Anglia ONE,ea1,45,0
2026-10-06T04:00Z,Ffestiniog,ffestiniog,0,0
2026-10-06T04:00Z,Foyers,foyers,150,0
2026-10-06T04:00Z,Galloper,galloper,5,0
2026-10-06T04:00Z,Grain,grainpp,795,0
2026-10-06T04:00Z,Greater Gabbard,gabbard,10,0
2026-10-06T04:00Z,Gwynt y Môr,gym,20,0
2026-10-06T04:00Z,Hartlepool,hartlepool,580,0
2026-10-06T04:00Z,Heysham 1,heysham1,395,0
2026-10-06T04:00Z,Heysham 2,heysham2,545,0
2026-10-06T04:00Z,Hornsea One,hornsea1,90,0
2026-10-06T04:00Z,Hornsea Two,hornsea2,175,0
2026-10-06T04:00Z,Keadby 2,keadby2,770,0
2026-10-06T04:00Z,Moray East,morayeast,290,290
2026-10-06T04:00Z,Moray West,moraywest,490,230
2026-10-06T04:00Z,Neart na Gaoithe,nng,110,0
2026-10-06T04:00Z,Pembroke,pembroke,2110,0
2026-10-06T04:00Z,Pen y Cymoedd,penycymoedd,15,0
2026-10-06T04:00Z,Peterhead,peterhead,1155,0
2026-10-06T04:00Z,Race Bank,racebank,30,0
2026-10-06T04:00Z,Rampion,rampion,0,0
2026-10-06T04:00Z,Seagreen,seagreen,115,0
2026-10-06T04:00Z,Sizewell B,sizewellb,1190,0
2026-10-06T04:00Z,Staythorpe,staythorpe,660,0
2026-10-06T04:00Z,Torness,torness,1290,0
2026-10-06T04:00Z,Triton Knoll,triton,40,0
2026-10-06T04:00Z,Viking Link,viking,435,0
2026-10-06T04:00Z,Walney 1 & 2,walney,20,0
2026-10-06T04:00Z,Walney Extension,walneyx,35,0
2026-10-06T04:00Z,West Burton B,westburton,1210,0
2026-10-06T04:00Z,Whitelee,whitelee,10,0
2026-10-06T04:00Z,connahsquay,connahsquay,0,0
2026-10-06T05:00Z,Beatrice,beatrice,270,0
2026-10-06T05:00Z,Burbo Bank Extension,burbo,5,0
2026-10-06T05:00Z,Carrington,carrington,430,0
2026-10-06T05:00Z,Clyde,clyde,5,0
2026-10-06T05:00Z,Cruachan,cruachan,120,0
2026-10-06T05:00Z,Didcot B,didcot,1400,0
2026-10-06T05:00Z,Dinorwig,dinorwig,445,0
2026-10-06T05:00Z,Dogger Bank A,doggerA,10,0
2026-10-06T05:00Z,Dogger Bank B,doggerB,20,0
2026-10-06T05:00Z,Drax,drax,2565,0
2026-10-06T05:00Z,East Anglia ONE,ea1,25,0
2026-10-06T05:00Z,Ffestiniog,ffestiniog,80,0
2026-10-06T05:00Z,Foyers,foyers,150,0
2026-10-06T05:00Z,Galloper,galloper,5,0
2026-10-06T05:00Z,Grain,grainpp,800,0
2026-10-06T05:00Z,Greater Gabbard,gabbard,5,0
2026-10-06T05:00Z,Gwynt y Môr,gym,15,0
2026-10-06T05:00Z,Hartlepool,hartlepool,580,0
2026-10-06T05:00Z,Heysham 1,heysham1,395,0
2026-10-06T05:00Z,Heysham 2,heysham2,545,0
2026-10-06T05:00Z,Hornsea One,hornsea1,75,0
2026-10-06T05:00Z,Hornsea Two,hornsea2,145,0
2026-10-06T05:00Z,Keadby 2,keadby2,770,0
2026-10-06T05:00Z,Moray East,morayeast,265,265
2026-10-06T05:00Z,Moray West,moraywest,410,220
2026-10-06T05:00Z,Neart na Gaoithe,nng,115,0
2026-10-06T05:00Z,Pembroke,pembroke,2120,0
2026-10-06T05:00Z,Pen y Cymoedd,penycymoedd,15,0
2026-10-06T05:00Z,Peterhead,peterhead,1155,0
2026-10-06T05:00Z,Race Bank,racebank,30,0
2026-10-06T05:00Z,Rampion,rampion,0,0
2026-10-06T05:00Z,Seagreen,seagreen,95,0
2026-10-06T05:00Z,Sizewell B,sizewellb,1190,0
2026-10-06T05:00Z,Staythorpe,staythorpe,830,0
2026-10-06T05:00Z,Torness,torness,1290,0
2026-10-06T05:00Z,Triton Knoll,triton,25,0
2026-10-06T05:00Z,Viking Link,viking,430,0
2026-10-06T05:00Z,Walney 1 & 2,walney,15,0
2026-10-06T05:00Z,Walney Extension,walneyx,35,0
2026-10-06T05:00Z,West Burton B,westburton,1210,0
2026-10-06T05:00Z,Whitelee,whitelee,5,0
2026-10-06T05:00Z,connahsquay,connahsquay,0,0
2026-10-06T06:00Z,Beatrice,beatrice,240,0
2026-10-06T06:00Z,Burbo Bank Extension,burbo,5,0
2026-10-06T06:00Z,Carrington,carrington,430,0
2026-10-06T06:00Z,Clyde,clyde,10,0
2026-10-06T06:00Z,Cruachan,cruachan,120,0
2026-10-06T06:00Z,Didcot B,didcot,1400,0
2026-10-06T06:00Z,Dinorwig,dinorwig,600,0
2026-10-06T06:00Z,Dogger Bank A,doggerA,15,0
2026-10-06T06:00Z,Dogger Bank B,doggerB,10,0
2026-10-06T06:00Z,Drax,drax,2565,0
2026-10-06T06:00Z,East Anglia ONE,ea1,25,0
2026-10-06T06:00Z,Ffestiniog,ffestiniog,180,0
2026-10-06T06:00Z,Foyers,foyers,150,0
2026-10-06T06:00Z,Galloper,galloper,5,0
2026-10-06T06:00Z,Grain,grainpp,800,0
2026-10-06T06:00Z,Greater Gabbard,gabbard,0,0
2026-10-06T06:00Z,Gwynt y Môr,gym,10,0
2026-10-06T06:00Z,Hartlepool,hartlepool,580,0
2026-10-06T06:00Z,Heysham 1,heysham1,395,0
2026-10-06T06:00Z,Heysham 2,heysham2,545,0
2026-10-06T06:00Z,Hornsea One,hornsea1,75,0
2026-10-06T06:00Z,Hornsea Two,hornsea2,145,0
2026-10-06T06:00Z,Keadby 2,keadby2,770,0
2026-10-06T06:00Z,Moray East,morayeast,250,250
2026-10-06T06:00Z,Moray West,moraywest,370,205
2026-10-06T06:00Z,Neart na Gaoithe,nng,85,0
2026-10-06T06:00Z,Pembroke,pembroke,2125,0
2026-10-06T06:00Z,Pen y Cymoedd,penycymoedd,10,0
2026-10-06T06:00Z,Peterhead,peterhead,1155,0
2026-10-06T06:00Z,Race Bank,racebank,30,0
2026-10-06T06:00Z,Rampion,rampion,0,0
2026-10-06T06:00Z,Seagreen,seagreen,85,0
2026-10-06T06:00Z,Sizewell B,sizewellb,1190,0
2026-10-06T06:00Z,Staythorpe,staythorpe,840,0
2026-10-06T06:00Z,Torness,torness,1290,0
2026-10-06T06:00Z,Triton Knoll,triton,15,0
2026-10-06T06:00Z,Viking Link,viking,420,0
2026-10-06T06:00Z,Walney 1 & 2,walney,20,0
2026-10-06T06:00Z,Walney Extension,walneyx,40,0
2026-10-06T06:00Z,West Burton B,westburton,1210,0
2026-10-06T06:00Z,Whitelee,whitelee,0,0
2026-10-06T06:00Z,connahsquay,connahsquay,0,0
2026-10-06T07:00Z,Beatrice,beatrice,235,0
2026-10-06T07:00Z,Burbo Bank Extension,burbo,0,0
2026-10-06T07:00Z,Carrington,carrington,430,0
2026-10-06T07:00Z,Clyde,clyde,10,0
2026-10-06T07:00Z,Cruachan,cruachan,120,0
2026-10-06T07:00Z,Didcot B,didcot,1395,0
2026-10-06T07:00Z,Dinorwig,dinorwig,40,0
2026-10-06T07:00Z,Dogger Bank A,doggerA,20,0
2026-10-06T07:00Z,Dogger Bank B,doggerB,15,0
2026-10-06T07:00Z,Drax,drax,2580,0
2026-10-06T07:00Z,East Anglia ONE,ea1,10,0
2026-10-06T07:00Z,Ffestiniog,ffestiniog,10,0
2026-10-06T07:00Z,Foyers,foyers,150,0
2026-10-06T07:00Z,Galloper,galloper,5,0
2026-10-06T07:00Z,Grain,grainpp,800,0
2026-10-06T07:00Z,Greater Gabbard,gabbard,0,0
2026-10-06T07:00Z,Gwynt y Môr,gym,10,0
2026-10-06T07:00Z,Hartlepool,hartlepool,580,0
2026-10-06T07:00Z,Heysham 1,heysham1,395,0
2026-10-06T07:00Z,Heysham 2,heysham2,545,0
2026-10-06T07:00Z,Hornsea One,hornsea1,75,0
2026-10-06T07:00Z,Hornsea Two,hornsea2,120,0
2026-10-06T07:00Z,Keadby 2,keadby2,770,0
2026-10-06T07:00Z,Moray East,morayeast,230,215
2026-10-06T07:00Z,Moray West,moraywest,340,80
2026-10-06T07:00Z,Neart na Gaoithe,nng,80,0
2026-10-06T07:00Z,Pembroke,pembroke,2120,0
2026-10-06T07:00Z,Pen y Cymoedd,penycymoedd,10,0
2026-10-06T07:00Z,Peterhead,peterhead,1150,0
2026-10-06T07:00Z,Race Bank,racebank,30,0
2026-10-06T07:00Z,Rampion,rampion,0,0
2026-10-06T07:00Z,Seagreen,seagreen,80,0
2026-10-06T07:00Z,Sizewell B,sizewellb,1190,0
2026-10-06T07:00Z,Staythorpe,staythorpe,845,0
2026-10-06T07:00Z,Torness,torness,1290,0
2026-10-06T07:00Z,Triton Knoll,triton,15,0
2026-10-06T07:00Z,Viking Link,viking,410,0
2026-10-06T07:00Z,Walney 1 & 2,walney,25,0
2026-10-06T07:00Z,Walney Extension,walneyx,55,0
2026-10-06T07:00Z,West Burton B,westburton,1210,0
2026-10-06T07:00Z,Whitelee,whitelee,0,0
2026-10-06T07:00Z,connahsquay,connahsquay,0,0
2026-10-06T08:00Z,Beatrice,beatrice,235,0
2026-10-06T08:00Z,Burbo Bank Extension,burbo,0,0
2026-10-06T08:00Z,Carrington,carrington,420,0
2026-10-06T08:00Z,Clyde,clyde,10,0
2026-10-06T08:00Z,Cruachan,cruachan,0,0
2026-10-06T08:00Z,Didcot B,didcot,1390,0
2026-10-06T08:00Z,Dinorwig,dinorwig,0,0
2026-10-06T08:00Z,Dogger Bank A,doggerA,15,0
2026-10-06T08:00Z,Dogger Bank B,doggerB,20,0
2026-10-06T08:00Z,Drax,drax,2565,0
2026-10-06T08:00Z,East Anglia ONE,ea1,0,0
2026-10-06T08:00Z,Ffestiniog,ffestiniog,0,0
2026-10-06T08:00Z,Foyers,foyers,150,0
2026-10-06T08:00Z,Galloper,galloper,5,0
2026-10-06T08:00Z,Grain,grainpp,800,0
2026-10-06T08:00Z,Greater Gabbard,gabbard,0,0
2026-10-06T08:00Z,Gwynt y Môr,gym,15,0
2026-10-06T08:00Z,Hartlepool,hartlepool,580,0
2026-10-06T08:00Z,Heysham 1,heysham1,395,0
2026-10-06T08:00Z,Heysham 2,heysham2,545,0
2026-10-06T08:00Z,Hornsea One,hornsea1,55,0
2026-10-06T08:00Z,Hornsea Two,hornsea2,95,0
2026-10-06T08:00Z,Keadby 2,keadby2,770,0
2026-10-06T08:00Z,Moray East,morayeast,225,70
2026-10-06T08:00Z,Moray West,moraywest,370,10
2026-10-06T08:00Z,Neart na Gaoithe,nng,90,0
2026-10-06T08:00Z,Pembroke,pembroke,2085,0
2026-10-06T08:00Z,Pen y Cymoedd,penycymoedd,10,0
2026-10-06T08:00Z,Peterhead,peterhead,1150,0
2026-10-06T08:00Z,Race Bank,racebank,20,0
2026-10-06T08:00Z,Rampion,rampion,0,0
2026-10-06T08:00Z,Seagreen,seagreen,85,0
2026-10-06T08:00Z,Sizewell B,sizewellb,1190,0
2026-10-06T08:00Z,Staythorpe,staythorpe,835,0
2026-10-06T08:00Z,Torness,torness,1290,0
2026-10-06T08:00Z,Triton Knoll,triton,10,0
2026-10-06T08:00Z,Viking Link,viking,385,0
2026-10-06T08:00Z,Walney 1 & 2,walney,25,0
2026-10-06T08:00Z,Walney Extension,walneyx,65,0
2026-10-06T08:00Z,West Burton B,westburton,755,0
2026-10-06T08:00Z,Whitelee,whitelee,0,0
2026-10-06T08:00Z,connahsquay,connahsquay,0,0
2026-10-06T09:00Z,Beatrice,beatrice,220,0
2026-10-06T09:00Z,Burbo Bank Extension,burbo,5,0
2026-10-06T09:00Z,Carrington,carrington,415,0
2026-10-06T09:00Z,Clyde,clyde,10,0
2026-10-06T09:00Z,Cruachan,cruachan,0,0
2026-10-06T09:00Z,Didcot B,didcot,1385,0
2026-10-06T09:00Z,Dinorwig,dinorwig,0,0
2026-10-06T09:00Z,Dogger Bank A,doggerA,10,0
2026-10-06T09:00Z,Dogger Bank B,doggerB,10,0
2026-10-06T09:00Z,Drax,drax,2565,0
2026-10-06T09:00Z,East Anglia ONE,ea1,0,0
2026-10-06T09:00Z,Ffestiniog,ffestiniog,0,0
2026-10-06T09:00Z,Foyers,foyers,150,0
2026-10-06T09:00Z,Galloper,galloper,5,0
2026-10-06T09:00Z,Grain,grainpp,800,0
2026-10-06T09:00Z,Greater Gabbard,gabbard,0,0
2026-10-06T09:00Z,Gwynt y Môr,gym,30,0
2026-10-06T09:00Z,Hartlepool,hartlepool,580,0
2026-10-06T09:00Z,Heysham 1,heysham1,395,0
2026-10-06T09:00Z,Heysham 2,heysham2,545,0
2026-10-06T09:00Z,Hornsea One,hornsea1,50,0
2026-10-06T09:00Z,Hornsea Two,hornsea2,85,0
2026-10-06T09:00Z,Keadby 2,keadby2,770,0
2026-10-06T09:00Z,Moray East,morayeast,225,160
2026-10-06T09:00Z,Moray West,moraywest,345,115
2026-10-06T09:00Z,Neart na Gaoithe,nng,65,0
2026-10-06T09:00Z,Pembroke,pembroke,1740,0
2026-10-06T09:00Z,Pen y Cymoedd,penycymoedd,5,0
2026-10-06T09:00Z,Peterhead,peterhead,1145,0
2026-10-06T09:00Z,Race Bank,racebank,10,0
2026-10-06T09:00Z,Rampion,rampion,0,0
2026-10-06T09:00Z,Seagreen,seagreen,55,0
2026-10-06T09:00Z,Sizewell B,sizewellb,1190,0
2026-10-06T09:00Z,Staythorpe,staythorpe,835,0
2026-10-06T09:00Z,Torness,torness,1290,0
2026-10-06T09:00Z,Triton Knoll,triton,10,0
2026-10-06T09:00Z,Viking Link,viking,375,0
2026-10-06T09:00Z,Walney 1 & 2,walney,40,0
2026-10-06T09:00Z,Walney Extension,walneyx,105,0
2026-10-06T09:00Z,West Burton B,westburton,0,0
2026-10-06T09:00Z,Whitelee,whitelee,0,0
2026-10-06T09:00Z,connahsquay,connahsquay,0,0
2026-10-06T10:00Z,Beatrice,beatrice,180,0
2026-10-06T10:00Z,Burbo Bank Extension,burbo,5,0
2026-10-06T10:00Z,Carrington,carrington,410,0
2026-10-06T10:00Z,Clyde,clyde,10,0
2026-10-06T10:00Z,Cruachan,cruachan,0,0
2026-10-06T10:00Z,Didcot B,didcot,1370,0
2026-10-06T10:00Z,Dinorwig,dinorwig,0,0
2026-10-06T10:00Z,Dogger Bank A,doggerA,5,0
2026-10-06T10:00Z,Dogger Bank B,doggerB,10,0
2026-10-06T10:00Z,Drax,drax,2565,0
2026-10-06T10:00Z,East Anglia ONE,ea1,0,0
2026-10-06T10:00Z,Ffestiniog,ffestiniog,0,0
2026-10-06T10:00Z,Foyers,foyers,150,0
2026-10-06T10:00Z,Galloper,galloper,5,0
2026-10-06T10:00Z,Grain,grainpp,805,0
2026-10-06T10:00Z,Greater Gabbard,gabbard,0,0
2026-10-06T10:00Z,Gwynt y Môr,gym,40,0
2026-10-06T10:00Z,Hartlepool,hartlepool,580,0
2026-10-06T10:00Z,Heysham 1,heysham1,395,0
2026-10-06T10:00Z,Heysham 2,heysham2,545,0
2026-10-06T10:00Z,Hornsea One,hornsea1,45,0
2026-10-06T10:00Z,Hornsea Two,hornsea2,35,0
2026-10-06T10:00Z,Keadby 2,keadby2,770,0
2026-10-06T10:00Z,Moray East,morayeast,200,135
2026-10-06T10:00Z,Moray West,moraywest,290,145
2026-10-06T10:00Z,Neart na Gaoithe,nng,35,0
2026-10-06T10:00Z,Pembroke,pembroke,1695,0
2026-10-06T10:00Z,Pen y Cymoedd,penycymoedd,5,0
2026-10-06T10:00Z,Peterhead,peterhead,1145,0
2026-10-06T10:00Z,Race Bank,racebank,0,0
2026-10-06T10:00Z,Rampion,rampion,0,0
2026-10-06T10:00Z,Seagreen,seagreen,45,0
2026-10-06T10:00Z,Sizewell B,sizewellb,1190,0
2026-10-06T10:00Z,Staythorpe,staythorpe,835,0
2026-10-06T10:00Z,Torness,torness,1290,0
2026-10-06T10:00Z,Triton Knoll,triton,5,0
2026-10-06T10:00Z,Viking Link,viking,360,0
2026-10-06T10:00Z,Walney 1 & 2,walney,60,0
2026-10-06T10:00Z,Walney Extension,walneyx,145,0
2026-10-06T10:00Z,West Burton B,westburton,0,0
2026-10-06T10:00Z,Whitelee,whitelee,0,0
2026-10-06T10:00Z,connahsquay,connahsquay,0,0
2026-10-06T11:00Z,Beatrice,beatrice,195,0
2026-10-06T11:00Z,Burbo Bank Extension,burbo,5,0
2026-10-06T11:00Z,Carrington,carrington,410,0
2026-10-06T11:00Z,Clyde,clyde,10,0
2026-10-06T11:00Z,Cruachan,cruachan,0,0
2026-10-06T11:00Z,Didcot B,didcot,1360,0
2026-10-06T11:00Z,Dinorwig,dinorwig,0,0
2026-10-06T11:00Z,Dogger Bank A,doggerA,10,0
2026-10-06T11:00Z,Dogger Bank B,doggerB,5,0
2026-10-06T11:00Z,Drax,drax,2565,0
2026-10-06T11:00Z,East Anglia ONE,ea1,0,0
2026-10-06T11:00Z,Ffestiniog,ffestiniog,0,0
2026-10-06T11:00Z,Foyers,foyers,150,0
2026-10-06T11:00Z,Galloper,galloper,5,0
2026-10-06T11:00Z,Grain,grainpp,805,0
2026-10-06T11:00Z,Greater Gabbard,gabbard,0,0
2026-10-06T11:00Z,Gwynt y Môr,gym,40,0
2026-10-06T11:00Z,Hartlepool,hartlepool,580,0
2026-10-06T11:00Z,Heysham 1,heysham1,395,0
2026-10-06T11:00Z,Heysham 2,heysham2,545,0
2026-10-06T11:00Z,Hornsea One,hornsea1,20,0
2026-10-06T11:00Z,Hornsea Two,hornsea2,10,0
2026-10-06T11:00Z,Keadby 2,keadby2,770,0
2026-10-06T11:00Z,Moray East,morayeast,185,120
2026-10-06T11:00Z,Moray West,moraywest,260,125
2026-10-06T11:00Z,Neart na Gaoithe,nng,20,0
2026-10-06T11:00Z,Pembroke,pembroke,1695,0
2026-10-06T11:00Z,Pen y Cymoedd,penycymoedd,5,0
2026-10-06T11:00Z,Peterhead,peterhead,1065,0
2026-10-06T11:00Z,Race Bank,racebank,0,0
2026-10-06T11:00Z,Rampion,rampion,0,0
2026-10-06T11:00Z,Seagreen,seagreen,25,0
2026-10-06T11:00Z,Sizewell B,sizewellb,1190,0
2026-10-06T11:00Z,Staythorpe,staythorpe,830,0
2026-10-06T11:00Z,Torness,torness,1290,0
2026-10-06T11:00Z,Triton Knoll,triton,0,0
2026-10-06T11:00Z,Viking Link,viking,350,0
2026-10-06T11:00Z,Walney 1 & 2,walney,65,0
2026-10-06T11:00Z,Walney Extension,walneyx,145,0
2026-10-06T11:00Z,West Burton B,westburton,0,0
2026-10-06T11:00Z,Whitelee,whitelee,0,0
2026-10-06T11:00Z,connahsquay,connahsquay,0,0
2026-10-06T12:00Z,Beatrice,beatrice,170,0
2026-10-06T12:00Z,Burbo Bank Extension,burbo,5,0
2026-10-06T12:00Z,Carrington,carrington,410,0
2026-10-06T12:00Z,Clyde,clyde,10,0
2026-10-06T12:00Z,Cruachan,cruachan,0,0
2026-10-06T12:00Z,Didcot B,didcot,1155,0
2026-10-06T12:00Z,Dinorwig,dinorwig,0,0
2026-10-06T12:00Z,Dogger Bank A,doggerA,5,0
2026-10-06T12:00Z,Dogger Bank B,doggerB,0,0
2026-10-06T12:00Z,Drax,drax,2565,0
2026-10-06T12:00Z,East Anglia ONE,ea1,0,0
2026-10-06T12:00Z,Ffestiniog,ffestiniog,0,0
2026-10-06T12:00Z,Foyers,foyers,150,0
2026-10-06T12:00Z,Galloper,galloper,5,0
2026-10-06T12:00Z,Grain,grainpp,805,0
2026-10-06T12:00Z,Greater Gabbard,gabbard,0,0
2026-10-06T12:00Z,Gwynt y Môr,gym,30,0
2026-10-06T12:00Z,Hartlepool,hartlepool,580,0
2026-10-06T12:00Z,Heysham 1,heysham1,395,0
2026-10-06T12:00Z,Heysham 2,heysham2,545,0
2026-10-06T12:00Z,Hornsea One,hornsea1,5,0
2026-10-06T12:00Z,Hornsea Two,hornsea2,0,0
2026-10-06T12:00Z,Keadby 2,keadby2,770,0
2026-10-06T12:00Z,Moray East,morayeast,185,120
2026-10-06T12:00Z,Moray West,moraywest,245,115
2026-10-06T12:00Z,Neart na Gaoithe,nng,15,0
2026-10-06T12:00Z,Pembroke,pembroke,2050,0
2026-10-06T12:00Z,Pen y Cymoedd,penycymoedd,5,0
2026-10-06T12:00Z,Peterhead,peterhead,1020,0
2026-10-06T12:00Z,Race Bank,racebank,0,0
2026-10-06T12:00Z,Rampion,rampion,5,0
2026-10-06T12:00Z,Seagreen,seagreen,10,0
2026-10-06T12:00Z,Sizewell B,sizewellb,1190,0
2026-10-06T12:00Z,Staythorpe,staythorpe,635,0
2026-10-06T12:00Z,Torness,torness,1290,0
2026-10-06T12:00Z,Triton Knoll,triton,0,0
2026-10-06T12:00Z,Viking Link,viking,330,0
2026-10-06T12:00Z,Walney 1 & 2,walney,55,0
2026-10-06T12:00Z,Walney Extension,walneyx,125,0
2026-10-06T12:00Z,West Burton B,westburton,0,0
2026-10-06T12:00Z,Whitelee,whitelee,5,0
2026-10-06T12:00Z,connahsquay,connahsquay,50,0
2026-10-06T13:00Z,Beatrice,beatrice,160,0
2026-10-06T13:00Z,Burbo Bank Extension,burbo,10,0
2026-10-06T13:00Z,Carrington,carrington,410,0
2026-10-06T13:00Z,Clyde,clyde,15,0
2026-10-06T13:00Z,Cruachan,cruachan,0,0
2026-10-06T13:00Z,Didcot B,didcot,1330,0
2026-10-06T13:00Z,Dinorwig,dinorwig,0,0
2026-10-06T13:00Z,Dogger Bank A,doggerA,0,0
2026-10-06T13:00Z,Dogger Bank B,doggerB,0,0
2026-10-06T13:00Z,Drax,drax,2580,0
2026-10-06T13:00Z,East Anglia ONE,ea1,0,0
2026-10-06T13:00Z,Ffestiniog,ffestiniog,0,0
2026-10-06T13:00Z,Foyers,foyers,150,0
2026-10-06T13:00Z,Galloper,galloper,5,0
2026-10-06T13:00Z,Grain,grainpp,805,0
2026-10-06T13:00Z,Greater Gabbard,gabbard,0,0
2026-10-06T13:00Z,Gwynt y Môr,gym,25,0
2026-10-06T13:00Z,Hartlepool,hartlepool,580,0
2026-10-06T13:00Z,Heysham 1,heysham1,395,0
2026-10-06T13:00Z,Heysham 2,heysham2,545,0
2026-10-06T13:00Z,Hornsea One,hornsea1,0,0
2026-10-06T13:00Z,Hornsea Two,hornsea2,5,0
2026-10-06T13:00Z,Keadby 2,keadby2,770,0
2026-10-06T13:00Z,Moray East,morayeast,190,120
2026-10-06T13:00Z,Moray West,moraywest,225,100
2026-10-06T13:00Z,Neart na Gaoithe,nng,5,0
2026-10-06T13:00Z,Pembroke,pembroke,2095,0
2026-10-06T13:00Z,Pen y Cymoedd,penycymoedd,5,0
2026-10-06T13:00Z,Peterhead,peterhead,1140,0
2026-10-06T13:00Z,Race Bank,racebank,0,0
2026-10-06T13:00Z,Rampion,rampion,5,0
2026-10-06T13:00Z,Seagreen,seagreen,5,0
2026-10-06T13:00Z,Sizewell B,sizewellb,1190,0
2026-10-06T13:00Z,Staythorpe,staythorpe,800,0
2026-10-06T13:00Z,Torness,torness,1290,0
2026-10-06T13:00Z,Triton Knoll,triton,0,0
2026-10-06T13:00Z,Viking Link,viking,310,0
2026-10-06T13:00Z,Walney 1 & 2,walney,35,0
2026-10-06T13:00Z,Walney Extension,walneyx,120,0
2026-10-06T13:00Z,West Burton B,westburton,0,0
2026-10-06T13:00Z,Whitelee,whitelee,10,0
2026-10-06T13:00Z,connahsquay,connahsquay,380,0
2026-10-06T14:00Z,Beatrice,beatrice,230,0
2026-10-06T14:00Z,Burbo Bank Extension,burbo,5,0
2026-10-06T14:00Z,Carrington,carrington,410,0
2026-10-06T14:00Z,Clyde,clyde,15,0
2026-10-06T14:00Z,Cruachan,cruachan,0,0
2026-10-06T14:00Z,Didcot B,didcot,1340,0
2026-10-06T14:00Z,Dinorwig,dinorwig,0,0
2026-10-06T14:00Z,Dogger Bank A,doggerA,0,0
2026-10-06T14:00Z,Dogger Bank B,doggerB,0,0
2026-10-06T14:00Z,Drax,drax,2580,0
2026-10-06T14:00Z,East Anglia ONE,ea1,0,0
2026-10-06T14:00Z,Ffestiniog,ffestiniog,0,0
2026-10-06T14:00Z,Foyers,foyers,150,0
2026-10-06T14:00Z,Galloper,galloper,5,0
2026-10-06T14:00Z,Grain,grainpp,805,0
2026-10-06T14:00Z,Greater Gabbard,gabbard,0,0
2026-10-06T14:00Z,Gwynt y Môr,gym,20,0
2026-10-06T14:00Z,Hartlepool,hartlepool,580,0
2026-10-06T14:00Z,Heysham 1,heysham1,395,0
2026-10-06T14:00Z,Heysham 2,heysham2,545,0
2026-10-06T14:00Z,Hornsea One,hornsea1,0,0
2026-10-06T14:00Z,Hornsea Two,hornsea2,10,0
2026-10-06T14:00Z,Keadby 2,keadby2,770,0
2026-10-06T14:00Z,Moray East,morayeast,185,120
2026-10-06T14:00Z,Moray West,moraywest,205,85
2026-10-06T14:00Z,Neart na Gaoithe,nng,5,0
2026-10-06T14:00Z,Pembroke,pembroke,2100,0
2026-10-06T14:00Z,Pen y Cymoedd,penycymoedd,5,0
2026-10-06T14:00Z,Peterhead,peterhead,1145,0
2026-10-06T14:00Z,Race Bank,racebank,0,0
2026-10-06T14:00Z,Rampion,rampion,5,0
2026-10-06T14:00Z,Seagreen,seagreen,0,0
2026-10-06T14:00Z,Sizewell B,sizewellb,1190,0
2026-10-06T14:00Z,Staythorpe,staythorpe,850,0
2026-10-06T14:00Z,Torness,torness,1290,0
2026-10-06T14:00Z,Triton Knoll,triton,0,0
2026-10-06T14:00Z,Viking Link,viking,290,0
2026-10-06T14:00Z,Walney 1 & 2,walney,30,0
2026-10-06T14:00Z,Walney Extension,walneyx,110,0
2026-10-06T14:00Z,West Burton B,westburton,1135,0
2026-10-06T14:00Z,Whitelee,whitelee,10,0
2026-10-06T14:00Z,connahsquay,connahsquay,950,0
2026-10-06T15:00Z,Beatrice,beatrice,115,0
2026-10-06T15:00Z,Burbo Bank Extension,burbo,5,0
2026-10-06T15:00Z,Carrington,carrington,425,0
2026-10-06T15:00Z,Clyde,clyde,15,0
2026-10-06T15:00Z,Cruachan,cruachan,60,0
2026-10-06T15:00Z,Didcot B,didcot,1340,0
2026-10-06T15:00Z,Dinorwig,dinorwig,670,0
2026-10-06T15:00Z,Dogger Bank A,doggerA,0,0
2026-10-06T15:00Z,Dogger Bank B,doggerB,0,0
2026-10-06T15:00Z,Drax,drax,2580,0
2026-10-06T15:00Z,East Anglia ONE,ea1,0,0
2026-10-06T15:00Z,Ffestiniog,ffestiniog,135,0
2026-10-06T15:00Z,Foyers,foyers,190,0
2026-10-06T15:00Z,Galloper,galloper,5,0
2026-10-06T15:00Z,Grain,grainpp,805,0
2026-10-06T15:00Z,Greater Gabbard,gabbard,0,0
2026-10-06T15:00Z,Gwynt y Môr,gym,20,0
2026-10-06T15:00Z,Hartlepool,hartlepool,580,0
2026-10-06T15:00Z,Heysham 1,heysham1,395,0
2026-10-06T15:00Z,Heysham 2,heysham2,545,0
2026-10-06T15:00Z,Hornsea One,hornsea1,0,0
2026-10-06T15:00Z,Hornsea Two,hornsea2,5,0
2026-10-06T15:00Z,Keadby 2,keadby2,770,0
2026-10-06T15:00Z,Moray East,morayeast,175,110
2026-10-06T15:00Z,Moray West,moraywest,180,70
2026-10-06T15:00Z,Neart na Gaoithe,nng,5,0
2026-10-06T15:00Z,Pembroke,pembroke,2100,0
2026-10-06T15:00Z,Pen y Cymoedd,penycymoedd,5,0
2026-10-06T15:00Z,Peterhead,peterhead,1145,0
2026-10-06T15:00Z,Race Bank,racebank,0,0
2026-10-06T15:00Z,Rampion,rampion,10,0
2026-10-06T15:00Z,Seagreen,seagreen,0,0
2026-10-06T15:00Z,Sizewell B,sizewellb,1190,0
2026-10-06T15:00Z,Staythorpe,staythorpe,960,0
2026-10-06T15:00Z,Torness,torness,1290,0
2026-10-06T15:00Z,Triton Knoll,triton,0,0
2026-10-06T15:00Z,Viking Link,viking,280,0
2026-10-06T15:00Z,Walney 1 & 2,walney,40,0
2026-10-06T15:00Z,Walney Extension,walneyx,110,0
2026-10-06T15:00Z,West Burton B,westburton,1190,0
2026-10-06T15:00Z,Whitelee,whitelee,10,0
2026-10-06T15:00Z,connahsquay,connahsquay,990,0
2026-10-06T16:00Z,Beatrice,beatrice,90,10
2026-10-06T16:00Z,Burbo Bank Extension,burbo,5,0
2026-10-06T16:00Z,Carrington,carrington,430,0
2026-10-06T16:00Z,Clyde,clyde,15,0
2026-10-06T16:00Z,Cruachan,cruachan,120,0
2026-10-06T16:00Z,Didcot B,didcot,1340,0
2026-10-06T16:00Z,Dinorwig,dinorwig,900,0
2026-10-06T16:00Z,Dogger Bank A,doggerA,0,0
2026-10-06T16:00Z,Dogger Bank B,doggerB,0,0
2026-10-06T16:00Z,Drax,drax,2580,0
2026-10-06T16:00Z,East Anglia ONE,ea1,0,0
2026-10-06T16:00Z,Ffestiniog,ffestiniog,270,0
2026-10-06T16:00Z,Foyers,foyers,150,0
2026-10-06T16:00Z,Galloper,galloper,5,0
2026-10-06T16:00Z,Grain,grainpp,805,0
2026-10-06T16:00Z,Greater Gabbard,gabbard,0,0
2026-10-06T16:00Z,Gwynt y Môr,gym,30,0
2026-10-06T16:00Z,Hartlepool,hartlepool,580,0
2026-10-06T16:00Z,Heysham 1,heysham1,395,0
2026-10-06T16:00Z,Heysham 2,heysham2,545,0
2026-10-06T16:00Z,Hornsea One,hornsea1,0,0
2026-10-06T16:00Z,Hornsea Two,hornsea2,15,0
2026-10-06T16:00Z,Keadby 2,keadby2,785,0
2026-10-06T16:00Z,Moray East,morayeast,165,95
2026-10-06T16:00Z,Moray West,moraywest,165,45
2026-10-06T16:00Z,Neart na Gaoithe,nng,5,0
2026-10-06T16:00Z,Pembroke,pembroke,2105,0
2026-10-06T16:00Z,Pen y Cymoedd,penycymoedd,5,0
2026-10-06T16:00Z,Peterhead,peterhead,1150,0
2026-10-06T16:00Z,Race Bank,racebank,0,0
2026-10-06T16:00Z,Rampion,rampion,15,0
2026-10-06T16:00Z,Seagreen,seagreen,5,0
2026-10-06T16:00Z,Sizewell B,sizewellb,1190,0
2026-10-06T16:00Z,Staythorpe,staythorpe,1080,0
2026-10-06T16:00Z,Torness,torness,1290,0
2026-10-06T16:00Z,Triton Knoll,triton,0,0
2026-10-06T16:00Z,Viking Link,viking,240,0
2026-10-06T16:00Z,Walney 1 & 2,walney,60,0
2026-10-06T16:00Z,Walney Extension,walneyx,150,0
2026-10-06T16:00Z,West Burton B,westburton,1200,0
2026-10-06T16:00Z,Whitelee,whitelee,10,0
2026-10-06T16:00Z,connahsquay,connahsquay,990,0
2026-10-06T17:00Z,Beatrice,beatrice,85,0
2026-10-06T17:00Z,Burbo Bank Extension,burbo,10,0
2026-10-06T17:00Z,Carrington,carrington,430,0
2026-10-06T17:00Z,Clyde,clyde,20,0
2026-10-06T17:00Z,Cruachan,cruachan,240,0
2026-10-06T17:00Z,Didcot B,didcot,1350,0
2026-10-06T17:00Z,Dinorwig,dinorwig,900,0
2026-10-06T17:00Z,Dogger Bank A,doggerA,5,0
2026-10-06T17:00Z,Dogger Bank B,doggerB,0,0
2026-10-06T17:00Z,Drax,drax,2565,0
2026-10-06T17:00Z,East Anglia ONE,ea1,0,0
2026-10-06T17:00Z,Ffestiniog,ffestiniog,270,0
2026-10-06T17:00Z,Foyers,foyers,295,0
2026-10-06T17:00Z,Galloper,galloper,5,0
2026-10-06T17:00Z,Grain,grainpp,805,0
2026-10-06T17:00Z,Greater Gabbard,gabbard,0,0
2026-10-06T17:00Z,Gwynt y Môr,gym,40,0
2026-10-06T17:00Z,Hartlepool,hartlepool,580,0
2026-10-06T17:00Z,Heysham 1,heysham1,395,0
2026-10-06T17:00Z,Heysham 2,heysham2,545,0
2026-10-06T17:00Z,Hornsea One,hornsea1,5,0
2026-10-06T17:00Z,Hornsea Two,hornsea2,15,0
2026-10-06T17:00Z,Keadby 2,keadby2,785,0
2026-10-06T17:00Z,Moray East,morayeast,155,90
2026-10-06T17:00Z,Moray West,moraywest,180,0
2026-10-06T17:00Z,Neart na Gaoithe,nng,15,0
2026-10-06T17:00Z,Pembroke,pembroke,2110,0
2026-10-06T17:00Z,Pen y Cymoedd,penycymoedd,5,0
2026-10-06T17:00Z,Peterhead,peterhead,1150,0
2026-10-06T17:00Z,Race Bank,racebank,5,0
2026-10-06T17:00Z,Rampion,rampion,20,0
2026-10-06T17:00Z,Seagreen,seagreen,10,0
2026-10-06T17:00Z,Sizewell B,sizewellb,1190,0
2026-10-06T17:00Z,Staythorpe,staythorpe,1090,0
2026-10-06T17:00Z,Torness,torness,1290,0
2026-10-06T17:00Z,Triton Knoll,triton,5,0
2026-10-06T17:00Z,Viking Link,viking,180,0
2026-10-06T17:00Z,Walney 1 & 2,walney,85,0
2026-10-06T17:00Z,Walney Extension,walneyx,175,0
2026-10-06T17:00Z,West Burton B,westburton,1200,0
2026-10-06T17:00Z,Whitelee,whitelee,15,0
2026-10-06T17:00Z,connahsquay,connahsquay,995,0
2026-10-06T18:00Z,Beatrice,beatrice,65,0
2026-10-06T18:00Z,Burbo Bank Extension,burbo,25,0
2026-10-06T18:00Z,Carrington,carrington,430,0
2026-10-06T18:00Z,Clyde,clyde,20,0
2026-10-06T18:00Z,Cruachan,cruachan,120,0
2026-10-06T18:00Z,Didcot B,didcot,1360,0
2026-10-06T18:00Z,Dinorwig,dinorwig,900,0
2026-10-06T18:00Z,Dogger Bank A,doggerA,10,0
2026-10-06T18:00Z,Dogger Bank B,doggerB,0,0
2026-10-06T18:00Z,Drax,drax,2565,0
2026-10-06T18:00Z,East Anglia ONE,ea1,0,0
2026-10-06T18:00Z,Ffestiniog,ffestiniog,270,0
2026-10-06T18:00Z,Foyers,foyers,300,0
2026-10-06T18:00Z,Galloper,galloper,5,0
2026-10-06T18:00Z,Grain,grainpp,805,0
2026-10-06T18:00Z,Greater Gabbard,gabbard,0,0
2026-10-06T18:00Z,Gwynt y Môr,gym,70,0
2026-10-06T18:00Z,Hartlepool,hartlepool,580,0
2026-10-06T18:00Z,Heysham 1,heysham1,395,0
2026-10-06T18:00Z,Heysham 2,heysham2,545,0
2026-10-06T18:00Z,Hornsea One,hornsea1,5,0
2026-10-06T18:00Z,Hornsea Two,hornsea2,15,0
2026-10-06T18:00Z,Keadby 2,keadby2,785,0
2026-10-06T18:00Z,Moray East,morayeast,140,75
2026-10-06T18:00Z,Moray West,moraywest,145,0
2026-10-06T18:00Z,Neart na Gaoithe,nng,35,0
2026-10-06T18:00Z,Pembroke,pembroke,2115,0
2026-10-06T18:00Z,Pen y Cymoedd,penycymoedd,5,0
2026-10-06T18:00Z,Peterhead,peterhead,1150,0
2026-10-06T18:00Z,Race Bank,racebank,5,0
2026-10-06T18:00Z,Rampion,rampion,35,0
2026-10-06T18:00Z,Seagreen,seagreen,25,0
2026-10-06T18:00Z,Sizewell B,sizewellb,1190,0
2026-10-06T18:00Z,Staythorpe,staythorpe,1105,0
2026-10-06T18:00Z,Torness,torness,1290,0
2026-10-06T18:00Z,Triton Knoll,triton,5,0
2026-10-06T18:00Z,Viking Link,viking,150,0
2026-10-06T18:00Z,Walney 1 & 2,walney,105,0
2026-10-06T18:00Z,Walney Extension,walneyx,180,0
2026-10-06T18:00Z,West Burton B,westburton,1205,0
2026-10-06T18:00Z,Whitelee,whitelee,10,0
2026-10-06T18:00Z,connahsquay,connahsquay,990,0
2026-10-06T19:00Z,Beatrice,beatrice,70,0
2026-10-06T19:00Z,Burbo Bank Extension,burbo,40,0
2026-10-06T19:00Z,Carrington,carrington,430,0
2026-10-06T19:00Z,Clyde,clyde,20,0
2026-10-06T19:00Z,Cruachan,cruachan,180,0
2026-10-06T19:00Z,Didcot B,didcot,1365,0
2026-10-06T19:00Z,Dinorwig,dinorwig,750,0
2026-10-06T19:00Z,Dogger Bank A,doggerA,10,0
2026-10-06T19:00Z,Dogger Bank B,doggerB,0,0
2026-10-06T19:00Z,Drax,drax,2555,0
2026-10-06T19:00Z,East Anglia ONE,ea1,0,0
2026-10-06T19:00Z,Ffestiniog,ffestiniog,135,0
2026-10-06T19:00Z,Foyers,foyers,300,0
2026-10-06T19:00Z,Galloper,galloper,5,0
2026-10-06T19:00Z,Grain,grainpp,805,0
2026-10-06T19:00Z,Greater Gabbard,gabbard,0,0
2026-10-06T19:00Z,Gwynt y Môr,gym,95,0
2026-10-06T19:00Z,Hartlepool,hartlepool,580,0
2026-10-06T19:00Z,Heysham 1,heysham1,395,0
2026-10-06T19:00Z,Heysham 2,heysham2,545,0
2026-10-06T19:00Z,Hornsea One,hornsea1,5,0
2026-10-06T19:00Z,Hornsea Two,hornsea2,10,0
2026-10-06T19:00Z,Keadby 2,keadby2,790,0
2026-10-06T19:00Z,Moray East,morayeast,120,50
2026-10-06T19:00Z,Moray West,moraywest,130,0
2026-10-06T19:00Z,Neart na Gaoithe,nng,50,0
2026-10-06T19:00Z,Pembroke,pembroke,2120,0
2026-10-06T19:00Z,Pen y Cymoedd,penycymoedd,5,0
2026-10-06T19:00Z,Peterhead,peterhead,1155,0
2026-10-06T19:00Z,Race Bank,racebank,10,0
2026-10-06T19:00Z,Rampion,rampion,55,0
2026-10-06T19:00Z,Seagreen,seagreen,30,0
2026-10-06T19:00Z,Sizewell B,sizewellb,1190,0
2026-10-06T19:00Z,Staythorpe,staythorpe,1110,0
2026-10-06T19:00Z,Torness,torness,1290,0
2026-10-06T19:00Z,Triton Knoll,triton,5,0
2026-10-06T19:00Z,Viking Link,viking,125,0
2026-10-06T19:00Z,Walney 1 & 2,walney,85,0
2026-10-06T19:00Z,Walney Extension,walneyx,160,0
2026-10-06T19:00Z,West Burton B,westburton,1210,0
2026-10-06T19:00Z,Whitelee,whitelee,5,0
2026-10-06T19:00Z,connahsquay,connahsquay,980,0
2026-10-06T20:00Z,Beatrice,beatrice,85,0
2026-10-06T20:00Z,Burbo Bank Extension,burbo,35,0
2026-10-06T20:00Z,Carrington,carrington,430,0
2026-10-06T20:00Z,Clyde,clyde,15,0
2026-10-06T20:00Z,Cruachan,cruachan,120,0
2026-10-06T20:00Z,Didcot B,didcot,1370,0
2026-10-06T20:00Z,Dinorwig,dinorwig,155,0
2026-10-06T20:00Z,Dogger Bank A,doggerA,10,0
2026-10-06T20:00Z,Dogger Bank B,doggerB,5,0
2026-10-06T20:00Z,Drax,drax,2540,0
2026-10-06T20:00Z,East Anglia ONE,ea1,0,0
2026-10-06T20:00Z,Ffestiniog,ffestiniog,45,0
2026-10-06T20:00Z,Foyers,foyers,300,0
2026-10-06T20:00Z,Galloper,galloper,5,0
2026-10-06T20:00Z,Grain,grainpp,805,0
2026-10-06T20:00Z,Greater Gabbard,gabbard,0,0
2026-10-06T20:00Z,Gwynt y Môr,gym,115,0
2026-10-06T20:00Z,Hartlepool,hartlepool,580,0
2026-10-06T20:00Z,Heysham 1,heysham1,395,0
2026-10-06T20:00Z,Heysham 2,heysham2,545,0
2026-10-06T20:00Z,Hornsea One,hornsea1,10,0
2026-10-06T20:00Z,Hornsea Two,hornsea2,30,0
2026-10-06T20:00Z,Keadby 2,keadby2,795,0
2026-10-06T20:00Z,Moray East,morayeast,115,20
2026-10-06T20:00Z,Moray West,moraywest,130,0
2026-10-06T20:00Z,Neart na Gaoithe,nng,50,0
2026-10-06T20:00Z,Pembroke,pembroke,2120,0
2026-10-06T20:00Z,Pen y Cymoedd,penycymoedd,5,0
2026-10-06T20:00Z,Peterhead,peterhead,1155,0
2026-10-06T20:00Z,Race Bank,racebank,10,0
2026-10-06T20:00Z,Rampion,rampion,80,0
2026-10-06T20:00Z,Seagreen,seagreen,40,0
2026-10-06T20:00Z,Sizewell B,sizewellb,1190,0
2026-10-06T20:00Z,Staythorpe,staythorpe,1110,0
2026-10-06T20:00Z,Torness,torness,1290,0
2026-10-06T20:00Z,Triton Knoll,triton,5,0
2026-10-06T20:00Z,Viking Link,viking,105,0
2026-10-06T20:00Z,Walney 1 & 2,walney,85,0
2026-10-06T20:00Z,Walney Extension,walneyx,180,0
2026-10-06T20:00Z,West Burton B,westburton,1220,0
2026-10-06T20:00Z,Whitelee,whitelee,10,0
2026-10-06T20:00Z,connahsquay,connahsquay,980,0
2026-10-06T21:00Z,Beatrice,beatrice,90,0
2026-10-06T21:00Z,Burbo Bank Extension,burbo,45,0
2026-10-06T21:00Z,Carrington,carrington,420,0
2026-10-06T21:00Z,Clyde,clyde,15,0
2026-10-06T21:00Z,Cruachan,cruachan,0,0
2026-10-06T21:00Z,Didcot B,didcot,1375,0
2026-10-06T21:00Z,Dinorwig,dinorwig,0,0
2026-10-06T21:00Z,Dogger Bank A,doggerA,15,0
2026-10-06T21:00Z,Dogger Bank B,doggerB,5,0
2026-10-06T21:00Z,Drax,drax,2520,0
2026-10-06T21:00Z,East Anglia ONE,ea1,10,0
2026-10-06T21:00Z,Ffestiniog,ffestiniog,0,0
2026-10-06T21:00Z,Foyers,foyers,300,0
2026-10-06T21:00Z,Galloper,galloper,5,0
2026-10-06T21:00Z,Grain,grainpp,805,0
2026-10-06T21:00Z,Greater Gabbard,gabbard,5,0
2026-10-06T21:00Z,Gwynt y Môr,gym,130,0
2026-10-06T21:00Z,Hartlepool,hartlepool,580,0
2026-10-06T21:00Z,Heysham 1,heysham1,395,0
2026-10-06T21:00Z,Heysham 2,heysham2,545,0
2026-10-06T21:00Z,Hornsea One,hornsea1,20,0
2026-10-06T21:00Z,Hornsea Two,hornsea2,50,0
2026-10-06T21:00Z,Keadby 2,keadby2,795,0
2026-10-06T21:00Z,Moray East,morayeast,110,0
2026-10-06T21:00Z,Moray West,moraywest,120,0
2026-10-06T21:00Z,Neart na Gaoithe,nng,60,0
2026-10-06T21:00Z,Pembroke,pembroke,2120,0
2026-10-06T21:00Z,Pen y Cymoedd,penycymoedd,5,0
2026-10-06T21:00Z,Peterhead,peterhead,1160,0
2026-10-06T21:00Z,Race Bank,racebank,20,0
2026-10-06T21:00Z,Rampion,rampion,80,0
2026-10-06T21:00Z,Seagreen,seagreen,55,0
2026-10-06T21:00Z,Sizewell B,sizewellb,1190,0
2026-10-06T21:00Z,Staythorpe,staythorpe,1110,0
2026-10-06T21:00Z,Torness,torness,1290,0
2026-10-06T21:00Z,Triton Knoll,triton,10,0
2026-10-06T21:00Z,Viking Link,viking,100,0
2026-10-06T21:00Z,Walney 1 & 2,walney,80,0
2026-10-06T21:00Z,Walney Extension,walneyx,185,0
2026-10-06T21:00Z,West Burton B,westburton,1225,0
2026-10-06T21:00Z,Whitelee,whitelee,10,0
2026-10-06T21:00Z,connahsquay,connahsquay,985,0
2026-10-06T22:00Z,Beatrice,beatrice,85,0
2026-10-06T22:00Z,Burbo Bank Extension,burbo,50,0
2026-10-06T22:00Z,Carrington,carrington,415,0
2026-10-06T22:00Z,Clyde,clyde,15,0
2026-10-06T22:00Z,Cruachan,cruachan,0,0
2026-10-06T22:00Z,Didcot B,didcot,1375,0
2026-10-06T22:00Z,Dinorwig,dinorwig,0,0
2026-10-06T22:00Z,Dogger Bank A,doggerA,20,0
2026-10-06T22:00Z,Dogger Bank B,doggerB,10,0
2026-10-06T22:00Z,Drax,drax,2570,0
2026-10-06T22:00Z,East Anglia ONE,ea1,10,0
2026-10-06T22:00Z,Ffestiniog,ffestiniog,0,0
2026-10-06T22:00Z,Foyers,foyers,225,0
2026-10-06T22:00Z,Galloper,galloper,10,0
2026-10-06T22:00Z,Grain,grainpp,805,0
2026-10-06T22:00Z,Greater Gabbard,gabbard,10,0
2026-10-06T22:00Z,Gwynt y Môr,gym,155,0
2026-10-06T22:00Z,Hartlepool,hartlepool,580,0
2026-10-06T22:00Z,Heysham 1,heysham1,395,0
2026-10-06T22:00Z,Heysham 2,heysham2,545,0
2026-10-06T22:00Z,Hornsea One,hornsea1,25,0
2026-10-06T22:00Z,Hornsea Two,hornsea2,40,0
2026-10-06T22:00Z,Keadby 2,keadby2,795,0
2026-10-06T22:00Z,Moray East,morayeast,130,0
2026-10-06T22:00Z,Moray West,moraywest,135,0
2026-10-06T22:00Z,Neart na Gaoithe,nng,65,0
2026-10-06T22:00Z,Pembroke,pembroke,2125,0
2026-10-06T22:00Z,Pen y Cymoedd,penycymoedd,5,0
2026-10-06T22:00Z,Peterhead,peterhead,1160,0
2026-10-06T22:00Z,Race Bank,racebank,20,0
2026-10-06T22:00Z,Rampion,rampion,75,0
2026-10-06T22:00Z,Seagreen,seagreen,50,0
2026-10-06T22:00Z,Sizewell B,sizewellb,1190,0
2026-10-06T22:00Z,Staythorpe,staythorpe,875,0
2026-10-06T22:00Z,Torness,torness,1290,0
2026-10-06T22:00Z,Triton Knoll,triton,15,0
2026-10-06T22:00Z,Viking Link,viking,95,0
2026-10-06T22:00Z,Walney 1 & 2,walney,90,0
2026-10-06T22:00Z,Walney Extension,walneyx,185,0
2026-10-06T22:00Z,West Burton B,westburton,1225,0
2026-10-06T22:00Z,Whitelee,whitelee,10,0
2026-10-06T22:00Z,connahsquay,connahsquay,650,0
2026-10-06T23:00Z,Beatrice,beatrice,100,0
2026-10-06T23:00Z,Burbo Bank Extension,burbo,70,0
2026-10-06T23:00Z,Carrington,carrington,415,0
2026-10-06T23:00Z,Clyde,clyde,15,0
2026-10-06T23:00Z,Cruachan,cruachan,0,0
2026-10-06T23:00Z,Didcot B,didcot,1380,0
2026-10-06T23:00Z,Dinorwig,dinorwig,0,0
2026-10-06T23:00Z,Dogger Bank A,doggerA,30,0
2026-10-06T23:00Z,Dogger Bank B,doggerB,10,0
2026-10-06T23:00Z,Drax,drax,2580,0
2026-10-06T23:00Z,East Anglia ONE,ea1,35,0
2026-10-06T23:00Z,Ffestiniog,ffestiniog,0,0
2026-10-06T23:00Z,Foyers,foyers,150,0
2026-10-06T23:00Z,Galloper,galloper,20,0
2026-10-06T23:00Z,Grain,grainpp,805,0
2026-10-06T23:00Z,Greater Gabbard,gabbard,15,0
2026-10-06T23:00Z,Gwynt y Môr,gym,180,0
2026-10-06T23:00Z,Hartlepool,hartlepool,580,0
2026-10-06T23:00Z,Heysham 1,heysham1,395,0
2026-10-06T23:00Z,Heysham 2,heysham2,545,0
2026-10-06T23:00Z,Hornsea One,hornsea1,30,0
2026-10-06T23:00Z,Hornsea Two,hornsea2,40,0
2026-10-06T23:00Z,Keadby 2,keadby2,795,0
2026-10-06T23:00Z,Moray East,morayeast,130,0
2026-10-06T23:00Z,Moray West,moraywest,150,0
2026-10-06T23:00Z,Neart na Gaoithe,nng,45,0
2026-10-06T23:00Z,Pembroke,pembroke,2125,0
2026-10-06T23:00Z,Pen y Cymoedd,penycymoedd,5,0
2026-10-06T23:00Z,Peterhead,peterhead,1160,0
2026-10-06T23:00Z,Race Bank,racebank,20,0
2026-10-06T23:00Z,Rampion,rampion,65,0
2026-10-06T23:00Z,Seagreen,seagreen,35,0
2026-10-06T23:00Z,Sizewell B,sizewellb,1190,0
2026-10-06T23:00Z,Staythorpe,staythorpe,840,0
2026-10-06T23:00Z,Torness,torness,1290,0
2026-10-06T23:00Z,Triton Knoll,triton,15,0
2026-10-06T23:00Z,Viking Link,viking,100,0
2026-10-06T23:00Z,Walney 1 & 2,walney,110,0
2026-10-06T23:00Z,Walney Extension,walneyx,215,0
2026-10-06T23:00Z,West Burton B,westburton,1225,0
2026-10-06T23:00Z,Whitelee,whitelee,10,0
2026-10-06T23:00Z,connahsquay,connahsquay,335,0
2026-10-07T00:00Z,Beatrice,beatrice,110,0
2026-10-07T00:00Z,Burbo Bank Extension,burbo,105,0
2026-10-07T00:00Z,Carrington,carrington,415,0
2026-10-07T00:00Z,Clyde,clyde,15,0
2026-10-07T00:00Z,Cruachan,cruachan,0,0
2026-10-07T00:00Z,Didcot B,didcot,1380,0
2026-10-07T00:00Z,Dinorwig,dinorwig,0,0
2026-10-07T00:00Z,Dogger Bank A,doggerA,30,0
2026-10-07T00:00Z,Dogger Bank B,doggerB,10,0
2026-10-07T00:00Z,Drax,drax,2520,0
2026-10-07T00:00Z,East Anglia ONE,ea1,60,0
2026-10-07T00:00Z,Ffestiniog,ffestiniog,0,0
2026-10-07T00:00Z,Foyers,foyers,75,0
2026-10-07T00:00Z,Galloper,galloper,20,0
2026-10-07T00:00Z,Grain,grainpp,805,0
2026-10-07T00:00Z,Greater Gabbard,gabbard,15,0
2026-10-07T00:00Z,Gwynt y Môr,gym,215,0
2026-10-07T00:00Z,Hartlepool,hartlepool,580,0
2026-10-07T00:00Z,Heysham 1,heysham1,395,0
2026-10-07T00:00Z,Heysham 2,heysham2,545,0
2026-10-07T00:00Z,Hornsea One,hornsea1,40,0
2026-10-07T00:00Z,Hornsea Two,hornsea2,50,0
2026-10-07T00:00Z,Keadby 2,keadby2,795,0
2026-10-07T00:00Z,Moray East,morayeast,150,20
2026-10-07T00:00Z,Moray West,moraywest,175,0
2026-10-07T00:00Z,Neart na Gaoithe,nng,40,0
2026-10-07T00:00Z,Pembroke,pembroke,2125,0
2026-10-07T00:00Z,Pen y Cymoedd,penycymoedd,0,0
2026-10-07T00:00Z,Peterhead,peterhead,1160,0
2026-10-07T00:00Z,Race Bank,racebank,20,0
2026-10-07T00:00Z,Rampion,rampion,55,0
2026-10-07T00:00Z,Seagreen,seagreen,30,0
2026-10-07T00:00Z,Sizewell B,sizewellb,1190,0
2026-10-07T00:00Z,Staythorpe,staythorpe,840,0
2026-10-07T00:00Z,Torness,torness,1290,0
2026-10-07T00:00Z,Triton Knoll,triton,15,0
2026-10-07T00:00Z,Viking Link,viking,85,0
2026-10-07T00:00Z,Walney 1 & 2,walney,130,0
2026-10-07T00:00Z,Walney Extension,walneyx,225,0
2026-10-07T00:00Z,West Burton B,westburton,1225,0
2026-10-07T00:00Z,Whitelee,whitelee,10,0
2026-10-07T00:00Z,connahsquay,connahsquay,335,0
2026-10-07T01:00Z,Beatrice,beatrice,110,0
2026-10-07T01:00Z,Burbo Bank Extension,burbo,135,0
2026-10-07T01:00Z,Carrington,carrington,415,0
2026-10-07T01:00Z,Clyde,clyde,15,0
2026-10-07T01:00Z,Cruachan,cruachan,0,0
2026-10-07T01:00Z,Didcot B,didcot,1385,0
2026-10-07T01:00Z,Dinorwig,dinorwig,0,0
2026-10-07T01:00Z,Dogger Bank A,doggerA,30,0
2026-10-07T01:00Z,Dogger Bank B,doggerB,10,0
2026-10-07T01:00Z,Drax,drax,2520,0
2026-10-07T01:00Z,East Anglia ONE,ea1,50,0
2026-10-07T01:00Z,Ffestiniog,ffestiniog,0,0
2026-10-07T01:00Z,Foyers,foyers,0,0
2026-10-07T01:00Z,Galloper,galloper,20,0
2026-10-07T01:00Z,Grain,grainpp,805,0
2026-10-07T01:00Z,Greater Gabbard,gabbard,15,0
2026-10-07T01:00Z,Gwynt y Môr,gym,220,0
2026-10-07T01:00Z,Hartlepool,hartlepool,580,0
2026-10-07T01:00Z,Heysham 1,heysham1,395,0
2026-10-07T01:00Z,Heysham 2,heysham2,545,0
2026-10-07T01:00Z,Hornsea One,hornsea1,50,0
2026-10-07T01:00Z,Hornsea Two,hornsea2,50,0
2026-10-07T01:00Z,Keadby 2,keadby2,795,0
2026-10-07T01:00Z,Moray East,morayeast,160,0
2026-10-07T01:00Z,Moray West,moraywest,205,0
2026-10-07T01:00Z,Neart na Gaoithe,nng,45,0
2026-10-07T01:00Z,Pembroke,pembroke,2130,0
2026-10-07T01:00Z,Pen y Cymoedd,penycymoedd,5,0
2026-10-07T01:00Z,Peterhead,peterhead,1160,0
2026-10-07T01:00Z,Race Bank,racebank,10,0
2026-10-07T01:00Z,Rampion,rampion,50,0
2026-10-07T01:00Z,Seagreen,seagreen,35,0
2026-10-07T01:00Z,Sizewell B,sizewellb,1190,0
2026-10-07T01:00Z,Staythorpe,staythorpe,850,0
2026-10-07T01:00Z,Torness,torness,1290,0
2026-10-07T01:00Z,Triton Knoll,triton,15,0
2026-10-07T01:00Z,Viking Link,viking,80,0
2026-10-07T01:00Z,Walney 1 & 2,walney,135,0
2026-10-07T01:00Z,Walney Extension,walneyx,260,0
2026-10-07T01:00Z,West Burton B,westburton,1225,0
2026-10-07T01:00Z,Whitelee,whitelee,10,0
2026-10-07T01:00Z,connahsquay,connahsquay,335,0
2026-10-07T02:00Z,Beatrice,beatrice,130,0
2026-10-07T02:00Z,Burbo Bank Extension,burbo,145,0
2026-10-07T02:00Z,Carrington,carrington,415,0
2026-10-07T02:00Z,Clyde,clyde,20,0
2026-10-07T02:00Z,Cruachan,cruachan,0,0
2026-10-07T02:00Z,Didcot B,didcot,1385,0
2026-10-07T02:00Z,Dinorwig,dinorwig,0,0
2026-10-07T02:00Z,Dogger Bank A,doggerA,35,0
2026-10-07T02:00Z,Dogger Bank B,doggerB,20,0
2026-10-07T02:00Z,Drax,drax,2520,0
2026-10-07T02:00Z,East Anglia ONE,ea1,45,0
2026-10-07T02:00Z,Ffestiniog,ffestiniog,0,0
2026-10-07T02:00Z,Foyers,foyers,0,0
2026-10-07T02:00Z,Galloper,galloper,10,0
2026-10-07T02:00Z,Grain,grainpp,805,0
2026-10-07T02:00Z,Greater Gabbard,gabbard,10,0
2026-10-07T02:00Z,Gwynt y Môr,gym,230,0
2026-10-07T02:00Z,Hartlepool,hartlepool,580,0
2026-10-07T02:00Z,Heysham 1,heysham1,395,0
2026-10-07T02:00Z,Heysham 2,heysham2,545,0
2026-10-07T02:00Z,Hornsea One,hornsea1,50,0
2026-10-07T02:00Z,Hornsea Two,hornsea2,60,0
2026-10-07T02:00Z,Keadby 2,keadby2,795,0
2026-10-07T02:00Z,Moray East,morayeast,160,0
2026-10-07T02:00Z,Moray West,moraywest,205,0
2026-10-07T02:00Z,Neart na Gaoithe,nng,45,0
2026-10-07T02:00Z,Pembroke,pembroke,2130,0
2026-10-07T02:00Z,Pen y Cymoedd,penycymoedd,5,0
2026-10-07T02:00Z,Peterhead,peterhead,1165,0
2026-10-07T02:00Z,Race Bank,racebank,10,0
2026-10-07T02:00Z,Rampion,rampion,40,0
2026-10-07T02:00Z,Seagreen,seagreen,40,0
2026-10-07T02:00Z,Sizewell B,sizewellb,1190,0
2026-10-07T02:00Z,Staythorpe,staythorpe,880,0
2026-10-07T02:00Z,Torness,torness,1290,0
2026-10-07T02:00Z,Triton Knoll,triton,10,0
2026-10-07T02:00Z,Viking Link,viking,75,0
2026-10-07T02:00Z,Walney 1 & 2,walney,145,0
2026-10-07T02:00Z,Walney Extension,walneyx,265,0
2026-10-07T02:00Z,West Burton B,westburton,1230,0
2026-10-07T02:00Z,Whitelee,whitelee,10,0
2026-10-07T02:00Z,connahsquay,connahsquay,335,0
2026-10-07T03:00Z,Beatrice,beatrice,130,0
2026-10-07T03:00Z,Burbo Bank Extension,burbo,155,0
2026-10-07T03:00Z,Carrington,carrington,415,0
2026-10-07T03:00Z,Clyde,clyde,20,0
2026-10-07T03:00Z,Cruachan,cruachan,0,0
2026-10-07T03:00Z,Didcot B,didcot,1390,0
2026-10-07T03:00Z,Dinorwig,dinorwig,0,0
2026-10-07T03:00Z,Dogger Bank A,doggerA,50,0
2026-10-07T03:00Z,Dogger Bank B,doggerB,45,0
2026-10-07T03:00Z,Drax,drax,2560,0
2026-10-07T03:00Z,East Anglia ONE,ea1,45,0
2026-10-07T03:00Z,Ffestiniog,ffestiniog,0,0
2026-10-07T03:00Z,Foyers,foyers,145,0
2026-10-07T03:00Z,Galloper,galloper,10,0
2026-10-07T03:00Z,Grain,grainpp,805,0
2026-10-07T03:00Z,Greater Gabbard,gabbard,10,0
2026-10-07T03:00Z,Gwynt y Môr,gym,300,0
2026-10-07T03:00Z,Hartlepool,hartlepool,580,0
2026-10-07T03:00Z,Heysham 1,heysham1,395,0
2026-10-07T03:00Z,Heysham 2,heysham2,545,0
2026-10-07T03:00Z,Hornsea One,hornsea1,40,0
2026-10-07T03:00Z,Hornsea Two,hornsea2,55,0
2026-10-07T03:00Z,Keadby 2,keadby2,795,0
2026-10-07T03:00Z,Moray East,morayeast,160,0
2026-10-07T03:00Z,Moray West,moraywest,200,0
2026-10-07T03:00Z,Neart na Gaoithe,nng,50,0
2026-10-07T03:00Z,Pembroke,pembroke,2130,0
2026-10-07T03:00Z,Pen y Cymoedd,penycymoedd,10,0
2026-10-07T03:00Z,Peterhead,peterhead,1165,0
2026-10-07T03:00Z,Race Bank,racebank,10,0
2026-10-07T03:00Z,Rampion,rampion,35,0
2026-10-07T03:00Z,Seagreen,seagreen,45,0
2026-10-07T03:00Z,Sizewell B,sizewellb,1190,0
2026-10-07T03:00Z,Staythorpe,staythorpe,920,0
2026-10-07T03:00Z,Torness,torness,1290,0
2026-10-07T03:00Z,Triton Knoll,triton,10,0
2026-10-07T03:00Z,Viking Link,viking,65,0
2026-10-07T03:00Z,Walney 1 & 2,walney,140,0
2026-10-07T03:00Z,Walney Extension,walneyx,280,0
2026-10-07T03:00Z,West Burton B,westburton,1230,0
2026-10-07T03:00Z,Whitelee,whitelee,15,0
2026-10-07T03:00Z,connahsquay,connahsquay,335,0
2026-10-07T04:00Z,Beatrice,beatrice,125,0
2026-10-07T04:00Z,Burbo Bank Extension,burbo,140,0
2026-10-07T04:00Z,Carrington,carrington,415,0
2026-10-07T04:00Z,Clyde,clyde,20,0
2026-10-07T04:00Z,Cruachan,cruachan,0,0
2026-10-07T04:00Z,Didcot B,didcot,1385,0
2026-10-07T04:00Z,Dinorwig,dinorwig,0,0
2026-10-07T04:00Z,Dogger Bank A,doggerA,85,0
2026-10-07T04:00Z,Dogger Bank B,doggerB,85,0
2026-10-07T04:00Z,Drax,drax,2565,0
2026-10-07T04:00Z,East Anglia ONE,ea1,25,0
2026-10-07T04:00Z,Ffestiniog,ffestiniog,0,0
2026-10-07T04:00Z,Foyers,foyers,295,0
2026-10-07T04:00Z,Galloper,galloper,10,0
2026-10-07T04:00Z,Grain,grainpp,805,0
2026-10-07T04:00Z,Greater Gabbard,gabbard,5,0
2026-10-07T04:00Z,Gwynt y Môr,gym,335,0
2026-10-07T04:00Z,Hartlepool,hartlepool,580,0
2026-10-07T04:00Z,Heysham 1,heysham1,395,0
2026-10-07T04:00Z,Heysham 2,heysham2,545,0
2026-10-07T04:00Z,Hornsea One,hornsea1,35,0
2026-10-07T04:00Z,Hornsea Two,hornsea2,40,0
2026-10-07T04:00Z,Keadby 2,keadby2,795,0
2026-10-07T04:00Z,Moray East,morayeast,165,0
2026-10-07T04:00Z,Moray West,moraywest,205,0
2026-10-07T04:00Z,Neart na Gaoithe,nng,55,0
2026-10-07T04:00Z,Pembroke,pembroke,2085,0
2026-10-07T04:00Z,Pen y Cymoedd,penycymoedd,30,0
2026-10-07T04:00Z,Peterhead,peterhead,1165,0
2026-10-07T04:00Z,Race Bank,racebank,15,0
2026-10-07T04:00Z,Rampion,rampion,45,0
2026-10-07T04:00Z,Seagreen,seagreen,40,0
2026-10-07T04:00Z,Sizewell B,sizewellb,1190,0
2026-10-07T04:00Z,Staythorpe,staythorpe,1080,0
2026-10-07T04:00Z,Torness,torness,1290,0
2026-10-07T04:00Z,Triton Knoll,triton,15,0
2026-10-07T04:00Z,Viking Link,viking,50,0
2026-10-07T04:00Z,Walney 1 & 2,walney,145,0
2026-10-07T04:00Z,Walney Extension,walneyx,290,0
2026-10-07T04:00Z,West Burton B,westburton,1230,0
2026-10-07T04:00Z,Whitelee,whitelee,10,0
2026-10-07T04:00Z,connahsquay,connahsquay,340,0
2026-10-07T05:00Z,Beatrice,beatrice,130,0
2026-10-07T05:00Z,Burbo Bank Extension,burbo,150,0
2026-10-07T05:00Z,Carrington,carrington,435,0
2026-10-07T05:00Z,Clyde,clyde,25,0
2026-10-07T05:00Z,Cruachan,cruachan,240,0
2026-10-07T05:00Z,Didcot B,didcot,1385,0
2026-10-07T05:00Z,Dinorwig,dinorwig,150,0
2026-10-07T05:00Z,Dogger Bank A,doggerA,110,0
2026-10-07T05:00Z,Dogger Bank B,doggerB,145,0
2026-10-07T05:00Z,Drax,drax,2520,0
2026-10-07T05:00Z,East Anglia ONE,ea1,15,0
2026-10-07T05:00Z,Ffestiniog,ffestiniog,45,0
2026-10-07T05:00Z,Foyers,foyers,300,0
2026-10-07T05:00Z,Galloper,galloper,5,0
2026-10-07T05:00Z,Grain,grainpp,805,0
2026-10-07T05:00Z,Greater Gabbard,gabbard,5,0
2026-10-07T05:00Z,Gwynt y Môr,gym,320,0
2026-10-07T05:00Z,Hartlepool,hartlepool,580,0
2026-10-07T05:00Z,Heysham 1,heysham1,395,0
2026-10-07T05:00Z,Heysham 2,heysham2,545,0
2026-10-07T05:00Z,Hornsea One,hornsea1,50,0
2026-10-07T05:00Z,Hornsea Two,hornsea2,45,0
2026-10-07T05:00Z,Keadby 2,keadby2,795,0
2026-10-07T05:00Z,Moray East,morayeast,170,0
2026-10-07T05:00Z,Moray West,moraywest,210,0
2026-10-07T05:00Z,Neart na Gaoithe,nng,55,0
2026-10-07T05:00Z,Pembroke,pembroke,2120,0
2026-10-07T05:00Z,Pen y Cymoedd,penycymoedd,75,0
2026-10-07T05:00Z,Peterhead,peterhead,1165,0
2026-10-07T05:00Z,Race Bank,racebank,20,0
2026-10-07T05:00Z,Rampion,rampion,70,0
2026-10-07T05:00Z,Seagreen,seagreen,30,0
2026-10-07T05:00Z,Sizewell B,sizewellb,1190,0
2026-10-07T05:00Z,Staythorpe,staythorpe,1265,0
2026-10-07T05:00Z,Torness,torness,1290,0
2026-10-07T05:00Z,Triton Knoll,triton,25,0
2026-10-07T05:00Z,Viking Link,viking,40,0
2026-10-07T05:00Z,Walney 1 & 2,walney,130,0
2026-10-07T05:00Z,Walney Extension,walneyx,255,0
2026-10-07T05:00Z,West Burton B,westburton,1230,0
2026-10-07T05:00Z,Whitelee,whitelee,10,0
2026-10-07T05:00Z,connahsquay,connahsquay,340,0
2026-10-07T06:00Z,Beatrice,beatrice,125,0
2026-10-07T06:00Z,Burbo Bank Extension,burbo,130,0
2026-10-07T06:00Z,Carrington,carrington,435,0
2026-10-07T06:00Z,Clyde,clyde,30,0
2026-10-07T06:00Z,Cruachan,cruachan,240,0
2026-10-07T06:00Z,Didcot B,didcot,1385,0
2026-10-07T06:00Z,Dinorwig,dinorwig,600,0
2026-10-07T06:00Z,Dogger Bank A,doggerA,115,0
2026-10-07T06:00Z,Dogger Bank B,doggerB,220,0
2026-10-07T06:00Z,Drax,drax,2520,0
2026-10-07T06:00Z,East Anglia ONE,ea1,5,0
2026-10-07T06:00Z,Ffestiniog,ffestiniog,90,0
2026-10-07T06:00Z,Foyers,foyers,300,0
2026-10-07T06:00Z,Galloper,galloper,5,0
2026-10-07T06:00Z,Grain,grainpp,805,0
2026-10-07T06:00Z,Greater Gabbard,gabbard,0,0
2026-10-07T06:00Z,Gwynt y Môr,gym,315,0
2026-10-07T06:00Z,Hartlepool,hartlepool,580,0
2026-10-07T06:00Z,Heysham 1,heysham1,395,0
2026-10-07T06:00Z,Heysham 2,heysham2,545,0
2026-10-07T06:00Z,Hornsea One,hornsea1,50,0
2026-10-07T06:00Z,Hornsea Two,hornsea2,60,0
2026-10-07T06:00Z,Keadby 2,keadby2,795,0
2026-10-07T06:00Z,Moray East,morayeast,165,0
2026-10-07T06:00Z,Moray West,moraywest,205,0
2026-10-07T06:00Z,Neart na Gaoithe,nng,80,0
2026-10-07T06:00Z,Pembroke,pembroke,2120,0
2026-10-07T06:00Z,Pen y Cymoedd,penycymoedd,110,0
2026-10-07T06:00Z,Peterhead,peterhead,1165,0
2026-10-07T06:00Z,Race Bank,racebank,25,0
2026-10-07T06:00Z,Rampion,rampion,110,0
2026-10-07T06:00Z,Seagreen,seagreen,25,0
2026-10-07T06:00Z,Sizewell B,sizewellb,1190,0
2026-10-07T06:00Z,Staythorpe,staythorpe,1270,0
2026-10-07T06:00Z,Torness,torness,1290,0
2026-10-07T06:00Z,Triton Knoll,triton,50,0
2026-10-07T06:00Z,Viking Link,viking,20,0
2026-10-07T06:00Z,Walney 1 & 2,walney,120,0
2026-10-07T06:00Z,Walney Extension,walneyx,250,0
2026-10-07T06:00Z,West Burton B,westburton,1230,0
2026-10-07T06:00Z,Whitelee,whitelee,15,0
2026-10-07T06:00Z,connahsquay,connahsquay,340,0
2026-10-07T07:00Z,Beatrice,beatrice,115,0
2026-10-07T07:00Z,Burbo Bank Extension,burbo,130,0
2026-10-07T07:00Z,Carrington,carrington,435,0
2026-10-07T07:00Z,Clyde,clyde,30,0
2026-10-07T07:00Z,Cruachan,cruachan,120,0
2026-10-07T07:00Z,Didcot B,didcot,1385,0
2026-10-07T07:00Z,Dinorwig,dinorwig,265,0
2026-10-07T07:00Z,Dogger Bank A,doggerA,170,0
2026-10-07T07:00Z,Dogger Bank B,doggerB,295,0
2026-10-07T07:00Z,Drax,drax,2540,0
2026-10-07T07:00Z,East Anglia ONE,ea1,0,0
2026-10-07T07:00Z,Ffestiniog,ffestiniog,0,0
2026-10-07T07:00Z,Foyers,foyers,300,0
2026-10-07T07:00Z,Galloper,galloper,5,0
2026-10-07T07:00Z,Grain,grainpp,805,0
2026-10-07T07:00Z,Greater Gabbard,gabbard,0,0
2026-10-07T07:00Z,Gwynt y Môr,gym,305,0
2026-10-07T07:00Z,Hartlepool,hartlepool,580,0
2026-10-07T07:00Z,Heysham 1,heysham1,395,0
2026-10-07T07:00Z,Heysham 2,heysham2,545,0
2026-10-07T07:00Z,Hornsea One,hornsea1,45,0
2026-10-07T07:00Z,Hornsea Two,hornsea2,70,0
2026-10-07T07:00Z,Keadby 2,keadby2,795,0
2026-10-07T07:00Z,Moray East,morayeast,160,0
2026-10-07T07:00Z,Moray West,moraywest,210,0
2026-10-07T07:00Z,Neart na Gaoithe,nng,115,0
2026-10-07T07:00Z,Pembroke,pembroke,2120,0
2026-10-07T07:00Z,Pen y Cymoedd,penycymoedd,130,0
2026-10-07T07:00Z,Peterhead,peterhead,1160,0
2026-10-07T07:00Z,Race Bank,racebank,45,0
2026-10-07T07:00Z,Rampion,rampion,150,0
2026-10-07T07:00Z,Seagreen,seagreen,20,0
2026-10-07T07:00Z,Sizewell B,sizewellb,1190,0
2026-10-07T07:00Z,Staythorpe,staythorpe,1270,0
2026-10-07T07:00Z,Torness,torness,1290,0
2026-10-07T07:00Z,Triton Knoll,triton,85,0
2026-10-07T07:00Z,Viking Link,viking,20,0
2026-10-07T07:00Z,Walney 1 & 2,walney,120,0
2026-10-07T07:00Z,Walney Extension,walneyx,250,0
2026-10-07T07:00Z,West Burton B,westburton,1235,0
2026-10-07T07:00Z,Whitelee,whitelee,15,0
2026-10-07T07:00Z,connahsquay,connahsquay,340,0
2026-10-07T08:00Z,Beatrice,beatrice,105,0
2026-10-07T08:00Z,Burbo Bank Extension,burbo,120,0
2026-10-07T08:00Z,Carrington,carrington,415,0
2026-10-07T08:00Z,Clyde,clyde,35,0
2026-10-07T08:00Z,Cruachan,cruachan,0,0
2026-10-07T08:00Z,Didcot B,didcot,1385,0
2026-10-07T08:00Z,Dinorwig,dinorwig,0,0
2026-10-07T08:00Z,Dogger Bank A,doggerA,310,0
2026-10-07T08:00Z,Dogger Bank B,doggerB,325,0
2026-10-07T08:00Z,Drax,drax,2565,0
2026-10-07T08:00Z,East Anglia ONE,ea1,0,0
2026-10-07T08:00Z,Ffestiniog,ffestiniog,0,0
2026-10-07T08:00Z,Foyers,foyers,115,0
2026-10-07T08:00Z,Galloper,galloper,5,0
2026-10-07T08:00Z,Grain,grainpp,800,0
2026-10-07T08:00Z,Greater Gabbard,gabbard,0,0
2026-10-07T08:00Z,Gwynt y Môr,gym,295,0
2026-10-07T08:00Z,Hartlepool,hartlepool,580,0
2026-10-07T08:00Z,Heysham 1,heysham1,395,0
2026-10-07T08:00Z,Heysham 2,heysham2,545,0
2026-10-07T08:00Z,Hornsea One,hornsea1,85,0
2026-10-07T08:00Z,Hornsea Two,hornsea2,210,0
2026-10-07T08:00Z,Keadby 2,keadby2,795,0
2026-10-07T08:00Z,Moray East,morayeast,165,0
2026-10-07T08:00Z,Moray West,moraywest,205,0
2026-10-07T08:00Z,Neart na Gaoithe,nng,145,0
2026-10-07T08:00Z,Pembroke,pembroke,2125,0
2026-10-07T08:00Z,Pen y Cymoedd,penycymoedd,130,0
2026-10-07T08:00Z,Peterhead,peterhead,655,0
2026-10-07T08:00Z,Race Bank,racebank,160,0
2026-10-07T08:00Z,Rampion,rampion,190,0
2026-10-07T08:00Z,Seagreen,seagreen,15,0
2026-10-07T08:00Z,Sizewell B,sizewellb,1190,0
2026-10-07T08:00Z,Staythorpe,staythorpe,1270,0
2026-10-07T08:00Z,Torness,torness,1290,0
2026-10-07T08:00Z,Triton Knoll,triton,205,0
2026-10-07T08:00Z,Viking Link,viking,20,0
2026-10-07T08:00Z,Walney 1 & 2,walney,110,0
2026-10-07T08:00Z,Walney Extension,walneyx,240,0
2026-10-07T08:00Z,West Burton B,westburton,560,0
2026-10-07T08:00Z,Whitelee,whitelee,15,0
2026-10-07T08:00Z,connahsquay,connahsquay,250,0
2026-10-07T09:00Z,Beatrice,beatrice,110,0
2026-10-07T09:00Z,Burbo Bank Extension,burbo,100,0
2026-10-07T09:00Z,Carrington,carrington,415,0
2026-10-07T09:00Z,Clyde,clyde,45,0
2026-10-07T09:00Z,Cruachan,cruachan,0,0
2026-10-07T09:00Z,Didcot B,didcot,1290,0
2026-10-07T09:00Z,Dinorwig,dinorwig,0,0
2026-10-07T09:00Z,Dogger Bank A,doggerA,405,0
2026-10-07T09:00Z,Dogger Bank B,doggerB,365,0
2026-10-07T09:00Z,Drax,drax,2570,0
2026-10-07T09:00Z,East Anglia ONE,ea1,0,0
2026-10-07T09:00Z,Ffestiniog,ffestiniog,0,0
2026-10-07T09:00Z,Foyers,foyers,300,0
2026-10-07T09:00Z,Galloper,galloper,5,0
2026-10-07T09:00Z,Grain,grainpp,800,0
2026-10-07T09:00Z,Greater Gabbard,gabbard,5,0
2026-10-07T09:00Z,Gwynt y Môr,gym,250,0
2026-10-07T09:00Z,Hartlepool,hartlepool,580,0
2026-10-07T09:00Z,Heysham 1,heysham1,395,0
2026-10-07T09:00Z,Heysham 2,heysham2,545,0
2026-10-07T09:00Z,Hornsea One,hornsea1,190,0
2026-10-07T09:00Z,Hornsea Two,hornsea2,440,0
2026-10-07T09:00Z,Keadby 2,keadby2,795,0
2026-10-07T09:00Z,Moray East,morayeast,160,0
2026-10-07T09:00Z,Moray West,moraywest,205,0
2026-10-07T09:00Z,Neart na Gaoithe,nng,150,0
2026-10-07T09:00Z,Pembroke,pembroke,2130,0
2026-10-07T09:00Z,Pen y Cymoedd,penycymoedd,115,0
2026-10-07T09:00Z,Peterhead,peterhead,140,0
2026-10-07T09:00Z,Race Bank,racebank,280,0
2026-10-07T09:00Z,Rampion,rampion,195,0
2026-10-07T09:00Z,Seagreen,seagreen,15,0
2026-10-07T09:00Z,Sizewell B,sizewellb,1190,0
2026-10-07T09:00Z,Staythorpe,staythorpe,1265,0
2026-10-07T09:00Z,Torness,torness,1290,0
2026-10-07T09:00Z,Triton Knoll,triton,370,0
2026-10-07T09:00Z,Viking Link,viking,10,0
2026-10-07T09:00Z,Walney 1 & 2,walney,110,0
2026-10-07T09:00Z,Walney Extension,walneyx,240,0
2026-10-07T09:00Z,West Burton B,westburton,420,0
2026-10-07T09:00Z,Whitelee,whitelee,15,0
2026-10-07T09:00Z,connahsquay,connahsquay,0,0
2026-10-07T10:00Z,Beatrice,beatrice,95,0
2026-10-07T10:00Z,Burbo Bank Extension,burbo,95,0
2026-10-07T10:00Z,Carrington,carrington,415,0
2026-10-07T10:00Z,Clyde,clyde,70,0
2026-10-07T10:00Z,Cruachan,cruachan,0,0
2026-10-07T10:00Z,Didcot B,didcot,1155,0
2026-10-07T10:00Z,Dinorwig,dinorwig,0,0
2026-10-07T10:00Z,Dogger Bank A,doggerA,475,0
2026-10-07T10:00Z,Dogger Bank B,doggerB,405,0
2026-10-07T10:00Z,Drax,drax,2565,0
2026-10-07T10:00Z,East Anglia ONE,ea1,30,0
2026-10-07T10:00Z,Ffestiniog,ffestiniog,0,0
2026-10-07T10:00Z,Foyers,foyers,300,0
2026-10-07T10:00Z,Galloper,galloper,10,0
2026-10-07T10:00Z,Grain,grainpp,800,0
2026-10-07T10:00Z,Greater Gabbard,gabbard,10,0
2026-10-07T10:00Z,Gwynt y Môr,gym,250,0
2026-10-07T10:00Z,Hartlepool,hartlepool,580,0
2026-10-07T10:00Z,Heysham 1,heysham1,395,0
2026-10-07T10:00Z,Heysham 2,heysham2,545,0
2026-10-07T10:00Z,Hornsea One,hornsea1,415,0
2026-10-07T10:00Z,Hornsea Two,hornsea2,820,0
2026-10-07T10:00Z,Keadby 2,keadby2,795,0
2026-10-07T10:00Z,Moray East,morayeast,145,0
2026-10-07T10:00Z,Moray West,moraywest,210,0
2026-10-07T10:00Z,Neart na Gaoithe,nng,135,0
2026-10-07T10:00Z,Pembroke,pembroke,1545,0
2026-10-07T10:00Z,Pen y Cymoedd,penycymoedd,90,0
2026-10-07T10:00Z,Peterhead,peterhead,0,0
2026-10-07T10:00Z,Race Bank,racebank,380,0
2026-10-07T10:00Z,Rampion,rampion,210,0
2026-10-07T10:00Z,Seagreen,seagreen,10,0
2026-10-07T10:00Z,Sizewell B,sizewellb,1190,0
2026-10-07T10:00Z,Staythorpe,staythorpe,1260,0
2026-10-07T10:00Z,Torness,torness,1290,0
2026-10-07T10:00Z,Triton Knoll,triton,445,0
2026-10-07T10:00Z,Viking Link,viking,10,0
2026-10-07T10:00Z,Walney 1 & 2,walney,115,0
2026-10-07T10:00Z,Walney Extension,walneyx,225,0
2026-10-07T10:00Z,West Burton B,westburton,420,0
2026-10-07T10:00Z,Whitelee,whitelee,30,0
2026-10-07T10:00Z,connahsquay,connahsquay,0,0
2026-10-07T11:00Z,Beatrice,beatrice,75,0
2026-10-07T11:00Z,Burbo Bank Extension,burbo,100,0
2026-10-07T11:00Z,Carrington,carrington,415,0
2026-10-07T11:00Z,Clyde,clyde,85,0
2026-10-07T11:00Z,Cruachan,cruachan,0,0
2026-10-07T11:00Z,Didcot B,didcot,1155,0
2026-10-07T11:00Z,Dinorwig,dinorwig,0,0
2026-10-07T11:00Z,Dogger Bank A,doggerA,515,0
2026-10-07T11:00Z,Dogger Bank B,doggerB,415,0
2026-10-07T11:00Z,Drax,drax,2565,0
2026-10-07T11:00Z,East Anglia ONE,ea1,80,0
2026-10-07T11:00Z,Ffestiniog,ffestiniog,0,0
2026-10-07T11:00Z,Foyers,foyers,300,0
2026-10-07T11:00Z,Galloper,galloper,65,0
2026-10-07T11:00Z,Grain,grainpp,800,0
2026-10-07T11:00Z,Greater Gabbard,gabbard,65,0
2026-10-07T11:00Z,Gwynt y Môr,gym,275,0
2026-10-07T11:00Z,Hartlepool,hartlepool,580,0
2026-10-07T11:00Z,Heysham 1,heysham1,395,0
2026-10-07T11:00Z,Heysham 2,heysham2,545,0
2026-10-07T11:00Z,Hornsea One,hornsea1,705,0
2026-10-07T11:00Z,Hornsea Two,hornsea2,1055,0
2026-10-07T11:00Z,Keadby 2,keadby2,800,0
2026-10-07T11:00Z,Moray East,morayeast,140,0
2026-10-07T11:00Z,Moray West,moraywest,185,0
2026-10-07T11:00Z,Neart na Gaoithe,nng,100,0
2026-10-07T11:00Z,Pembroke,pembroke,1305,0
2026-10-07T11:00Z,Pen y Cymoedd,penycymoedd,80,0
2026-10-07T11:00Z,Peterhead,peterhead,0,0
2026-10-07T11:00Z,Race Bank,racebank,450,0
2026-10-07T11:00Z,Rampion,rampion,250,0
2026-10-07T11:00Z,Seagreen,seagreen,10,0
2026-10-07T11:00Z,Sizewell B,sizewellb,1190,0
2026-10-07T11:00Z,Staythorpe,staythorpe,1060,0
2026-10-07T11:00Z,Torness,torness,1290,0
2026-10-07T11:00Z,Triton Knoll,triton,510,0
2026-10-07T11:00Z,Viking Link,viking,10,0
2026-10-07T11:00Z,Walney 1 & 2,walney,125,0
2026-10-07T11:00Z,Walney Extension,walneyx,250,0
2026-10-07T11:00Z,West Burton B,westburton,420,0
2026-10-07T11:00Z,Whitelee,whitelee,40,0
2026-10-07T11:00Z,connahsquay,connahsquay,0,0
2026-10-07T12:00Z,Beatrice,beatrice,60,0
2026-10-07T12:00Z,Burbo Bank Extension,burbo,110,0
2026-10-07T12:00Z,Carrington,carrington,415,0
2026-10-07T12:00Z,Clyde,clyde,105,0
2026-10-07T12:00Z,Cruachan,cruachan,0,0
2026-10-07T12:00Z,Didcot B,didcot,1160,0
2026-10-07T12:00Z,Dinorwig,dinorwig,0,0
2026-10-07T12:00Z,Dogger Bank A,doggerA,535,0
2026-10-07T12:00Z,Dogger Bank B,doggerB,395,0
2026-10-07T12:00Z,Drax,drax,2565,0
2026-10-07T12:00Z,East Anglia ONE,ea1,180,0
2026-10-07T12:00Z,Ffestiniog,ffestiniog,0,0
2026-10-07T12:00Z,Foyers,foyers,300,0
2026-10-07T12:00Z,Galloper,galloper,150,0
2026-10-07T12:00Z,Grain,grainpp,800,0
2026-10-07T12:00Z,Greater Gabbard,gabbard,130,0
2026-10-07T12:00Z,Gwynt y Môr,gym,285,0
2026-10-07T12:00Z,Hartlepool,hartlepool,580,0
2026-10-07T12:00Z,Heysham 1,heysham1,395,0
2026-10-07T12:00Z,Heysham 2,heysham2,545,0
2026-10-07T12:00Z,Hornsea One,hornsea1,910,0
2026-10-07T12:00Z,Hornsea Two,hornsea2,1210,0
2026-10-07T12:00Z,Keadby 2,keadby2,795,0
2026-10-07T12:00Z,Moray East,morayeast,135,0
2026-10-07T12:00Z,Moray West,moraywest,170,0
2026-10-07T12:00Z,Neart na Gaoithe,nng,70,0
2026-10-07T12:00Z,Pembroke,pembroke,1635,0
2026-10-07T12:00Z,Pen y Cymoedd,penycymoedd,110,0
2026-10-07T12:00Z,Peterhead,peterhead,0,0
2026-10-07T12:00Z,Race Bank,racebank,450,0
2026-10-07T12:00Z,Rampion,rampion,275,0
2026-10-07T12:00Z,Seagreen,seagreen,5,0
2026-10-07T12:00Z,Sizewell B,sizewellb,1190,0
2026-10-07T12:00Z,Staythorpe,staythorpe,780,0
2026-10-07T12:00Z,Torness,torness,1290,0
2026-10-07T12:00Z,Triton Knoll,triton,565,0
2026-10-07T12:00Z,Viking Link,viking,15,0
2026-10-07T12:00Z,Walney 1 & 2,walney,145,0
2026-10-07T12:00Z,Walney Extension,walneyx,275,0
2026-10-07T12:00Z,West Burton B,westburton,420,0
2026-10-07T12:00Z,Whitelee,whitelee,55,0
2026-10-07T12:00Z,connahsquay,connahsquay,0,0
2026-10-07T13:00Z,Beatrice,beatrice,55,0
2026-10-07T13:00Z,Burbo Bank Extension,burbo,125,0
2026-10-07T13:00Z,Carrington,carrington,415,0
2026-10-07T13:00Z,Clyde,clyde,115,0
2026-10-07T13:00Z,Cruachan,cruachan,0,0
2026-10-07T13:00Z,Didcot B,didcot,1160,0
2026-10-07T13:00Z,Dinorwig,dinorwig,0,0
2026-10-07T13:00Z,Dogger Bank A,doggerA,530,0
2026-10-07T13:00Z,Dogger Bank B,doggerB,410,0
2026-10-07T13:00Z,Drax,drax,2580,0
2026-10-07T13:00Z,East Anglia ONE,ea1,260,0
2026-10-07T13:00Z,Ffestiniog,ffestiniog,0,0
2026-10-07T13:00Z,Foyers,foyers,300,0
2026-10-07T13:00Z,Galloper,galloper,225,0
2026-10-07T13:00Z,Grain,grainpp,800,0
2026-10-07T13:00Z,Greater Gabbard,gabbard,220,5
2026-10-07T13:00Z,Gwynt y Môr,gym,295,0
2026-10-07T13:00Z,Hartlepool,hartlepool,580,0
2026-10-07T13:00Z,Heysham 1,heysham1,395,0
2026-10-07T13:00Z,Heysham 2,heysham2,545,0
2026-10-07T13:00Z,Hornsea One,hornsea1,1060,0
2026-10-07T13:00Z,Hornsea Two,hornsea2,1255,0
2026-10-07T13:00Z,Keadby 2,keadby2,795,0
2026-10-07T13:00Z,Moray East,morayeast,120,0
2026-10-07T13:00Z,Moray West,moraywest,150,0
2026-10-07T13:00Z,Neart na Gaoithe,nng,45,0
2026-10-07T13:00Z,Pembroke,pembroke,1705,0
2026-10-07T13:00Z,Pen y Cymoedd,penycymoedd,125,0
2026-10-07T13:00Z,Peterhead,peterhead,0,0
2026-10-07T13:00Z,Race Bank,racebank,465,0
2026-10-07T13:00Z,Rampion,rampion,295,0
2026-10-07T13:00Z,Seagreen,seagreen,0,0
2026-10-07T13:00Z,Sizewell B,sizewellb,1190,0
2026-10-07T13:00Z,Staythorpe,staythorpe,1005,0
2026-10-07T13:00Z,Torness,torness,1290,0
2026-10-07T13:00Z,Triton Knoll,triton,600,0
2026-10-07T13:00Z,Viking Link,viking,5,0
2026-10-07T13:00Z,Walney 1 & 2,walney,160,0
2026-10-07T13:00Z,Walney Extension,walneyx,300,0
2026-10-07T13:00Z,West Burton B,westburton,420,0
2026-10-07T13:00Z,Whitelee,whitelee,60,0
2026-10-07T13:00Z,connahsquay,connahsquay,0,0
2026-10-07T14:00Z,Beatrice,beatrice,50,0
2026-10-07T14:00Z,Burbo Bank Extension,burbo,145,0
2026-10-07T14:00Z,Carrington,carrington,415,0
2026-10-07T14:00Z,Clyde,clyde,125,0
2026-10-07T14:00Z,Cruachan,cruachan,0,0
2026-10-07T14:00Z,Didcot B,didcot,1370,0
2026-10-07T14:00Z,Dinorwig,dinorwig,0,0
2026-10-07T14:00Z,Dogger Bank A,doggerA,535,0
2026-10-07T14:00Z,Dogger Bank B,doggerB,430,0
2026-10-07T14:00Z,Drax,drax,2580,0
2026-10-07T14:00Z,East Anglia ONE,ea1,500,0
2026-10-07T14:00Z,Ffestiniog,ffestiniog,0,0
2026-10-07T14:00Z,Foyers,foyers,300,0
2026-10-07T14:00Z,Galloper,galloper,265,0
2026-10-07T14:00Z,Grain,grainpp,800,0
2026-10-07T14:00Z,Greater Gabbard,gabbard,365,5
2026-10-07T14:00Z,Gwynt y Môr,gym,320,0
2026-10-07T14:00Z,Hartlepool,hartlepool,580,0
2026-10-07T14:00Z,Heysham 1,heysham1,395,0
2026-10-07T14:00Z,Heysham 2,heysham2,545,0
2026-10-07T14:00Z,Hornsea One,hornsea1,1140,0
2026-10-07T14:00Z,Hornsea Two,hornsea2,1250,0
2026-10-07T14:00Z,Keadby 2,keadby2,790,0
2026-10-07T14:00Z,Moray East,morayeast,125,0
2026-10-07T14:00Z,Moray West,moraywest,165,0
2026-10-07T14:00Z,Neart na Gaoithe,nng,40,0
2026-10-07T14:00Z,Pembroke,pembroke,2080,0
2026-10-07T14:00Z,Pen y Cymoedd,penycymoedd,130,0
2026-10-07T14:00Z,Peterhead,peterhead,0,0
2026-10-07T14:00Z,Race Bank,racebank,520,0
2026-10-07T14:00Z,Rampion,rampion,300,0
2026-10-07T14:00Z,Seagreen,seagreen,0,0
2026-10-07T14:00Z,Sizewell B,sizewellb,1190,0
2026-10-07T14:00Z,Staythorpe,staythorpe,1230,0
2026-10-07T14:00Z,Torness,torness,1290,0
2026-10-07T14:00Z,Triton Knoll,triton,670,0
2026-10-07T14:00Z,Viking Link,viking,5,0
2026-10-07T14:00Z,Walney 1 & 2,walney,175,0
2026-10-07T14:00Z,Walney Extension,walneyx,360,0
2026-10-07T14:00Z,West Burton B,westburton,515,0
2026-10-07T14:00Z,Whitelee,whitelee,70,0
2026-10-07T14:00Z,connahsquay,connahsquay,0,0
2026-10-07T15:00Z,Beatrice,beatrice,50,0
2026-10-07T15:00Z,Burbo Bank Extension,burbo,165,0
2026-10-07T15:00Z,Carrington,carrington,415,0
2026-10-07T15:00Z,Clyde,clyde,140,0
2026-10-07T15:00Z,Cruachan,cruachan,120,0
2026-10-07T15:00Z,Didcot B,didcot,1390,0
2026-10-07T15:00Z,Dinorwig,dinorwig,40,0
2026-10-07T15:00Z,Dogger Bank A,doggerA,525,0
2026-10-07T15:00Z,Dogger Bank B,doggerB,420,0
2026-10-07T15:00Z,Drax,drax,2580,0
2026-10-07T15:00Z,East Anglia ONE,ea1,655,0
2026-10-07T15:00Z,Ffestiniog,ffestiniog,80,0
2026-10-07T15:00Z,Foyers,foyers,300,0
2026-10-07T15:00Z,Galloper,galloper,290,0
2026-10-07T15:00Z,Grain,grainpp,800,0
2026-10-07T15:00Z,Greater Gabbard,gabbard,445,0
2026-10-07T15:00Z,Gwynt y Môr,gym,340,0
2026-10-07T15:00Z,Hartlepool,hartlepool,580,0
2026-10-07T15:00Z,Heysham 1,heysham1,395,0
2026-10-07T15:00Z,Heysham 2,heysham2,545,0
2026-10-07T15:00Z,Hornsea One,hornsea1,1160,0
2026-10-07T15:00Z,Hornsea Two,hornsea2,1265,0
2026-10-07T15:00Z,Keadby 2,keadby2,790,0
2026-10-07T15:00Z,Moray East,morayeast,180,0
2026-10-07T15:00Z,Moray West,moraywest,175,0
2026-10-07T15:00Z,Neart na Gaoithe,nng,50,0
2026-10-07T15:00Z,Pembroke,pembroke,2125,0
2026-10-07T15:00Z,Pen y Cymoedd,penycymoedd,140,0
2026-10-07T15:00Z,Peterhead,peterhead,0,0
2026-10-07T15:00Z,Race Bank,racebank,520,0
2026-10-07T15:00Z,Rampion,rampion,325,0
2026-10-07T15:00Z,Seagreen,seagreen,0,0
2026-10-07T15:00Z,Sizewell B,sizewellb,1190,0
2026-10-07T15:00Z,Staythorpe,staythorpe,1250,0
2026-10-07T15:00Z,Torness,torness,1290,0
2026-10-07T15:00Z,Triton Knoll,triton,700,0
2026-10-07T15:00Z,Viking Link,viking,0,0
2026-10-07T15:00Z,Walney 1 & 2,walney,245,0
2026-10-07T15:00Z,Walney Extension,walneyx,450,0
2026-10-07T15:00Z,West Burton B,westburton,1040,0
2026-10-07T15:00Z,Whitelee,whitelee,60,0
2026-10-07T15:00Z,connahsquay,connahsquay,0,0
2026-10-07T16:00Z,Beatrice,beatrice,60,0
2026-10-07T16:00Z,Burbo Bank Extension,burbo,185,0
2026-10-07T16:00Z,Carrington,carrington,430,0
2026-10-07T16:00Z,Clyde,clyde,155,0
2026-10-07T16:00Z,Cruachan,cruachan,240,0
2026-10-07T16:00Z,Didcot B,didcot,1390,0
2026-10-07T16:00Z,Dinorwig,dinorwig,300,0
2026-10-07T16:00Z,Dogger Bank A,doggerA,515,0
2026-10-07T16:00Z,Dogger Bank B,doggerB,415,0
2026-10-07T16:00Z,Drax,drax,2580,0
2026-10-07T16:00Z,East Anglia ONE,ea1,680,0
2026-10-07T16:00Z,Ffestiniog,ffestiniog,180,0
2026-10-07T16:00Z,Foyers,foyers,225,0
2026-10-07T16:00Z,Galloper,galloper,295,0
2026-10-07T16:00Z,Grain,grainpp,800,0
2026-10-07T16:00Z,Greater Gabbard,gabbard,470,0
2026-10-07T16:00Z,Gwynt y Môr,gym,370,0
2026-10-07T16:00Z,Hartlepool,hartlepool,580,0
2026-10-07T16:00Z,Heysham 1,heysham1,395,0
2026-10-07T16:00Z,Heysham 2,heysham2,545,0
2026-10-07T16:00Z,Hornsea One,hornsea1,1160,0
2026-10-07T16:00Z,Hornsea Two,hornsea2,1220,0
2026-10-07T16:00Z,Keadby 2,keadby2,795,0
2026-10-07T16:00Z,Moray East,morayeast,205,0
2026-10-07T16:00Z,Moray West,moraywest,170,0
2026-10-07T16:00Z,Neart na Gaoithe,nng,80,0
2026-10-07T16:00Z,Pembroke,pembroke,2130,0
2026-10-07T16:00Z,Pen y Cymoedd,penycymoedd,130,0
2026-10-07T16:00Z,Peterhead,peterhead,0,0
2026-10-07T16:00Z,Race Bank,racebank,515,0
2026-10-07T16:00Z,Rampion,rampion,365,0
2026-10-07T16:00Z,Seagreen,seagreen,0,0
2026-10-07T16:00Z,Sizewell B,sizewellb,1190,0
2026-10-07T16:00Z,Staythorpe,staythorpe,1255,0
2026-10-07T16:00Z,Torness,torness,1290,0
2026-10-07T16:00Z,Triton Knoll,triton,710,0
2026-10-07T16:00Z,Viking Link,viking,0,0
2026-10-07T16:00Z,Walney 1 & 2,walney,295,0
2026-10-07T16:00Z,Walney Extension,walneyx,530,0
2026-10-07T16:00Z,West Burton B,westburton,1225,0
2026-10-07T16:00Z,Whitelee,whitelee,70,0
2026-10-07T16:00Z,connahsquay,connahsquay,0,0
2026-10-07T17:00Z,Beatrice,beatrice,95,0
2026-10-07T17:00Z,Burbo Bank Extension,burbo,210,0
2026-10-07T17:00Z,Carrington,carrington,430,0
2026-10-07T17:00Z,Clyde,clyde,190,0
2026-10-07T17:00Z,Cruachan,cruachan,240,0
2026-10-07T17:00Z,Didcot B,didcot,1390,0
2026-10-07T17:00Z,Dinorwig,dinorwig,600,0
2026-10-07T17:00Z,Dogger Bank A,doggerA,510,0
2026-10-07T17:00Z,Dogger Bank B,doggerB,420,0
2026-10-07T17:00Z,Drax,drax,2580,0
2026-10-07T17:00Z,East Anglia ONE,ea1,655,0
2026-10-07T17:00Z,Ffestiniog,ffestiniog,180,0
2026-10-07T17:00Z,Foyers,foyers,300,0
2026-10-07T17:00Z,Galloper,galloper,300,0
2026-10-07T17:00Z,Grain,grainpp,800,0
2026-10-07T17:00Z,Greater Gabbard,gabbard,490,0
2026-10-07T17:00Z,Gwynt y Môr,gym,400,0
2026-10-07T17:00Z,Hartlepool,hartlepool,580,0
2026-10-07T17:00Z,Heysham 1,heysham1,395,0
2026-10-07T17:00Z,Heysham 2,heysham2,545,0
2026-10-07T17:00Z,Hornsea One,hornsea1,1140,0
2026-10-07T17:00Z,Hornsea Two,hornsea2,1265,0
2026-10-07T17:00Z,Keadby 2,keadby2,800,0
2026-10-07T17:00Z,Moray East,morayeast,220,0
2026-10-07T17:00Z,Moray West,moraywest,190,0
2026-10-07T17:00Z,Neart na Gaoithe,nng,90,0
2026-10-07T17:00Z,Pembroke,pembroke,2130,0
2026-10-07T17:00Z,Pen y Cymoedd,penycymoedd,120,0
2026-10-07T17:00Z,Peterhead,peterhead,0,0
2026-10-07T17:00Z,Race Bank,racebank,520,0
2026-10-07T17:00Z,Rampion,rampion,385,0
2026-10-07T17:00Z,Seagreen,seagreen,5,0
2026-10-07T17:00Z,Sizewell B,sizewellb,1190,0
2026-10-07T17:00Z,Staythorpe,staythorpe,1255,0
2026-10-07T17:00Z,Torness,torness,1290,0
2026-10-07T17:00Z,Triton Knoll,triton,690,0
2026-10-07T17:00Z,Viking Link,viking,0,0
2026-10-07T17:00Z,Walney 1 & 2,walney,305,0
2026-10-07T17:00Z,Walney Extension,walneyx,550,0
2026-10-07T17:00Z,West Burton B,westburton,1225,0
2026-10-07T17:00Z,Whitelee,whitelee,60,0
2026-10-07T17:00Z,connahsquay,connahsquay,0,0
2026-10-07T18:00Z,Beatrice,beatrice,135,0
2026-10-07T18:00Z,Burbo Bank Extension,burbo,215,0
2026-10-07T18:00Z,Carrington,carrington,430,0
2026-10-07T18:00Z,Clyde,clyde,180,0
2026-10-07T18:00Z,Cruachan,cruachan,0,0
2026-10-07T18:00Z,Didcot B,didcot,530,0
2026-10-07T18:00Z,Dinorwig,dinorwig,155,0
2026-10-07T18:00Z,Dogger Bank A,doggerA,515,0
2026-10-07T18:00Z,Dogger Bank B,doggerB,435,0
2026-10-07T18:00Z,Drax,drax,2565,0
2026-10-07T18:00Z,East Anglia ONE,ea1,665,0
2026-10-07T18:00Z,Ffestiniog,ffestiniog,180,0
2026-10-07T18:00Z,Foyers,foyers,0,0
2026-10-07T18:00Z,Galloper,galloper,305,0
2026-10-07T18:00Z,Grain,grainpp,800,0
2026-10-07T18:00Z,Greater Gabbard,gabbard,495,0
2026-10-07T18:00Z,Gwynt y Môr,gym,435,0
2026-10-07T18:00Z,Hartlepool,hartlepool,580,0
2026-10-07T18:00Z,Heysham 1,heysham1,395,0
2026-10-07T18:00Z,Heysham 2,heysham2,545,0
2026-10-07T18:00Z,Hornsea One,hornsea1,1135,0
2026-10-07T18:00Z,Hornsea Two,hornsea2,1275,0
2026-10-07T18:00Z,Keadby 2,keadby2,800,0
2026-10-07T18:00Z,Moray East,morayeast,240,0
2026-10-07T18:00Z,Moray West,moraywest,255,0
2026-10-07T18:00Z,Neart na Gaoithe,nng,115,0
2026-10-07T18:00Z,Pembroke,pembroke,2135,0
2026-10-07T18:00Z,Pen y Cymoedd,penycymoedd,115,0
2026-10-07T18:00Z,Peterhead,peterhead,0,0
2026-10-07T18:00Z,Race Bank,racebank,520,0
2026-10-07T18:00Z,Rampion,rampion,390,0
2026-10-07T18:00Z,Seagreen,seagreen,40,0
2026-10-07T18:00Z,Sizewell B,sizewellb,1190,0
2026-10-07T18:00Z,Staythorpe,staythorpe,1130,0
2026-10-07T18:00Z,Torness,torness,1290,0
2026-10-07T18:00Z,Triton Knoll,triton,690,0
2026-10-07T18:00Z,Viking Link,viking,5,0
2026-10-07T18:00Z,Walney 1 & 2,walney,305,0
2026-10-07T18:00Z,Walney Extension,walneyx,550,0
2026-10-07T18:00Z,West Burton B,westburton,1225,0
2026-10-07T18:00Z,Whitelee,whitelee,70,0
2026-10-07T18:00Z,connahsquay,connahsquay,0,0
2026-10-07T19:00Z,Beatrice,beatrice,160,0
2026-10-07T19:00Z,Burbo Bank Extension,burbo,220,0
2026-10-07T19:00Z,Carrington,carrington,415,0
2026-10-07T19:00Z,Clyde,clyde,175,0
2026-10-07T19:00Z,Cruachan,cruachan,0,0
2026-10-07T19:00Z,Didcot B,didcot,0,0
2026-10-07T19:00Z,Dinorwig,dinorwig,0,0
2026-10-07T19:00Z,Dogger Bank A,doggerA,520,0
2026-10-07T19:00Z,Dogger Bank B,doggerB,450,0
2026-10-07T19:00Z,Drax,drax,2565,0
2026-10-07T19:00Z,East Anglia ONE,ea1,660,0
2026-10-07T19:00Z,Ffestiniog,ffestiniog,0,0
2026-10-07T19:00Z,Foyers,foyers,0,0
2026-10-07T19:00Z,Galloper,galloper,305,0
2026-10-07T19:00Z,Grain,grainpp,800,0
2026-10-07T19:00Z,Greater Gabbard,gabbard,495,0
2026-10-07T19:00Z,Gwynt y Môr,gym,470,0
2026-10-07T19:00Z,Hartlepool,hartlepool,580,0
2026-10-07T19:00Z,Heysham 1,heysham1,395,0
2026-10-07T19:00Z,Heysham 2,heysham2,545,0
2026-10-07T19:00Z,Hornsea One,hornsea1,1140,0
2026-10-07T19:00Z,Hornsea Two,hornsea2,1275,0
2026-10-07T19:00Z,Keadby 2,keadby2,800,0
2026-10-07T19:00Z,Moray East,morayeast,265,0
2026-10-07T19:00Z,Moray West,moraywest,280,0
2026-10-07T19:00Z,Neart na Gaoithe,nng,85,0
2026-10-07T19:00Z,Pembroke,pembroke,2055,0
2026-10-07T19:00Z,Pen y Cymoedd,penycymoedd,100,0
2026-10-07T19:00Z,Peterhead,peterhead,0,0
2026-10-07T19:00Z,Race Bank,racebank,520,0
2026-10-07T19:00Z,Rampion,rampion,390,0
2026-10-07T19:00Z,Seagreen,seagreen,165,0
2026-10-07T19:00Z,Sizewell B,sizewellb,1190,0
2026-10-07T19:00Z,Staythorpe,staythorpe,365,0
2026-10-07T19:00Z,Torness,torness,1290,0
2026-10-07T19:00Z,Triton Knoll,triton,705,0
2026-10-07T19:00Z,Viking Link,viking,10,0
2026-10-07T19:00Z,Walney 1 & 2,walney,310,0
2026-10-07T19:00Z,Walney Extension,walneyx,590,0
2026-10-07T19:00Z,West Burton B,westburton,885,0
2026-10-07T19:00Z,Whitelee,whitelee,60,0
2026-10-07T19:00Z,connahsquay,connahsquay,0,0
2026-10-07T20:00Z,Beatrice,beatrice,175,0
2026-10-07T20:00Z,Burbo Bank Extension,burbo,215,0
2026-10-07T20:00Z,Carrington,carrington,60,0
2026-10-07T20:00Z,Clyde,clyde,180,0
2026-10-07T20:00Z,Cruachan,cruachan,0,0
2026-10-07T20:00Z,Didcot B,didcot,0,0
2026-10-07T20:00Z,Dinorwig,dinorwig,0,0
2026-10-07T20:00Z,Dogger Bank A,doggerA,550,0
2026-10-07T20:00Z,Dogger Bank B,doggerB,455,0
2026-10-07T20:00Z,Drax,drax,2570,0
2026-10-07T20:00Z,East Anglia ONE,ea1,595,0
2026-10-07T20:00Z,Ffestiniog,ffestiniog,0,0
2026-10-07T20:00Z,Foyers,foyers,0,0
2026-10-07T20:00Z,Galloper,galloper,305,0
2026-10-07T20:00Z,Grain,grainpp,615,0
2026-10-07T20:00Z,Greater Gabbard,gabbard,495,0
2026-10-07T20:00Z,Gwynt y Môr,gym,485,0
2026-10-07T20:00Z,Hartlepool,hartlepool,580,0
2026-10-07T20:00Z,Heysham 1,heysham1,395,0
2026-10-07T20:00Z,Heysham 2,heysham2,545,0
2026-10-07T20:00Z,Hornsea One,hornsea1,1155,0
2026-10-07T20:00Z,Hornsea Two,hornsea2,1285,0
2026-10-07T20:00Z,Keadby 2,keadby2,805,0
2026-10-07T20:00Z,Moray East,morayeast,265,195
2026-10-07T20:00Z,Moray West,moraywest,315,0
2026-10-07T20:00Z,Neart na Gaoithe,nng,140,0
2026-10-07T20:00Z,Pembroke,pembroke,1375,0
2026-10-07T20:00Z,Pen y Cymoedd,penycymoedd,105,0
2026-10-07T20:00Z,Peterhead,peterhead,0,0
2026-10-07T20:00Z,Race Bank,racebank,520,0
2026-10-07T20:00Z,Rampion,rampion,375,0
2026-10-07T20:00Z,Seagreen,seagreen,445,70
2026-10-07T20:00Z,Sizewell B,sizewellb,1190,0
2026-10-07T20:00Z,Staythorpe,staythorpe,0,0
2026-10-07T20:00Z,Torness,torness,1290,0
2026-10-07T20:00Z,Triton Knoll,triton,720,0
2026-10-07T20:00Z,Viking Link,viking,10,0
2026-10-07T20:00Z,Walney 1 & 2,walney,320,0
2026-10-07T20:00Z,Walney Extension,walneyx,605,0
2026-10-07T20:00Z,West Burton B,westburton,160,0
2026-10-07T20:00Z,Whitelee,whitelee,75,0
2026-10-07T20:00Z,connahsquay,connahsquay,0,0
2026-10-07T21:00Z,Beatrice,beatrice,190,0
2026-10-07T21:00Z,Burbo Bank Extension,burbo,220,0
2026-10-07T21:00Z,Carrington,carrington,0,0
2026-10-07T21:00Z,Clyde,clyde,170,0
2026-10-07T21:00Z,Cruachan,cruachan,0,0
2026-10-07T21:00Z,Didcot B,didcot,0,0
2026-10-07T21:00Z,Dinorwig,dinorwig,0,0
2026-10-07T21:00Z,Dogger Bank A,doggerA,555,0
2026-10-07T21:00Z,Dogger Bank B,doggerB,455,0
2026-10-07T21:00Z,Drax,drax,2580,0
2026-10-07T21:00Z,East Anglia ONE,ea1,665,0
2026-10-07T21:00Z,Ffestiniog,ffestiniog,0,0
2026-10-07T21:00Z,Foyers,foyers,0,0
2026-10-07T21:00Z,Galloper,galloper,305,0
2026-10-07T21:00Z,Grain,grainpp,0,0
2026-10-07T21:00Z,Greater Gabbard,gabbard,495,0
2026-10-07T21:00Z,Gwynt y Môr,gym,485,0
2026-10-07T21:00Z,Hartlepool,hartlepool,580,0
2026-10-07T21:00Z,Heysham 1,heysham1,395,0
2026-10-07T21:00Z,Heysham 2,heysham2,545,0
2026-10-07T21:00Z,Hornsea One,hornsea1,1170,0
2026-10-07T21:00Z,Hornsea Two,hornsea2,1290,0
2026-10-07T21:00Z,Keadby 2,keadby2,190,0
2026-10-07T21:00Z,Moray East,morayeast,405,405
2026-10-07T21:00Z,Moray West,moraywest,340,0
2026-10-07T21:00Z,Neart na Gaoithe,nng,185,0
2026-10-07T21:00Z,Pembroke,pembroke,1035,0
2026-10-07T21:00Z,Pen y Cymoedd,penycymoedd,105,0
2026-10-07T21:00Z,Peterhead,peterhead,0,0
2026-10-07T21:00Z,Race Bank,racebank,520,0
2026-10-07T21:00Z,Rampion,rampion,370,0
2026-10-07T21:00Z,Seagreen,seagreen,705,285
2026-10-07T21:00Z,Sizewell B,sizewellb,1190,0
2026-10-07T21:00Z,Staythorpe,staythorpe,0,0
2026-10-07T21:00Z,Torness,torness,1290,0
2026-10-07T21:00Z,Triton Knoll,triton,715,0
2026-10-07T21:00Z,Viking Link,viking,15,0
2026-10-07T21:00Z,Walney 1 & 2,walney,315,0
2026-10-07T21:00Z,Walney Extension,walneyx,600,0
2026-10-07T21:00Z,West Burton B,westburton,0,0
2026-10-07T21:00Z,Whitelee,whitelee,60,0
2026-10-07T21:00Z,connahsquay,connahsquay,0,0
2026-10-07T22:00Z,Beatrice,beatrice,205,0
2026-10-07T22:00Z,Burbo Bank Extension,burbo,220,0
2026-10-07T22:00Z,Carrington,carrington,0,0
2026-10-07T22:00Z,Clyde,clyde,150,0
2026-10-07T22:00Z,Cruachan,cruachan,0,0
2026-10-07T22:00Z,Didcot B,didcot,0,0
2026-10-07T22:00Z,Dinorwig,dinorwig,0,0
2026-10-07T22:00Z,Dogger Bank A,doggerA,575,0
2026-10-07T22:00Z,Dogger Bank B,doggerB,455,0
2026-10-07T22:00Z,Drax,drax,2580,0
2026-10-07T22:00Z,East Anglia ONE,ea1,665,0
2026-10-07T22:00Z,Ffestiniog,ffestiniog,0,0
2026-10-07T22:00Z,Foyers,foyers,0,0
2026-10-07T22:00Z,Galloper,galloper,305,0
2026-10-07T22:00Z,Grain,grainpp,0,0
2026-10-07T22:00Z,Greater Gabbard,gabbard,495,0
2026-10-07T22:00Z,Gwynt y Môr,gym,485,0
2026-10-07T22:00Z,Hartlepool,hartlepool,580,0
2026-10-07T22:00Z,Heysham 1,heysham1,395,0
2026-10-07T22:00Z,Heysham 2,heysham2,545,0
2026-10-07T22:00Z,Hornsea One,hornsea1,1170,0
2026-10-07T22:00Z,Hornsea Two,hornsea2,1295,0
2026-10-07T22:00Z,Keadby 2,keadby2,0,0
2026-10-07T22:00Z,Moray East,morayeast,340,340
2026-10-07T22:00Z,Moray West,moraywest,340,0
2026-10-07T22:00Z,Neart na Gaoithe,nng,205,5
2026-10-07T22:00Z,Pembroke,pembroke,85,0
2026-10-07T22:00Z,Pen y Cymoedd,penycymoedd,115,0
2026-10-07T22:00Z,Peterhead,peterhead,0,0
2026-10-07T22:00Z,Race Bank,racebank,515,0
2026-10-07T22:00Z,Rampion,rampion,370,0
2026-10-07T22:00Z,Seagreen,seagreen,735,335
2026-10-07T22:00Z,Sizewell B,sizewellb,1190,0
2026-10-07T22:00Z,Staythorpe,staythorpe,0,0
2026-10-07T22:00Z,Torness,torness,1290,0
2026-10-07T22:00Z,Triton Knoll,triton,705,0
2026-10-07T22:00Z,Viking Link,viking,25,0
2026-10-07T22:00Z,Walney 1 & 2,walney,315,0
2026-10-07T22:00Z,Walney Extension,walneyx,600,0
2026-10-07T22:00Z,West Burton B,westburton,0,0
2026-10-07T22:00Z,Whitelee,whitelee,60,0
2026-10-07T22:00Z,connahsquay,connahsquay,0,0
